N1_COD;GRUPO ANATÓMICO PRINCIPAL ;N23_COD;GRUPO/SUBGRUPO TERAPÉUTICO;N4_COD;FAMILIA O SUBGRUPO QUÍMICO-TERAPÉUTICO;N5_COD;PRINCIPIO ACTIVO / SUSTANCIA QUÍMICA
A;TRACTO ALIMENTARIO Y METABOLISMO;A01A;PREPARADOS ESTOMATOLÓGICOS;A01AA;AGENTES PARA LA PROFILAXIS DE LAS CARIES;A01AA01;FLUORURO DE SODIO
A;TRACTO ALIMENTARIO Y METABOLISMO;A01A;PREPARADOS ESTOMATOLÓGICOS;A01AA;AGENTES PARA LA PROFILAXIS DE LAS CARIES;A01AA02;MONOFLUORFOSFATO DE SODIO
A;TRACTO ALIMENTARIO Y METABOLISMO;A01A;PREPARADOS ESTOMATOLÓGICOS;A01AA;AGENTES PARA LA PROFILAXIS DE LAS CARIES;A01AA03;OLAFLUR
A;TRACTO ALIMENTARIO Y METABOLISMO;A01A;PREPARADOS ESTOMATOLÓGICOS;A01AA;AGENTES PARA LA PROFILAXIS DE LAS CARIES;A01AA04;FLUORURO DE ESTAÑO
A;TRACTO ALIMENTARIO Y METABOLISMO;A01A;PREPARADOS ESTOMATOLÓGICOS;A01AA;AGENTES PARA LA PROFILAXIS DE LAS CARIES;A01AA30;COMBINACIONES
A;TRACTO ALIMENTARIO Y METABOLISMO;A01A;PREPARADOS ESTOMATOLÓGICOS;A01AA;AGENTES PARA LA PROFILAXIS DE LAS CARIES;A01AA51;FLUORURO DE SODIO, COMBINACIONES
A;TRACTO ALIMENTARIO Y METABOLISMO;A01A;PREPARADOS ESTOMATOLÓGICOS;A01AB;ANTIINFECCIOSOS Y ANTISÉPTICOS PARA EL TRATAMIENTO ORAL LOCAL;A01AB02;PERÓXIDO DE HIDRÓGENO
A;TRACTO ALIMENTARIO Y METABOLISMO;A01A;PREPARADOS ESTOMATOLÓGICOS;A01AB;ANTIINFECCIOSOS Y ANTISÉPTICOS PARA EL TRATAMIENTO ORAL LOCAL;A01AB03;CLORHEXIDINA
A;TRACTO ALIMENTARIO Y METABOLISMO;A01A;PREPARADOS ESTOMATOLÓGICOS;A01AB;ANTIINFECCIOSOS Y ANTISÉPTICOS PARA EL TRATAMIENTO ORAL LOCAL;A01AB04;AMFOTERICINA B
A;TRACTO ALIMENTARIO Y METABOLISMO;A01A;PREPARADOS ESTOMATOLÓGICOS;A01AB;ANTIINFECCIOSOS Y ANTISÉPTICOS PARA EL TRATAMIENTO ORAL LOCAL;A01AB05;POLINOXILINA
A;TRACTO ALIMENTARIO Y METABOLISMO;A01A;PREPARADOS ESTOMATOLÓGICOS;A01AB;ANTIINFECCIOSOS Y ANTISÉPTICOS PARA EL TRATAMIENTO ORAL LOCAL;A01AB06;DOMIFENO
A;TRACTO ALIMENTARIO Y METABOLISMO;A01A;PREPARADOS ESTOMATOLÓGICOS;A01AB;ANTIINFECCIOSOS Y ANTISÉPTICOS PARA EL TRATAMIENTO ORAL LOCAL;A01AB07;OXIQUINOLINA
A;TRACTO ALIMENTARIO Y METABOLISMO;A01A;PREPARADOS ESTOMATOLÓGICOS;A01AB;ANTIINFECCIOSOS Y ANTISÉPTICOS PARA EL TRATAMIENTO ORAL LOCAL;A01AB08;NEOMICINA
A;TRACTO ALIMENTARIO Y METABOLISMO;A01A;PREPARADOS ESTOMATOLÓGICOS;A01AB;ANTIINFECCIOSOS Y ANTISÉPTICOS PARA EL TRATAMIENTO ORAL LOCAL;A01AB09;MICONAZOL
A;TRACTO ALIMENTARIO Y METABOLISMO;A01A;PREPARADOS ESTOMATOLÓGICOS;A01AB;ANTIINFECCIOSOS Y ANTISÉPTICOS PARA EL TRATAMIENTO ORAL LOCAL;A01AB10;NATAMICINA
A;TRACTO ALIMENTARIO Y METABOLISMO;A01A;PREPARADOS ESTOMATOLÓGICOS;A01AB;ANTIINFECCIOSOS Y ANTISÉPTICOS PARA EL TRATAMIENTO ORAL LOCAL;A01AB11;VARIOS
A;TRACTO ALIMENTARIO Y METABOLISMO;A01A;PREPARADOS ESTOMATOLÓGICOS;A01AB;ANTIINFECCIOSOS Y ANTISÉPTICOS PARA EL TRATAMIENTO ORAL LOCAL;A01AB12;HEXETIDINA
A;TRACTO ALIMENTARIO Y METABOLISMO;A01A;PREPARADOS ESTOMATOLÓGICOS;A01AB;ANTIINFECCIOSOS Y ANTISÉPTICOS PARA EL TRATAMIENTO ORAL LOCAL;A01AB13;TETRACICLINA
A;TRACTO ALIMENTARIO Y METABOLISMO;A01A;PREPARADOS ESTOMATOLÓGICOS;A01AB;ANTIINFECCIOSOS Y ANTISÉPTICOS PARA EL TRATAMIENTO ORAL LOCAL;A01AB14;CLORURO DE BENZOXONIO
A;TRACTO ALIMENTARIO Y METABOLISMO;A01A;PREPARADOS ESTOMATOLÓGICOS;A01AB;ANTIINFECCIOSOS Y ANTISÉPTICOS PARA EL TRATAMIENTO ORAL LOCAL;A01AB15;TIBEZONIO, IODURO DE
A;TRACTO ALIMENTARIO Y METABOLISMO;A01A;PREPARADOS ESTOMATOLÓGICOS;A01AB;ANTIINFECCIOSOS Y ANTISÉPTICOS PARA EL TRATAMIENTO ORAL LOCAL;A01AB16;MEPARTRICINA
A;TRACTO ALIMENTARIO Y METABOLISMO;A01A;PREPARADOS ESTOMATOLÓGICOS;A01AB;ANTIINFECCIOSOS Y ANTISÉPTICOS PARA EL TRATAMIENTO ORAL LOCAL;A01AB17;METRONIDAZOL
A;TRACTO ALIMENTARIO Y METABOLISMO;A01A;PREPARADOS ESTOMATOLÓGICOS;A01AB;ANTIINFECCIOSOS Y ANTISÉPTICOS PARA EL TRATAMIENTO ORAL LOCAL;A01AB18;CLOTRIMAZOL
A;TRACTO ALIMENTARIO Y METABOLISMO;A01A;PREPARADOS ESTOMATOLÓGICOS;A01AB;ANTIINFECCIOSOS Y ANTISÉPTICOS PARA EL TRATAMIENTO ORAL LOCAL;A01AB19;PERBORATO DE SODIO
A;TRACTO ALIMENTARIO Y METABOLISMO;A01A;PREPARADOS ESTOMATOLÓGICOS;A01AB;ANTIINFECCIOSOS Y ANTISÉPTICOS PARA EL TRATAMIENTO ORAL LOCAL;A01AB21;CLORTETRACICLINA
A;TRACTO ALIMENTARIO Y METABOLISMO;A01A;PREPARADOS ESTOMATOLÓGICOS;A01AB;ANTIINFECCIOSOS Y ANTISÉPTICOS PARA EL TRATAMIENTO ORAL LOCAL;A01AB22;DOXICICLINA
A;TRACTO ALIMENTARIO Y METABOLISMO;A01A;PREPARADOS ESTOMATOLÓGICOS;A01AB;ANTIINFECCIOSOS Y ANTISÉPTICOS PARA EL TRATAMIENTO ORAL LOCAL;A01AB23;MINOCICLINA
A;TRACTO ALIMENTARIO Y METABOLISMO;A01A;PREPARADOS ESTOMATOLÓGICOS;A01AC;CORTICOSTEROIDES PARA TRATAMIENTO ORAL LOCAL;A01AC01;TRIAMCINOLONA
A;TRACTO ALIMENTARIO Y METABOLISMO;A01A;PREPARADOS ESTOMATOLÓGICOS;A01AC;CORTICOSTEROIDES PARA TRATAMIENTO ORAL LOCAL;A01AC02;DEXAMETASONA
A;TRACTO ALIMENTARIO Y METABOLISMO;A01A;PREPARADOS ESTOMATOLÓGICOS;A01AC;CORTICOSTEROIDES PARA TRATAMIENTO ORAL LOCAL;A01AC03;HIDROCORTISONA
A;TRACTO ALIMENTARIO Y METABOLISMO;A01A;PREPARADOS ESTOMATOLÓGICOS;A01AC;CORTICOSTEROIDES PARA TRATAMIENTO ORAL LOCAL;A01AC54;PREDNISOLONA, COMBINACIONES
A;TRACTO ALIMENTARIO Y METABOLISMO;A01A;PREPARADOS ESTOMATOLÓGICOS;A01AD;OTROS AGENTES PARA TRATAMIENTO ORAL LOCAL;A01AD01;EPINEFRINA
A;TRACTO ALIMENTARIO Y METABOLISMO;A01A;PREPARADOS ESTOMATOLÓGICOS;A01AD;OTROS AGENTES PARA TRATAMIENTO ORAL LOCAL;A01AD02;BENCIDAMINA
A;TRACTO ALIMENTARIO Y METABOLISMO;A01A;PREPARADOS ESTOMATOLÓGICOS;A01AD;OTROS AGENTES PARA TRATAMIENTO ORAL LOCAL;A01AD05;ÁCIDO ACETILSALICÍLICO
A;TRACTO ALIMENTARIO Y METABOLISMO;A01A;PREPARADOS ESTOMATOLÓGICOS;A01AD;OTROS AGENTES PARA TRATAMIENTO ORAL LOCAL;A01AD06;ADRENALONA
A;TRACTO ALIMENTARIO Y METABOLISMO;A01A;PREPARADOS ESTOMATOLÓGICOS;A01AD;OTROS AGENTES PARA TRATAMIENTO ORAL LOCAL;A01AD07;AMLEXANOXO
A;TRACTO ALIMENTARIO Y METABOLISMO;A01A;PREPARADOS ESTOMATOLÓGICOS;A01AD;OTROS AGENTES PARA TRATAMIENTO ORAL LOCAL;A01AD08;BECAPLERMINA
A;TRACTO ALIMENTARIO Y METABOLISMO;A01A;PREPARADOS ESTOMATOLÓGICOS;A01AD;OTROS AGENTES PARA TRATAMIENTO ORAL LOCAL;A01AD11;VARIOS
A;TRACTO ALIMENTARIO Y METABOLISMO;A02A;ANTIÁCIDOS;A02AA;COMPUESTOS DE MAGNESIO;A02AA01;CARBONATO DE MAGNESIO
A;TRACTO ALIMENTARIO Y METABOLISMO;A02A;ANTIÁCIDOS;A02AA;COMPUESTOS DE MAGNESIO;A02AA02;ÓXIDO DE MAGNESIO
A;TRACTO ALIMENTARIO Y METABOLISMO;A02A;ANTIÁCIDOS;A02AA;COMPUESTOS DE MAGNESIO;A02AA03;PERÓXIDO DE MAGNESIO
A;TRACTO ALIMENTARIO Y METABOLISMO;A02A;ANTIÁCIDOS;A02AA;COMPUESTOS DE MAGNESIO;A02AA04;HIDRÓXIDO DE MAGNESIO
A;TRACTO ALIMENTARIO Y METABOLISMO;A02A;ANTIÁCIDOS;A02AA;COMPUESTOS DE MAGNESIO;A02AA05;SILICATO DE MAGNESIO
A;TRACTO ALIMENTARIO Y METABOLISMO;A02A;ANTIÁCIDOS;A02AA;COMPUESTOS DE MAGNESIO;A02AA10;COMBINACIONES
A;TRACTO ALIMENTARIO Y METABOLISMO;A02A;ANTIÁCIDOS;A02AB;COMPUESTOS DE ALUMINIO;A02AB01;HIDRÓXIDO DE ALUMINIO
A;TRACTO ALIMENTARIO Y METABOLISMO;A02A;ANTIÁCIDOS;A02AB;COMPUESTOS DE ALUMINIO;A02AB02;ALGELDRATO
A;TRACTO ALIMENTARIO Y METABOLISMO;A02A;ANTIÁCIDOS;A02AB;COMPUESTOS DE ALUMINIO;A02AB03;FOSFATO DE ALUMINIO
A;TRACTO ALIMENTARIO Y METABOLISMO;A02A;ANTIÁCIDOS;A02AB;COMPUESTOS DE ALUMINIO;A02AB04;CARBONATO SÓDICO DE DIHIDROXIALUMINIO
A;TRACTO ALIMENTARIO Y METABOLISMO;A02A;ANTIÁCIDOS;A02AB;COMPUESTOS DE ALUMINIO;A02AB05;ACETOACETATO DE ALUMINIO
A;TRACTO ALIMENTARIO Y METABOLISMO;A02A;ANTIÁCIDOS;A02AB;COMPUESTOS DE ALUMINIO;A02AB06;ALOGLUTAMOL
A;TRACTO ALIMENTARIO Y METABOLISMO;A02A;ANTIÁCIDOS;A02AB;COMPUESTOS DE ALUMINIO;A02AB07;GLICINATO DE ALUMINIO
A;TRACTO ALIMENTARIO Y METABOLISMO;A02A;ANTIÁCIDOS;A02AB;COMPUESTOS DE ALUMINIO;A02AB10;COMBINACIONES
A;TRACTO ALIMENTARIO Y METABOLISMO;A02A;ANTIÁCIDOS;A02AC;COMPUESTOS DE CALCIO;A02AC01;CARBONATO DE CALCIO
A;TRACTO ALIMENTARIO Y METABOLISMO;A02A;ANTIÁCIDOS;A02AC;COMPUESTOS DE CALCIO;A02AC02;SILICATO DE CALCIO
A;TRACTO ALIMENTARIO Y METABOLISMO;A02A;ANTIÁCIDOS;A02AC;COMPUESTOS DE CALCIO;A02AC10;COMBINACIONES
A;TRACTO ALIMENTARIO Y METABOLISMO;A02A;ANTIÁCIDOS;A02AD;COMBINACIONES Y COMPLEJOS DE COMPUESTO DE ALUMINIO, CALCIO Y MAGNESIO;A02AD01;COMBINACIONES DE SALES SIMPLES
A;TRACTO ALIMENTARIO Y METABOLISMO;A02A;ANTIÁCIDOS;A02AD;COMBINACIONES Y COMPLEJOS DE COMPUESTO DE ALUMINIO, CALCIO Y MAGNESIO;A02AD02;MAGALDRATO
A;TRACTO ALIMENTARIO Y METABOLISMO;A02A;ANTIÁCIDOS;A02AD;COMBINACIONES Y COMPLEJOS DE COMPUESTO DE ALUMINIO, CALCIO Y MAGNESIO;A02AD03;ALMAGATO
A;TRACTO ALIMENTARIO Y METABOLISMO;A02A;ANTIÁCIDOS;A02AD;COMBINACIONES Y COMPLEJOS DE COMPUESTO DE ALUMINIO, CALCIO Y MAGNESIO;A02AD04;HIDROTALCITA
A;TRACTO ALIMENTARIO Y METABOLISMO;A02A;ANTIÁCIDOS;A02AD;COMBINACIONES Y COMPLEJOS DE COMPUESTO DE ALUMINIO, CALCIO Y MAGNESIO;A02AD05;ALMASILATO
A;TRACTO ALIMENTARIO Y METABOLISMO;A02A;ANTIÁCIDOS;A02AF;ANTIÁCIDOS CON CARMINATIVOS;A02AF01;MAGALDRATO Y CARMINATIVOS
A;TRACTO ALIMENTARIO Y METABOLISMO;A02A;ANTIÁCIDOS;A02AF;ANTIÁCIDOS CON CARMINATIVOS;A02AF02;COMBINACIONES DE SALES SIMPLES Y CARMINATIVOS
A;TRACTO ALIMENTARIO Y METABOLISMO;A02B;AGENTES CONTRA LA ÚLCERA PÉPTICA Y EL REFLUJO GASTROESOFÁGICO (RGE/GORD);A02BA;ANTAGONISTAS DEL RECEPTOR H2;A02BA01;CIMETIDINA
A;TRACTO ALIMENTARIO Y METABOLISMO;A02B;AGENTES CONTRA LA ÚLCERA PÉPTICA Y EL REFLUJO GASTROESOFÁGICO (RGE/GORD);A02BA;ANTAGONISTAS DEL RECEPTOR H2;A02BA02;RANITIDINA
A;TRACTO ALIMENTARIO Y METABOLISMO;A02B;AGENTES CONTRA LA ÚLCERA PÉPTICA Y EL REFLUJO GASTROESOFÁGICO (RGE/GORD);A02BA;ANTAGONISTAS DEL RECEPTOR H2;A02BA03;FAMOTIDINA
A;TRACTO ALIMENTARIO Y METABOLISMO;A02B;AGENTES CONTRA LA ÚLCERA PÉPTICA Y EL REFLUJO GASTROESOFÁGICO (RGE/GORD);A02BA;ANTAGONISTAS DEL RECEPTOR H2;A02BA04;NIZATIDINA
A;TRACTO ALIMENTARIO Y METABOLISMO;A02B;AGENTES CONTRA LA ÚLCERA PÉPTICA Y EL REFLUJO GASTROESOFÁGICO (RGE/GORD);A02BA;ANTAGONISTAS DEL RECEPTOR H2;A02BA05;NIPEROTIDINA
A;TRACTO ALIMENTARIO Y METABOLISMO;A02B;AGENTES CONTRA LA ÚLCERA PÉPTICA Y EL REFLUJO GASTROESOFÁGICO (RGE/GORD);A02BA;ANTAGONISTAS DEL RECEPTOR H2;A02BA06;ROXATIDINA
A;TRACTO ALIMENTARIO Y METABOLISMO;A02B;AGENTES CONTRA LA ÚLCERA PÉPTICA Y EL REFLUJO GASTROESOFÁGICO (RGE/GORD);A02BA;ANTAGONISTAS DEL RECEPTOR H2;A02BA07;RANITIDINA Y CITRATO DE BISMUTO
A;TRACTO ALIMENTARIO Y METABOLISMO;A02B;AGENTES CONTRA LA ÚLCERA PÉPTICA Y EL REFLUJO GASTROESOFÁGICO (RGE/GORD);A02BA;ANTAGONISTAS DEL RECEPTOR H2;A02BA08;LAFUTIDINA
A;TRACTO ALIMENTARIO Y METABOLISMO;A02B;AGENTES CONTRA LA ÚLCERA PÉPTICA Y EL REFLUJO GASTROESOFÁGICO (RGE/GORD);A02BA;ANTAGONISTAS DEL RECEPTOR H2;A02BA51;CIMETIDINA, COMBINACIONES
A;TRACTO ALIMENTARIO Y METABOLISMO;A02B;AGENTES CONTRA LA ÚLCERA PÉPTICA Y EL REFLUJO GASTROESOFÁGICO (RGE/GORD);A02BA;ANTAGONISTAS DEL RECEPTOR H2;A02BA53;FAMOTIDINA, COMBINACIONES
A;TRACTO ALIMENTARIO Y METABOLISMO;A02B;AGENTES CONTRA LA ÚLCERA PÉPTICA Y EL REFLUJO GASTROESOFÁGICO (RGE/GORD);A02BB;PROSTAGLANDINAS;A02BB01;MISOPROSTOL
A;TRACTO ALIMENTARIO Y METABOLISMO;A02B;AGENTES CONTRA LA ÚLCERA PÉPTICA Y EL REFLUJO GASTROESOFÁGICO (RGE/GORD);A02BB;PROSTAGLANDINAS;A02BB02;ENPROSTILO
A;TRACTO ALIMENTARIO Y METABOLISMO;A02B;AGENTES CONTRA LA ÚLCERA PÉPTICA Y EL REFLUJO GASTROESOFÁGICO (RGE/GORD);A02BC;INHIBIDORES DE LA BOMBA DE PROTONES;A02BC01;OMEPRAZOL
A;TRACTO ALIMENTARIO Y METABOLISMO;A02B;AGENTES CONTRA LA ÚLCERA PÉPTICA Y EL REFLUJO GASTROESOFÁGICO (RGE/GORD);A02BC;INHIBIDORES DE LA BOMBA DE PROTONES;A02BC02;PANTOPRAZOL
A;TRACTO ALIMENTARIO Y METABOLISMO;A02B;AGENTES CONTRA LA ÚLCERA PÉPTICA Y EL REFLUJO GASTROESOFÁGICO (RGE/GORD);A02BC;INHIBIDORES DE LA BOMBA DE PROTONES;A02BC03;LANSOPRAZOL
A;TRACTO ALIMENTARIO Y METABOLISMO;A02B;AGENTES CONTRA LA ÚLCERA PÉPTICA Y EL REFLUJO GASTROESOFÁGICO (RGE/GORD);A02BC;INHIBIDORES DE LA BOMBA DE PROTONES;A02BC04;RABEPRAZOL
A;TRACTO ALIMENTARIO Y METABOLISMO;A02B;AGENTES CONTRA LA ÚLCERA PÉPTICA Y EL REFLUJO GASTROESOFÁGICO (RGE/GORD);A02BC;INHIBIDORES DE LA BOMBA DE PROTONES;A02BC05;ESOMEPRAZOL
A;TRACTO ALIMENTARIO Y METABOLISMO;A02B;AGENTES CONTRA LA ÚLCERA PÉPTICA Y EL REFLUJO GASTROESOFÁGICO (RGE/GORD);A02BC;INHIBIDORES DE LA BOMBA DE PROTONES;A02BC06;DEXLANSOPRAZOL
A;TRACTO ALIMENTARIO Y METABOLISMO;A02B;AGENTES CONTRA LA ÚLCERA PÉPTICA Y EL REFLUJO GASTROESOFÁGICO (RGE/GORD);A02BD;COMBINACIONES PARA LA ERRADICACIÓN DEL HELICOBACTER PYLORI;A02BD01;OMEPRAZOL, AMOXICILINA Y METRONIDAZOL
A;TRACTO ALIMENTARIO Y METABOLISMO;A02B;AGENTES CONTRA LA ÚLCERA PÉPTICA Y EL REFLUJO GASTROESOFÁGICO (RGE/GORD);A02BD;COMBINACIONES PARA LA ERRADICACIÓN DEL HELICOBACTER PYLORI;A02BD02;LANSOPRAZOL, TETRACICLINAS Y METRONIDAZOL
A;TRACTO ALIMENTARIO Y METABOLISMO;A02B;AGENTES CONTRA LA ÚLCERA PÉPTICA Y EL REFLUJO GASTROESOFÁGICO (RGE/GORD);A02BD;COMBINACIONES PARA LA ERRADICACIÓN DEL HELICOBACTER PYLORI;A02BD03;LANSOPRAZOL, AMOXICILINA Y METRONIDAZOL
A;TRACTO ALIMENTARIO Y METABOLISMO;A02B;AGENTES CONTRA LA ÚLCERA PÉPTICA Y EL REFLUJO GASTROESOFÁGICO (RGE/GORD);A02BD;COMBINACIONES PARA LA ERRADICACIÓN DEL HELICOBACTER PYLORI;A02BD04;PANTOPRAZOL, AMOXICILINA Y CLARITROMICINA
A;TRACTO ALIMENTARIO Y METABOLISMO;A02B;AGENTES CONTRA LA ÚLCERA PÉPTICA Y EL REFLUJO GASTROESOFÁGICO (RGE/GORD);A02BD;COMBINACIONES PARA LA ERRADICACIÓN DEL HELICOBACTER PYLORI;A02BD05;OMEPRAZOL, AMOXICILINA Y CLARITROMICINA
A;TRACTO ALIMENTARIO Y METABOLISMO;A02B;AGENTES CONTRA LA ÚLCERA PÉPTICA Y EL REFLUJO GASTROESOFÁGICO (RGE/GORD);A02BD;COMBINACIONES PARA LA ERRADICACIÓN DEL HELICOBACTER PYLORI;A02BD06;ESOMEPRAZOL, AMOXICILINA Y CLARITROMICINA
A;TRACTO ALIMENTARIO Y METABOLISMO;A02B;AGENTES CONTRA LA ÚLCERA PÉPTICA Y EL REFLUJO GASTROESOFÁGICO (RGE/GORD);A02BD;COMBINACIONES PARA LA ERRADICACIÓN DEL HELICOBACTER PYLORI;A02BD07;LANSOPRAZOL, AMOXICILINA Y CLARITROMICINA
A;TRACTO ALIMENTARIO Y METABOLISMO;A02B;AGENTES CONTRA LA ÚLCERA PÉPTICA Y EL REFLUJO GASTROESOFÁGICO (RGE/GORD);A02BD;COMBINACIONES PARA LA ERRADICACIÓN DEL HELICOBACTER PYLORI;A02BD08;SUBCITRATO DE BISMUTO, TETRACICLINA Y METRONIDAZOL
A;TRACTO ALIMENTARIO Y METABOLISMO;A02B;AGENTES CONTRA LA ÚLCERA PÉPTICA Y EL REFLUJO GASTROESOFÁGICO (RGE/GORD);A02BX;OTROS AGENTES CONTRA LA ÚLCERA PÉPTICA Y EL REFLUJO GASTROESOFÁGICO (RGE/GORD);A02BX01;CARBENOXOLONA
A;TRACTO ALIMENTARIO Y METABOLISMO;A02B;AGENTES CONTRA LA ÚLCERA PÉPTICA Y EL REFLUJO GASTROESOFÁGICO (RGE/GORD);A02BX;OTROS AGENTES CONTRA LA ÚLCERA PÉPTICA Y EL REFLUJO GASTROESOFÁGICO (RGE/GORD);A02BX02;SUCRALFATO
A;TRACTO ALIMENTARIO Y METABOLISMO;A02B;AGENTES CONTRA LA ÚLCERA PÉPTICA Y EL REFLUJO GASTROESOFÁGICO (RGE/GORD);A02BX;OTROS AGENTES CONTRA LA ÚLCERA PÉPTICA Y EL REFLUJO GASTROESOFÁGICO (RGE/GORD);A02BX03;PIRENZEPINA
A;TRACTO ALIMENTARIO Y METABOLISMO;A02B;AGENTES CONTRA LA ÚLCERA PÉPTICA Y EL REFLUJO GASTROESOFÁGICO (RGE/GORD);A02BX;OTROS AGENTES CONTRA LA ÚLCERA PÉPTICA Y EL REFLUJO GASTROESOFÁGICO (RGE/GORD);A02BX04;CLORURO DE METIOSULFONIO
A;TRACTO ALIMENTARIO Y METABOLISMO;A02B;AGENTES CONTRA LA ÚLCERA PÉPTICA Y EL REFLUJO GASTROESOFÁGICO (RGE/GORD);A02BX;OTROS AGENTES CONTRA LA ÚLCERA PÉPTICA Y EL REFLUJO GASTROESOFÁGICO (RGE/GORD);A02BX05;SUBCITRATO DE BISMUTO
A;TRACTO ALIMENTARIO Y METABOLISMO;A02B;AGENTES CONTRA LA ÚLCERA PÉPTICA Y EL REFLUJO GASTROESOFÁGICO (RGE/GORD);A02BX;OTROS AGENTES CONTRA LA ÚLCERA PÉPTICA Y EL REFLUJO GASTROESOFÁGICO (RGE/GORD);A02BX06;PROGLUMIDA
A;TRACTO ALIMENTARIO Y METABOLISMO;A02B;AGENTES CONTRA LA ÚLCERA PÉPTICA Y EL REFLUJO GASTROESOFÁGICO (RGE/GORD);A02BX;OTROS AGENTES CONTRA LA ÚLCERA PÉPTICA Y EL REFLUJO GASTROESOFÁGICO (RGE/GORD);A02BX07;GEFARNATO
A;TRACTO ALIMENTARIO Y METABOLISMO;A02B;AGENTES CONTRA LA ÚLCERA PÉPTICA Y EL REFLUJO GASTROESOFÁGICO (RGE/GORD);A02BX;OTROS AGENTES CONTRA LA ÚLCERA PÉPTICA Y EL REFLUJO GASTROESOFÁGICO (RGE/GORD);A02BX08;SULGLICOTIDA
A;TRACTO ALIMENTARIO Y METABOLISMO;A02B;AGENTES CONTRA LA ÚLCERA PÉPTICA Y EL REFLUJO GASTROESOFÁGICO (RGE/GORD);A02BX;OTROS AGENTES CONTRA LA ÚLCERA PÉPTICA Y EL REFLUJO GASTROESOFÁGICO (RGE/GORD);A02BX09;ACETOXOLONA
A;TRACTO ALIMENTARIO Y METABOLISMO;A02B;AGENTES CONTRA LA ÚLCERA PÉPTICA Y EL REFLUJO GASTROESOFÁGICO (RGE/GORD);A02BX;OTROS AGENTES CONTRA LA ÚLCERA PÉPTICA Y EL REFLUJO GASTROESOFÁGICO (RGE/GORD);A02BX10;ZOLIMIDINA
A;TRACTO ALIMENTARIO Y METABOLISMO;A02B;AGENTES CONTRA LA ÚLCERA PÉPTICA Y EL REFLUJO GASTROESOFÁGICO (RGE/GORD);A02BX;OTROS AGENTES CONTRA LA ÚLCERA PÉPTICA Y EL REFLUJO GASTROESOFÁGICO (RGE/GORD);A02BX11;TROXIPIDA
A;TRACTO ALIMENTARIO Y METABOLISMO;A02B;AGENTES CONTRA LA ÚLCERA PÉPTICA Y EL REFLUJO GASTROESOFÁGICO (RGE/GORD);A02BX;OTROS AGENTES CONTRA LA ÚLCERA PÉPTICA Y EL REFLUJO GASTROESOFÁGICO (RGE/GORD);A02BX12;SUBNITRATO DE BISMUTO
A;TRACTO ALIMENTARIO Y METABOLISMO;A02B;AGENTES CONTRA LA ÚLCERA PÉPTICA Y EL REFLUJO GASTROESOFÁGICO (RGE/GORD);A02BX;OTROS AGENTES CONTRA LA ÚLCERA PÉPTICA Y EL REFLUJO GASTROESOFÁGICO (RGE/GORD);A02BX13;ÁCIDO ALGÍNICO
A;TRACTO ALIMENTARIO Y METABOLISMO;A02B;AGENTES CONTRA LA ÚLCERA PÉPTICA Y EL REFLUJO GASTROESOFÁGICO (RGE/GORD);A02BX;OTROS AGENTES CONTRA LA ÚLCERA PÉPTICA Y EL REFLUJO GASTROESOFÁGICO (RGE/GORD);A02BX51;CARBENOXOLONA, COMBINACIONES EXCLUIDOS PSICOLÉPTICOS
A;TRACTO ALIMENTARIO Y METABOLISMO;A02B;AGENTES CONTRA LA ÚLCERA PÉPTICA Y EL REFLUJO GASTROESOFÁGICO (RGE/GORD);A02BX;OTROS AGENTES CONTRA LA ÚLCERA PÉPTICA Y EL REFLUJO GASTROESOFÁGICO (RGE/GORD);A02BX71;CARBENOXOLONA, COMBINACIONES CON PSICOLÉPTICOS
A;TRACTO ALIMENTARIO Y METABOLISMO;A02B;AGENTES CONTRA LA ÚLCERA PÉPTICA Y EL REFLUJO GASTROESOFÁGICO (RGE/GORD);A02BX;OTROS AGENTES CONTRA LA ÚLCERA PÉPTICA Y EL REFLUJO GASTROESOFÁGICO (RGE/GORD);A02BX77;GEFARNATO, COMBINACIONES CON PSICOLÉPTICOS
A;TRACTO ALIMENTARIO Y METABOLISMO;A03A;AGENTES CONTRA PADECIMIENTOS FUNCIONALES GASTROINTESTINALES;A03AA;ANTICOLINÉRGICOS SINTÉTICOS, ÉSTERES CON GRUPO AMINO TERCIARIO;A03AA01;OXIFENCICLIMINA
A;TRACTO ALIMENTARIO Y METABOLISMO;A03A;AGENTES CONTRA PADECIMIENTOS FUNCIONALES GASTROINTESTINALES;A03AA;ANTICOLINÉRGICOS SINTÉTICOS, ÉSTERES CON GRUPO AMINO TERCIARIO;A03AA03;CAMILOFINA
A;TRACTO ALIMENTARIO Y METABOLISMO;A03A;AGENTES CONTRA PADECIMIENTOS FUNCIONALES GASTROINTESTINALES;A03AA;ANTICOLINÉRGICOS SINTÉTICOS, ÉSTERES CON GRUPO AMINO TERCIARIO;A03AA04;MEBEVERINA
A;TRACTO ALIMENTARIO Y METABOLISMO;A03A;AGENTES CONTRA PADECIMIENTOS FUNCIONALES GASTROINTESTINALES;A03AA;ANTICOLINÉRGICOS SINTÉTICOS, ÉSTERES CON GRUPO AMINO TERCIARIO;A03AA05;TRIMEBUTINA
A;TRACTO ALIMENTARIO Y METABOLISMO;A03A;AGENTES CONTRA PADECIMIENTOS FUNCIONALES GASTROINTESTINALES;A03AA;ANTICOLINÉRGICOS SINTÉTICOS, ÉSTERES CON GRUPO AMINO TERCIARIO;A03AA06;ROCIVERINA
A;TRACTO ALIMENTARIO Y METABOLISMO;A03A;AGENTES CONTRA PADECIMIENTOS FUNCIONALES GASTROINTESTINALES;A03AA;ANTICOLINÉRGICOS SINTÉTICOS, ÉSTERES CON GRUPO AMINO TERCIARIO;A03AA07;DICICLOVERINA
A;TRACTO ALIMENTARIO Y METABOLISMO;A03A;AGENTES CONTRA PADECIMIENTOS FUNCIONALES GASTROINTESTINALES;A03AA;ANTICOLINÉRGICOS SINTÉTICOS, ÉSTERES CON GRUPO AMINO TERCIARIO;A03AA08;DIHEXIVERINA
A;TRACTO ALIMENTARIO Y METABOLISMO;A03A;AGENTES CONTRA PADECIMIENTOS FUNCIONALES GASTROINTESTINALES;A03AA;ANTICOLINÉRGICOS SINTÉTICOS, ÉSTERES CON GRUPO AMINO TERCIARIO;A03AA09;DIFEMERINA
A;TRACTO ALIMENTARIO Y METABOLISMO;A03A;AGENTES CONTRA PADECIMIENTOS FUNCIONALES GASTROINTESTINALES;A03AA;ANTICOLINÉRGICOS SINTÉTICOS, ÉSTERES CON GRUPO AMINO TERCIARIO;A03AA30;PIPERIDOLATO
A;TRACTO ALIMENTARIO Y METABOLISMO;A03A;AGENTES CONTRA PADECIMIENTOS FUNCIONALES GASTROINTESTINALES;A03AB;ANTICOLINÉRGICOS SINTÉTICOS, COMPUESTOS DE AMONIO CUATERNARIO;A03AB01;BENCILONA
A;TRACTO ALIMENTARIO Y METABOLISMO;A03A;AGENTES CONTRA PADECIMIENTOS FUNCIONALES GASTROINTESTINALES;A03AB;ANTICOLINÉRGICOS SINTÉTICOS, COMPUESTOS DE AMONIO CUATERNARIO;A03AB02;GLICOPIRRONIO BROMURO DE
A;TRACTO ALIMENTARIO Y METABOLISMO;A03A;AGENTES CONTRA PADECIMIENTOS FUNCIONALES GASTROINTESTINALES;A03AB;ANTICOLINÉRGICOS SINTÉTICOS, COMPUESTOS DE AMONIO CUATERNARIO;A03AB03;OXIFENONIO
A;TRACTO ALIMENTARIO Y METABOLISMO;A03A;AGENTES CONTRA PADECIMIENTOS FUNCIONALES GASTROINTESTINALES;A03AB;ANTICOLINÉRGICOS SINTÉTICOS, COMPUESTOS DE AMONIO CUATERNARIO;A03AB04;PENTIENATO
A;TRACTO ALIMENTARIO Y METABOLISMO;A03A;AGENTES CONTRA PADECIMIENTOS FUNCIONALES GASTROINTESTINALES;A03AB;ANTICOLINÉRGICOS SINTÉTICOS, COMPUESTOS DE AMONIO CUATERNARIO;A03AB05;PROPANTELINA
A;TRACTO ALIMENTARIO Y METABOLISMO;A03A;AGENTES CONTRA PADECIMIENTOS FUNCIONALES GASTROINTESTINALES;A03AB;ANTICOLINÉRGICOS SINTÉTICOS, COMPUESTOS DE AMONIO CUATERNARIO;A03AB06;OTILONIO, BROMURO DE
A;TRACTO ALIMENTARIO Y METABOLISMO;A03A;AGENTES CONTRA PADECIMIENTOS FUNCIONALES GASTROINTESTINALES;A03AB;ANTICOLINÉRGICOS SINTÉTICOS, COMPUESTOS DE AMONIO CUATERNARIO;A03AB07;METANTELINIO
A;TRACTO ALIMENTARIO Y METABOLISMO;A03A;AGENTES CONTRA PADECIMIENTOS FUNCIONALES GASTROINTESTINALES;A03AB;ANTICOLINÉRGICOS SINTÉTICOS, COMPUESTOS DE AMONIO CUATERNARIO;A03AB08;TRIDIHEXETILO
A;TRACTO ALIMENTARIO Y METABOLISMO;A03A;AGENTES CONTRA PADECIMIENTOS FUNCIONALES GASTROINTESTINALES;A03AB;ANTICOLINÉRGICOS SINTÉTICOS, COMPUESTOS DE AMONIO CUATERNARIO;A03AB09;ISOPROPAMIDA
A;TRACTO ALIMENTARIO Y METABOLISMO;A03A;AGENTES CONTRA PADECIMIENTOS FUNCIONALES GASTROINTESTINALES;A03AB;ANTICOLINÉRGICOS SINTÉTICOS, COMPUESTOS DE AMONIO CUATERNARIO;A03AB10;HEXOCICLO
A;TRACTO ALIMENTARIO Y METABOLISMO;A03A;AGENTES CONTRA PADECIMIENTOS FUNCIONALES GASTROINTESTINALES;A03AB;ANTICOLINÉRGICOS SINTÉTICOS, COMPUESTOS DE AMONIO CUATERNARIO;A03AB11;POLDINA
A;TRACTO ALIMENTARIO Y METABOLISMO;A03A;AGENTES CONTRA PADECIMIENTOS FUNCIONALES GASTROINTESTINALES;A03AB;ANTICOLINÉRGICOS SINTÉTICOS, COMPUESTOS DE AMONIO CUATERNARIO;A03AB12;MEPENZOLATO
A;TRACTO ALIMENTARIO Y METABOLISMO;A03A;AGENTES CONTRA PADECIMIENTOS FUNCIONALES GASTROINTESTINALES;A03AB;ANTICOLINÉRGICOS SINTÉTICOS, COMPUESTOS DE AMONIO CUATERNARIO;A03AB13;BEVONIO
A;TRACTO ALIMENTARIO Y METABOLISMO;A03A;AGENTES CONTRA PADECIMIENTOS FUNCIONALES GASTROINTESTINALES;A03AB;ANTICOLINÉRGICOS SINTÉTICOS, COMPUESTOS DE AMONIO CUATERNARIO;A03AB14;PIPENZOLATO
A;TRACTO ALIMENTARIO Y METABOLISMO;A03A;AGENTES CONTRA PADECIMIENTOS FUNCIONALES GASTROINTESTINALES;A03AB;ANTICOLINÉRGICOS SINTÉTICOS, COMPUESTOS DE AMONIO CUATERNARIO;A03AB15;DIFEMANILO
A;TRACTO ALIMENTARIO Y METABOLISMO;A03A;AGENTES CONTRA PADECIMIENTOS FUNCIONALES GASTROINTESTINALES;A03AB;ANTICOLINÉRGICOS SINTÉTICOS, COMPUESTOS DE AMONIO CUATERNARIO;A03AB16;(2-BENZHIDROXILOXIETIL)DIETIL-METILAMONIO, IODURO DE
A;TRACTO ALIMENTARIO Y METABOLISMO;A03A;AGENTES CONTRA PADECIMIENTOS FUNCIONALES GASTROINTESTINALES;A03AB;ANTICOLINÉRGICOS SINTÉTICOS, COMPUESTOS DE AMONIO CUATERNARIO;A03AB17;TIEMONIO, IODURO DE
A;TRACTO ALIMENTARIO Y METABOLISMO;A03A;AGENTES CONTRA PADECIMIENTOS FUNCIONALES GASTROINTESTINALES;A03AB;ANTICOLINÉRGICOS SINTÉTICOS, COMPUESTOS DE AMONIO CUATERNARIO;A03AB18;PRIFINIO, BROMURO DE
A;TRACTO ALIMENTARIO Y METABOLISMO;A03A;AGENTES CONTRA PADECIMIENTOS FUNCIONALES GASTROINTESTINALES;A03AB;ANTICOLINÉRGICOS SINTÉTICOS, COMPUESTOS DE AMONIO CUATERNARIO;A03AB19;TIMEPIDIO, BROMURO DE
A;TRACTO ALIMENTARIO Y METABOLISMO;A03A;AGENTES CONTRA PADECIMIENTOS FUNCIONALES GASTROINTESTINALES;A03AB;ANTICOLINÉRGICOS SINTÉTICOS, COMPUESTOS DE AMONIO CUATERNARIO;A03AB21;FENPIVERINIO
A;TRACTO ALIMENTARIO Y METABOLISMO;A03A;AGENTES CONTRA PADECIMIENTOS FUNCIONALES GASTROINTESTINALES;A03AB;ANTICOLINÉRGICOS SINTÉTICOS, COMPUESTOS DE AMONIO CUATERNARIO;A03AB53;OXIFENONIO, COMBINACIONES
A;TRACTO ALIMENTARIO Y METABOLISMO;A03A;AGENTES CONTRA PADECIMIENTOS FUNCIONALES GASTROINTESTINALES;A03AC;ANTIESPASMÓDICOS SINTÉTICOS, AMIDAS CON AMINAS TERCIARIAS;A03AC02;DIMELAMINOPROPIONILFENOTIAZINA
A;TRACTO ALIMENTARIO Y METABOLISMO;A03A;AGENTES CONTRA PADECIMIENTOS FUNCIONALES GASTROINTESTINALES;A03AC;ANTIESPASMÓDICOS SINTÉTICOS, AMIDAS CON AMINAS TERCIARIAS;A03AC04;NICOFETAMIDA
A;TRACTO ALIMENTARIO Y METABOLISMO;A03A;AGENTES CONTRA PADECIMIENTOS FUNCIONALES GASTROINTESTINALES;A03AC;ANTIESPASMÓDICOS SINTÉTICOS, AMIDAS CON AMINAS TERCIARIAS;A03AC05;TIROPRAMIDA
A;TRACTO ALIMENTARIO Y METABOLISMO;A03A;AGENTES CONTRA PADECIMIENTOS FUNCIONALES GASTROINTESTINALES;A03AD;PAPAVERINA Y DERIVADOS;A03AD01;PAPAVERINA
A;TRACTO ALIMENTARIO Y METABOLISMO;A03A;AGENTES CONTRA PADECIMIENTOS FUNCIONALES GASTROINTESTINALES;A03AD;PAPAVERINA Y DERIVADOS;A03AD02;DROTAVERINA
A;TRACTO ALIMENTARIO Y METABOLISMO;A03A;AGENTES CONTRA PADECIMIENTOS FUNCIONALES GASTROINTESTINALES;A03AD;PAPAVERINA Y DERIVADOS;A03AD30;MOXAVERINA
A;TRACTO ALIMENTARIO Y METABOLISMO;A03A;AGENTES CONTRA PADECIMIENTOS FUNCIONALES GASTROINTESTINALES;A03AE;ANTAGONISTAS DE LOS RECEPTORES DE SERETONINA;A03AE01;ALOSETRÓN
A;TRACTO ALIMENTARIO Y METABOLISMO;A03A;AGENTES CONTRA PADECIMIENTOS FUNCIONALES GASTROINTESTINALES;A03AE;ANTAGONISTAS DE LOS RECEPTORES DE SERETONINA;A03AE03;CILANSETRÓN
A;TRACTO ALIMENTARIO Y METABOLISMO;A03A;AGENTES CONTRA PADECIMIENTOS FUNCIONALES GASTROINTESTINALES;A03AX;OTROS AGENTES CONTRA PADECIMIENTOS FUNCIONALES GASTROINTESTINALES;A03AX01;FENPIPRANO
A;TRACTO ALIMENTARIO Y METABOLISMO;A03A;AGENTES CONTRA PADECIMIENTOS FUNCIONALES GASTROINTESTINALES;A03AX;OTROS AGENTES CONTRA PADECIMIENTOS FUNCIONALES GASTROINTESTINALES;A03AX02;DIISOPROMINA
A;TRACTO ALIMENTARIO Y METABOLISMO;A03A;AGENTES CONTRA PADECIMIENTOS FUNCIONALES GASTROINTESTINALES;A03AX;OTROS AGENTES CONTRA PADECIMIENTOS FUNCIONALES GASTROINTESTINALES;A03AX03;CLORBENZOXAMINA
A;TRACTO ALIMENTARIO Y METABOLISMO;A03A;AGENTES CONTRA PADECIMIENTOS FUNCIONALES GASTROINTESTINALES;A03AX;OTROS AGENTES CONTRA PADECIMIENTOS FUNCIONALES GASTROINTESTINALES;A03AX04;PINAVERIO
A;TRACTO ALIMENTARIO Y METABOLISMO;A03A;AGENTES CONTRA PADECIMIENTOS FUNCIONALES GASTROINTESTINALES;A03AX;OTROS AGENTES CONTRA PADECIMIENTOS FUNCIONALES GASTROINTESTINALES;A03AX05;FENOVERINA
A;TRACTO ALIMENTARIO Y METABOLISMO;A03A;AGENTES CONTRA PADECIMIENTOS FUNCIONALES GASTROINTESTINALES;A03AX;OTROS AGENTES CONTRA PADECIMIENTOS FUNCIONALES GASTROINTESTINALES;A03AX06;IDANPRAMINA
A;TRACTO ALIMENTARIO Y METABOLISMO;A03A;AGENTES CONTRA PADECIMIENTOS FUNCIONALES GASTROINTESTINALES;A03AX;OTROS AGENTES CONTRA PADECIMIENTOS FUNCIONALES GASTROINTESTINALES;A03AX07;PROXAZOL
A;TRACTO ALIMENTARIO Y METABOLISMO;A03A;AGENTES CONTRA PADECIMIENTOS FUNCIONALES GASTROINTESTINALES;A03AX;OTROS AGENTES CONTRA PADECIMIENTOS FUNCIONALES GASTROINTESTINALES;A03AX08;ALVERINA
A;TRACTO ALIMENTARIO Y METABOLISMO;A03A;AGENTES CONTRA PADECIMIENTOS FUNCIONALES GASTROINTESTINALES;A03AX;OTROS AGENTES CONTRA PADECIMIENTOS FUNCIONALES GASTROINTESTINALES;A03AX09;TREPIBUTONA
A;TRACTO ALIMENTARIO Y METABOLISMO;A03A;AGENTES CONTRA PADECIMIENTOS FUNCIONALES GASTROINTESTINALES;A03AX;OTROS AGENTES CONTRA PADECIMIENTOS FUNCIONALES GASTROINTESTINALES;A03AX10;ISOMETEPTENO
A;TRACTO ALIMENTARIO Y METABOLISMO;A03A;AGENTES CONTRA PADECIMIENTOS FUNCIONALES GASTROINTESTINALES;A03AX;OTROS AGENTES CONTRA PADECIMIENTOS FUNCIONALES GASTROINTESTINALES;A03AX11;CAROVERINA
A;TRACTO ALIMENTARIO Y METABOLISMO;A03A;AGENTES CONTRA PADECIMIENTOS FUNCIONALES GASTROINTESTINALES;A03AX;OTROS AGENTES CONTRA PADECIMIENTOS FUNCIONALES GASTROINTESTINALES;A03AX12;FLOROGLUCINOL
A;TRACTO ALIMENTARIO Y METABOLISMO;A03A;AGENTES CONTRA PADECIMIENTOS FUNCIONALES GASTROINTESTINALES;A03AX;OTROS AGENTES CONTRA PADECIMIENTOS FUNCIONALES GASTROINTESTINALES;A03AX13;SILICONAS
A;TRACTO ALIMENTARIO Y METABOLISMO;A03A;AGENTES CONTRA PADECIMIENTOS FUNCIONALES GASTROINTESTINALES;A03AX;OTROS AGENTES CONTRA PADECIMIENTOS FUNCIONALES GASTROINTESTINALES;A03AX30;TRIMETILDIFENILPROPILAMINA
A;TRACTO ALIMENTARIO Y METABOLISMO;A03A;AGENTES CONTRA PADECIMIENTOS FUNCIONALES GASTROINTESTINALES;A03AX;OTROS AGENTES CONTRA PADECIMIENTOS FUNCIONALES GASTROINTESTINALES;A03AX58;ALVERINA, COMBINACIONES
A;TRACTO ALIMENTARIO Y METABOLISMO;A03B;BELLADONA Y DERIVADOS, MONOTERAPIA;A03BA;ALCALOIDES DE LA BELLADONA, AMINAS TERCIARIAS;A03BA01;ATROPINA
A;TRACTO ALIMENTARIO Y METABOLISMO;A03B;BELLADONA Y DERIVADOS, MONOTERAPIA;A03BA;ALCALOIDES DE LA BELLADONA, AMINAS TERCIARIAS;A03BA03;HIOSCIAMINA
A;TRACTO ALIMENTARIO Y METABOLISMO;A03B;BELLADONA Y DERIVADOS, MONOTERAPIA;A03BA;ALCALOIDES DE LA BELLADONA, AMINAS TERCIARIAS;A03BA04;BELLADONA, ALCALOIDES TOTALES DE
A;TRACTO ALIMENTARIO Y METABOLISMO;A03B;BELLADONA Y DERIVADOS, MONOTERAPIA;A03BB;ALCALOIDES SEMISINTÉTICOS DE LA BELLADONA, COMPUESTOS DE AMONIO CUATERNARIO;A03BB01;BUTILESCOPOLAMINA
A;TRACTO ALIMENTARIO Y METABOLISMO;A03B;BELLADONA Y DERIVADOS, MONOTERAPIA;A03BB;ALCALOIDES SEMISINTÉTICOS DE LA BELLADONA, COMPUESTOS DE AMONIO CUATERNARIO;A03BB02;METILATROPINA
A;TRACTO ALIMENTARIO Y METABOLISMO;A03B;BELLADONA Y DERIVADOS, MONOTERAPIA;A03BB;ALCALOIDES SEMISINTÉTICOS DE LA BELLADONA, COMPUESTOS DE AMONIO CUATERNARIO;A03BB03;METILESCOPOLAMINA
A;TRACTO ALIMENTARIO Y METABOLISMO;A03B;BELLADONA Y DERIVADOS, MONOTERAPIA;A03BB;ALCALOIDES SEMISINTÉTICOS DE LA BELLADONA, COMPUESTOS DE AMONIO CUATERNARIO;A03BB04;FENTONIO
A;TRACTO ALIMENTARIO Y METABOLISMO;A03B;BELLADONA Y DERIVADOS, MONOTERAPIA;A03BB;ALCALOIDES SEMISINTÉTICOS DE LA BELLADONA, COMPUESTOS DE AMONIO CUATERNARIO;A03BB05;CIMETROPIO, BROMURO DE
A;TRACTO ALIMENTARIO Y METABOLISMO;A03C;ANTIESPASMÓDICOS EN COMBINACIÓN CON PSICOLÉPTICOS;A03CA;AGENTES ANTICOLINÉRGICOS SINTÉTICOS EN COMBINACIÓN CON PSICOLÉPTICOS;A03CA01;ISOPROPAMIDA Y PSICOLÉPTICOS
A;TRACTO ALIMENTARIO Y METABOLISMO;A03C;ANTIESPASMÓDICOS EN COMBINACIÓN CON PSICOLÉPTICOS;A03CA;AGENTES ANTICOLINÉRGICOS SINTÉTICOS EN COMBINACIÓN CON PSICOLÉPTICOS;A03CA02;CLIDINIO Y PSICOLÉPTICOS
A;TRACTO ALIMENTARIO Y METABOLISMO;A03C;ANTIESPASMÓDICOS EN COMBINACIÓN CON PSICOLÉPTICOS;A03CA;AGENTES ANTICOLINÉRGICOS SINTÉTICOS EN COMBINACIÓN CON PSICOLÉPTICOS;A03CA03;OXIFENCICLIMINA Y PSICOLÉPTICOS
A;TRACTO ALIMENTARIO Y METABOLISMO;A03C;ANTIESPASMÓDICOS EN COMBINACIÓN CON PSICOLÉPTICOS;A03CA;AGENTES ANTICOLINÉRGICOS SINTÉTICOS EN COMBINACIÓN CON PSICOLÉPTICOS;A03CA04;OTILONIO, BROMURO DE, Y PSICOLÉPTICOS
A;TRACTO ALIMENTARIO Y METABOLISMO;A03C;ANTIESPASMÓDICOS EN COMBINACIÓN CON PSICOLÉPTICOS;A03CA;AGENTES ANTICOLINÉRGICOS SINTÉTICOS EN COMBINACIÓN CON PSICOLÉPTICOS;A03CA05;GLICOPIRRONIO BROMURO DE Y PSICOLÉPTICOS
A;TRACTO ALIMENTARIO Y METABOLISMO;A03C;ANTIESPASMÓDICOS EN COMBINACIÓN CON PSICOLÉPTICOS;A03CA;AGENTES ANTICOLINÉRGICOS SINTÉTICOS EN COMBINACIÓN CON PSICOLÉPTICOS;A03CA06;BEVONIO Y PSICOLÉPTICOS
A;TRACTO ALIMENTARIO Y METABOLISMO;A03C;ANTIESPASMÓDICOS EN COMBINACIÓN CON PSICOLÉPTICOS;A03CA;AGENTES ANTICOLINÉRGICOS SINTÉTICOS EN COMBINACIÓN CON PSICOLÉPTICOS;A03CA07;AMBUTONIO Y PSICOLÉPTICOS
A;TRACTO ALIMENTARIO Y METABOLISMO;A03C;ANTIESPASMÓDICOS EN COMBINACIÓN CON PSICOLÉPTICOS;A03CA;AGENTES ANTICOLINÉRGICOS SINTÉTICOS EN COMBINACIÓN CON PSICOLÉPTICOS;A03CA08;DIFEMANILO Y PSICOLÉPTICOS
A;TRACTO ALIMENTARIO Y METABOLISMO;A03C;ANTIESPASMÓDICOS EN COMBINACIÓN CON PSICOLÉPTICOS;A03CA;AGENTES ANTICOLINÉRGICOS SINTÉTICOS EN COMBINACIÓN CON PSICOLÉPTICOS;A03CA30;EMEPRONIO Y PSICOLÉPTICOS
A;TRACTO ALIMENTARIO Y METABOLISMO;A03C;ANTIESPASMÓDICOS EN COMBINACIÓN CON PSICOLÉPTICOS;A03CA;AGENTES ANTICOLINÉRGICOS SINTÉTICOS EN COMBINACIÓN CON PSICOLÉPTICOS;A03CA34;PROPANTELINA Y PSICOLÉPTICOS
A;TRACTO ALIMENTARIO Y METABOLISMO;A03C;ANTIESPASMÓDICOS EN COMBINACIÓN CON PSICOLÉPTICOS;A03CB;BELLADONA Y DERIVADOS EN COMBINACIÓN CON PSICOLÉPTICOS;A03CB01;METILESCOPOLAMINA Y PSICOLÉPTICOS
A;TRACTO ALIMENTARIO Y METABOLISMO;A03C;ANTIESPASMÓDICOS EN COMBINACIÓN CON PSICOLÉPTICOS;A03CB;BELLADONA Y DERIVADOS EN COMBINACIÓN CON PSICOLÉPTICOS;A03CB02;BELLADONA, ALCALOIDES TOTALES DE Y PSICOLÉPTICOS
A;TRACTO ALIMENTARIO Y METABOLISMO;A03C;ANTIESPASMÓDICOS EN COMBINACIÓN CON PSICOLÉPTICOS;A03CB;BELLADONA Y DERIVADOS EN COMBINACIÓN CON PSICOLÉPTICOS;A03CB03;ATROPINA Y PSICOLÉPTICOS
A;TRACTO ALIMENTARIO Y METABOLISMO;A03C;ANTIESPASMÓDICOS EN COMBINACIÓN CON PSICOLÉPTICOS;A03CB;BELLADONA Y DERIVADOS EN COMBINACIÓN CON PSICOLÉPTICOS;A03CB04;METILHOMATROPINA Y PSICOLÉPTICOS
A;TRACTO ALIMENTARIO Y METABOLISMO;A03C;ANTIESPASMÓDICOS EN COMBINACIÓN CON PSICOLÉPTICOS;A03CB;BELLADONA Y DERIVADOS EN COMBINACIÓN CON PSICOLÉPTICOS;A03CB31;HIOSCIAMINA Y PSICOLÉPTICOS
A;TRACTO ALIMENTARIO Y METABOLISMO;A03D;ANTIESPASMÓDICOS EN COMBINACIÓN CON ANALGÉSICOS;A03DA;AGENTES ANTICOLINÉRGICOS SINTÉTICOS EN COMBINACIÓN CON ANALGÉSICOS;A03DA01;TROPENZOLINA Y ANALGÉSICOS
A;TRACTO ALIMENTARIO Y METABOLISMO;A03D;ANTIESPASMÓDICOS EN COMBINACIÓN CON ANALGÉSICOS;A03DA;AGENTES ANTICOLINÉRGICOS SINTÉTICOS EN COMBINACIÓN CON ANALGÉSICOS;A03DA02;PITOFENONA Y ANALGÉSICOS
A;TRACTO ALIMENTARIO Y METABOLISMO;A03D;ANTIESPASMÓDICOS EN COMBINACIÓN CON ANALGÉSICOS;A03DA;AGENTES ANTICOLINÉRGICOS SINTÉTICOS EN COMBINACIÓN CON ANALGÉSICOS;A03DA03;BEVONIO Y ANALGÉSICOS
A;TRACTO ALIMENTARIO Y METABOLISMO;A03D;ANTIESPASMÓDICOS EN COMBINACIÓN CON ANALGÉSICOS;A03DA;AGENTES ANTICOLINÉRGICOS SINTÉTICOS EN COMBINACIÓN CON ANALGÉSICOS;A03DA04;CICLONIO Y ANALGÉSICOS
A;TRACTO ALIMENTARIO Y METABOLISMO;A03D;ANTIESPASMÓDICOS EN COMBINACIÓN CON ANALGÉSICOS;A03DA;AGENTES ANTICOLINÉRGICOS SINTÉTICOS EN COMBINACIÓN CON ANALGÉSICOS;A03DA05;CAMILOFINA Y ANALGÉSICOS
A;TRACTO ALIMENTARIO Y METABOLISMO;A03D;ANTIESPASMÓDICOS EN COMBINACIÓN CON ANALGÉSICOS;A03DA;AGENTES ANTICOLINÉRGICOS SINTÉTICOS EN COMBINACIÓN CON ANALGÉSICOS;A03DA06;TROSPIO Y ANALGÉSICOS
A;TRACTO ALIMENTARIO Y METABOLISMO;A03D;ANTIESPASMÓDICOS EN COMBINACIÓN CON ANALGÉSICOS;A03DA;AGENTES ANTICOLINÉRGICOS SINTÉTICOS EN COMBINACIÓN CON ANALGÉSICOS;A03DA07;TIEMONIO, IODURO DE, Y ANALGÉSICOS
A;TRACTO ALIMENTARIO Y METABOLISMO;A03D;ANTIESPASMÓDICOS EN COMBINACIÓN CON ANALGÉSICOS;A03DB;BELLADONA Y DERIVADOS EN COMBINACIÓN CON ANALGÉSICOS;A03DB04;BUTILESCOPOLAMINA Y ANALGÉSICOS
A;TRACTO ALIMENTARIO Y METABOLISMO;A03F;PROPULSIVOS;A03FA;PROPULSIVOS;A03FA01;METOCLOPRAMIDA
A;TRACTO ALIMENTARIO Y METABOLISMO;A03F;PROPULSIVOS;A03FA;PROPULSIVOS;A03FA02;CISAPRIDA
A;TRACTO ALIMENTARIO Y METABOLISMO;A03F;PROPULSIVOS;A03FA;PROPULSIVOS;A03FA03;DOMPERIDONA
A;TRACTO ALIMENTARIO Y METABOLISMO;A03F;PROPULSIVOS;A03FA;PROPULSIVOS;A03FA04;BROMOPRIDA
A;TRACTO ALIMENTARIO Y METABOLISMO;A03F;PROPULSIVOS;A03FA;PROPULSIVOS;A03FA05;ALIZAPRIDA
A;TRACTO ALIMENTARIO Y METABOLISMO;A03F;PROPULSIVOS;A03FA;PROPULSIVOS;A03FA06;CLEBOPRIDA
A;TRACTO ALIMENTARIO Y METABOLISMO;A04A;ANTIEMÉTICOS Y ANTINAUSEOSOS;A04AA;ANTAGONISTAS DE RECEPTORES DE SEROTONINA (5-HT3);A04AA01;ONDANSETRÓN
A;TRACTO ALIMENTARIO Y METABOLISMO;A04A;ANTIEMÉTICOS Y ANTINAUSEOSOS;A04AA;ANTAGONISTAS DE RECEPTORES DE SEROTONINA (5-HT3);A04AA02;GRANISETRÓN
A;TRACTO ALIMENTARIO Y METABOLISMO;A04A;ANTIEMÉTICOS Y ANTINAUSEOSOS;A04AA;ANTAGONISTAS DE RECEPTORES DE SEROTONINA (5-HT3);A04AA03;TROPISETRÓN
A;TRACTO ALIMENTARIO Y METABOLISMO;A04A;ANTIEMÉTICOS Y ANTINAUSEOSOS;A04AA;ANTAGONISTAS DE RECEPTORES DE SEROTONINA (5-HT3);A04AA04;DOLASETRÓN
A;TRACTO ALIMENTARIO Y METABOLISMO;A04A;ANTIEMÉTICOS Y ANTINAUSEOSOS;A04AA;ANTAGONISTAS DE RECEPTORES DE SEROTONINA (5-HT3);A04AA05;PALONOSETRÓN
A;TRACTO ALIMENTARIO Y METABOLISMO;A04A;ANTIEMÉTICOS Y ANTINAUSEOSOS;A04AD;OTROS ANTIEMÉTICOS;A04AD01;ESCOPOLAMINA
A;TRACTO ALIMENTARIO Y METABOLISMO;A04A;ANTIEMÉTICOS Y ANTINAUSEOSOS;A04AD;OTROS ANTIEMÉTICOS;A04AD02;OXALATO DE CERIO
A;TRACTO ALIMENTARIO Y METABOLISMO;A04A;ANTIEMÉTICOS Y ANTINAUSEOSOS;A04AD;OTROS ANTIEMÉTICOS;A04AD04;CLOROBUTANOL
A;TRACTO ALIMENTARIO Y METABOLISMO;A04A;ANTIEMÉTICOS Y ANTINAUSEOSOS;A04AD;OTROS ANTIEMÉTICOS;A04AD05;METOPIMAZINA
A;TRACTO ALIMENTARIO Y METABOLISMO;A04A;ANTIEMÉTICOS Y ANTINAUSEOSOS;A04AD;OTROS ANTIEMÉTICOS;A04AD10;DRONABINOL
A;TRACTO ALIMENTARIO Y METABOLISMO;A04A;ANTIEMÉTICOS Y ANTINAUSEOSOS;A04AD;OTROS ANTIEMÉTICOS;A04AD11;NABILONA
A;TRACTO ALIMENTARIO Y METABOLISMO;A04A;ANTIEMÉTICOS Y ANTINAUSEOSOS;A04AD;OTROS ANTIEMÉTICOS;A04AD12;APREPITANT
A;TRACTO ALIMENTARIO Y METABOLISMO;A04A;ANTIEMÉTICOS Y ANTINAUSEOSOS;A04AD;OTROS ANTIEMÉTICOS;A04AD13;CASOPITANT
A;TRACTO ALIMENTARIO Y METABOLISMO;A04A;ANTIEMÉTICOS Y ANTINAUSEOSOS;A04AD;OTROS ANTIEMÉTICOS;A04AD51;ESCOPOLAMINA, COMBINACIONES
A;TRACTO ALIMENTARIO Y METABOLISMO;A04A;ANTIEMÉTICOS Y ANTINAUSEOSOS;A04AD;OTROS ANTIEMÉTICOS;A04AD54;CLOROBUTANOL, COMBINACIONES
A;TRACTO ALIMENTARIO Y METABOLISMO;A05A;TERAPIA BILIAR;A05AA;PREPARADOS CON ÁCIDOS BILIARES;A05AA01;ÁCIDO QUENODEOXICÓLICO
A;TRACTO ALIMENTARIO Y METABOLISMO;A05A;TERAPIA BILIAR;A05AA;PREPARADOS CON ÁCIDOS BILIARES;A05AA02;ÁCIDO URSODEOXICÓLICO
A;TRACTO ALIMENTARIO Y METABOLISMO;A05A;TERAPIA BILIAR;A05AA;PREPARADOS CON ÁCIDOS BILIARES;A05AA03;ÁCIDO CÓLICO
A;TRACTO ALIMENTARIO Y METABOLISMO;A05A;TERAPIA BILIAR;A05AB;PREPARADOS PARA LA TERAPIA DEL TRACTO BILIAR;A05AB01;NICOTINIL METILAMIDA
A;TRACTO ALIMENTARIO Y METABOLISMO;A05A;TERAPIA BILIAR;A05AX;OTRAS DROGAS PARA TERAPIA BILIAR;A05AX01;PIPROZOLINA
A;TRACTO ALIMENTARIO Y METABOLISMO;A05A;TERAPIA BILIAR;A05AX;OTRAS DROGAS PARA TERAPIA BILIAR;A05AX02;HIMECROMONA
A;TRACTO ALIMENTARIO Y METABOLISMO;A05A;TERAPIA BILIAR;A05AX;OTRAS DROGAS PARA TERAPIA BILIAR;A05AX03;CICLOBUTIROL
A;TRACTO ALIMENTARIO Y METABOLISMO;A05B;TERAPIA HEPÁTICA, LIPOTRÓPICOS;A05BA;TERAPIA HEPÁTICA;A05BA01;ARGININA, GLUTAMATO DE
A;TRACTO ALIMENTARIO Y METABOLISMO;A05B;TERAPIA HEPÁTICA, LIPOTRÓPICOS;A05BA;TERAPIA HEPÁTICA;A05BA03;SILIMARINA
A;TRACTO ALIMENTARIO Y METABOLISMO;A05B;TERAPIA HEPÁTICA, LIPOTRÓPICOS;A05BA;TERAPIA HEPÁTICA;A05BA04;CITIOLONA
A;TRACTO ALIMENTARIO Y METABOLISMO;A05B;TERAPIA HEPÁTICA, LIPOTRÓPICOS;A05BA;TERAPIA HEPÁTICA;A05BA05;EPOMEDIOL
A;TRACTO ALIMENTARIO Y METABOLISMO;A05B;TERAPIA HEPÁTICA, LIPOTRÓPICOS;A05BA;TERAPIA HEPÁTICA;A05BA06;ORNITINA, OXOGLURATO DE
A;TRACTO ALIMENTARIO Y METABOLISMO;A05B;TERAPIA HEPÁTICA, LIPOTRÓPICOS;A05BA;TERAPIA HEPÁTICA;A05BA07;ARGININA TIADÍCICA
A;TRACTO ALIMENTARIO Y METABOLISMO;A05B;TERAPIA HEPÁTICA, LIPOTRÓPICOS;A05BA;TERAPIA HEPÁTICA;A05BA08;ÁCIDO GLICIRRHÍZICO
A;TRACTO ALIMENTARIO Y METABOLISMO;A06A;AGENTES CONTRA EL EXTREÑIMIENTO;A06AA;SUAVIZANTES, EMOLIENTES;A06AA01;PARAFINA BLANDA
A;TRACTO ALIMENTARIO Y METABOLISMO;A06A;AGENTES CONTRA EL EXTREÑIMIENTO;A06AA;SUAVIZANTES, EMOLIENTES;A06AA02;DOCUSATO DE SODIO
A;TRACTO ALIMENTARIO Y METABOLISMO;A06A;AGENTES CONTRA EL EXTREÑIMIENTO;A06AA;SUAVIZANTES, EMOLIENTES;A06AA51;PARAFINA BLANDA, COMBINACIONES
A;TRACTO ALIMENTARIO Y METABOLISMO;A06A;AGENTES CONTRA EL EXTREÑIMIENTO;A06AB;LAXANTES DE CONTACTO;A06AB01;OXIFENISATINA
A;TRACTO ALIMENTARIO Y METABOLISMO;A06A;AGENTES CONTRA EL EXTREÑIMIENTO;A06AB;LAXANTES DE CONTACTO;A06AB02;BISACODILO
A;TRACTO ALIMENTARIO Y METABOLISMO;A06A;AGENTES CONTRA EL EXTREÑIMIENTO;A06AB;LAXANTES DE CONTACTO;A06AB03;DANTRÓN
A;TRACTO ALIMENTARIO Y METABOLISMO;A06A;AGENTES CONTRA EL EXTREÑIMIENTO;A06AB;LAXANTES DE CONTACTO;A06AB04;FENOFTALEÍNA
A;TRACTO ALIMENTARIO Y METABOLISMO;A06A;AGENTES CONTRA EL EXTREÑIMIENTO;A06AB;LAXANTES DE CONTACTO;A06AB05;ACEITE DE CASTOR
A;TRACTO ALIMENTARIO Y METABOLISMO;A06A;AGENTES CONTRA EL EXTREÑIMIENTO;A06AB;LAXANTES DE CONTACTO;A06AB06;GLICÓSIDOS DEL SENNA
A;TRACTO ALIMENTARIO Y METABOLISMO;A06A;AGENTES CONTRA EL EXTREÑIMIENTO;A06AB;LAXANTES DE CONTACTO;A06AB07;CÁSCARA
A;TRACTO ALIMENTARIO Y METABOLISMO;A06A;AGENTES CONTRA EL EXTREÑIMIENTO;A06AB;LAXANTES DE CONTACTO;A06AB08;PICOSULFATO DE SODIO
A;TRACTO ALIMENTARIO Y METABOLISMO;A06A;AGENTES CONTRA EL EXTREÑIMIENTO;A06AB;LAXANTES DE CONTACTO;A06AB09;BISOXATINA
A;TRACTO ALIMENTARIO Y METABOLISMO;A06A;AGENTES CONTRA EL EXTREÑIMIENTO;A06AB;LAXANTES DE CONTACTO;A06AB20;LAXANTES DE CONTACTO EN COMBINACIÓN
A;TRACTO ALIMENTARIO Y METABOLISMO;A06A;AGENTES CONTRA EL EXTREÑIMIENTO;A06AB;LAXANTES DE CONTACTO;A06AB30;LAXANTES DE CONTACTO EN COMBINACIÓN CON ALCALOIDES DE BELLADONA
A;TRACTO ALIMENTARIO Y METABOLISMO;A06A;AGENTES CONTRA EL EXTREÑIMIENTO;A06AB;LAXANTES DE CONTACTO;A06AB52;BISACODILO, COMBINACIONES
A;TRACTO ALIMENTARIO Y METABOLISMO;A06A;AGENTES CONTRA EL EXTREÑIMIENTO;A06AB;LAXANTES DE CONTACTO;A06AB53;DANTRÓN, COMBINACIONES
A;TRACTO ALIMENTARIO Y METABOLISMO;A06A;AGENTES CONTRA EL EXTREÑIMIENTO;A06AB;LAXANTES DE CONTACTO;A06AB56;GLICÓSIDOS DEL SENNA, COMBINACIONES
A;TRACTO ALIMENTARIO Y METABOLISMO;A06A;AGENTES CONTRA EL EXTREÑIMIENTO;A06AB;LAXANTES DE CONTACTO;A06AB57;CÁSCARA, COMBINACIONES
A;TRACTO ALIMENTARIO Y METABOLISMO;A06A;AGENTES CONTRA EL EXTREÑIMIENTO;A06AB;LAXANTES DE CONTACTO;A06AB58;PICOSULFATO DE SODIO, COMBINACIONES
A;TRACTO ALIMENTARIO Y METABOLISMO;A06A;AGENTES CONTRA EL EXTREÑIMIENTO;A06AC;LAXANTES, FORMADORES DE VOLUMEN;A06AC01;ISPAGHULA (SEMILLAS DE PSYLLIUM)
A;TRACTO ALIMENTARIO Y METABOLISMO;A06A;AGENTES CONTRA EL EXTREÑIMIENTO;A06AC;LAXANTES, FORMADORES DE VOLUMEN;A06AC02;ETULOSA
A;TRACTO ALIMENTARIO Y METABOLISMO;A06A;AGENTES CONTRA EL EXTREÑIMIENTO;A06AC;LAXANTES, FORMADORES DE VOLUMEN;A06AC03;ESTERCULIA
A;TRACTO ALIMENTARIO Y METABOLISMO;A06A;AGENTES CONTRA EL EXTREÑIMIENTO;A06AC;LAXANTES, FORMADORES DE VOLUMEN;A06AC05;LINAZA
A;TRACTO ALIMENTARIO Y METABOLISMO;A06A;AGENTES CONTRA EL EXTREÑIMIENTO;A06AC;LAXANTES, FORMADORES DE VOLUMEN;A06AC06;METILCELULOSA
A;TRACTO ALIMENTARIO Y METABOLISMO;A06A;AGENTES CONTRA EL EXTREÑIMIENTO;A06AC;LAXANTES, FORMADORES DE VOLUMEN;A06AC07;TRÍTICO (FIBRA DE TRIGO)
A;TRACTO ALIMENTARIO Y METABOLISMO;A06A;AGENTES CONTRA EL EXTREÑIMIENTO;A06AC;LAXANTES, FORMADORES DE VOLUMEN;A06AC08;POLICARBÓFILO DE CALCIO
A;TRACTO ALIMENTARIO Y METABOLISMO;A06A;AGENTES CONTRA EL EXTREÑIMIENTO;A06AC;LAXANTES, FORMADORES DE VOLUMEN;A06AC51;ISPAGHULA, COMBINACIONES
A;TRACTO ALIMENTARIO Y METABOLISMO;A06A;AGENTES CONTRA EL EXTREÑIMIENTO;A06AC;LAXANTES, FORMADORES DE VOLUMEN;A06AC53;ESTERCULIA, COMBINACIONES
A;TRACTO ALIMENTARIO Y METABOLISMO;A06A;AGENTES CONTRA EL EXTREÑIMIENTO;A06AC;LAXANTES, FORMADORES DE VOLUMEN;A06AC55;LINAZA, COMBINACIONES
A;TRACTO ALIMENTARIO Y METABOLISMO;A06A;AGENTES CONTRA EL EXTREÑIMIENTO;A06AD;LAXANTES OSMÓTICOS;A06AD01;MAGNESIO  CARBONATO
A;TRACTO ALIMENTARIO Y METABOLISMO;A06A;AGENTES CONTRA EL EXTREÑIMIENTO;A06AD;LAXANTES OSMÓTICOS;A06AD02;MAGNESIO ÓXIDO
A;TRACTO ALIMENTARIO Y METABOLISMO;A06A;AGENTES CONTRA EL EXTREÑIMIENTO;A06AD;LAXANTES OSMÓTICOS;A06AD03;MAGNESIO PERÓXIDO
A;TRACTO ALIMENTARIO Y METABOLISMO;A06A;AGENTES CONTRA EL EXTREÑIMIENTO;A06AD;LAXANTES OSMÓTICOS;A06AD04;MAGNESIO SULFATO
A;TRACTO ALIMENTARIO Y METABOLISMO;A06A;AGENTES CONTRA EL EXTREÑIMIENTO;A06AD;LAXANTES OSMÓTICOS;A06AD10;SALES MINERALES EN COMBINACIÓN
A;TRACTO ALIMENTARIO Y METABOLISMO;A06A;AGENTES CONTRA EL EXTREÑIMIENTO;A06AD;LAXANTES OSMÓTICOS;A06AD11;LACTULOSA
A;TRACTO ALIMENTARIO Y METABOLISMO;A06A;AGENTES CONTRA EL EXTREÑIMIENTO;A06AD;LAXANTES OSMÓTICOS;A06AD12;LACTITOL
A;TRACTO ALIMENTARIO Y METABOLISMO;A06A;AGENTES CONTRA EL EXTREÑIMIENTO;A06AD;LAXANTES OSMÓTICOS;A06AD13;SULFATO DE SODIO
A;TRACTO ALIMENTARIO Y METABOLISMO;A06A;AGENTES CONTRA EL EXTREÑIMIENTO;A06AD;LAXANTES OSMÓTICOS;A06AD14;PENTAERITRITILO
A;TRACTO ALIMENTARIO Y METABOLISMO;A06A;AGENTES CONTRA EL EXTREÑIMIENTO;A06AD;LAXANTES OSMÓTICOS;A06AD15;MACROGOL
A;TRACTO ALIMENTARIO Y METABOLISMO;A06A;AGENTES CONTRA EL EXTREÑIMIENTO;A06AD;LAXANTES OSMÓTICOS;A06AD16;MANITOL
A;TRACTO ALIMENTARIO Y METABOLISMO;A06A;AGENTES CONTRA EL EXTREÑIMIENTO;A06AD;LAXANTES OSMÓTICOS;A06AD17;FOSFATO DE SODIO
A;TRACTO ALIMENTARIO Y METABOLISMO;A06A;AGENTES CONTRA EL EXTREÑIMIENTO;A06AD;LAXANTES OSMÓTICOS;A06AD18;SORBITOL
A;TRACTO ALIMENTARIO Y METABOLISMO;A06A;AGENTES CONTRA EL EXTREÑIMIENTO;A06AD;LAXANTES OSMÓTICOS;A06AD19;CLORURO DE MAGNESIO
A;TRACTO ALIMENTARIO Y METABOLISMO;A06A;AGENTES CONTRA EL EXTREÑIMIENTO;A06AD;LAXANTES OSMÓTICOS;A06AD21;TARTRATO DE SODIO
A;TRACTO ALIMENTARIO Y METABOLISMO;A06A;AGENTES CONTRA EL EXTREÑIMIENTO;A06AD;LAXANTES OSMÓTICOS;A06AD61;LACTULOSA, COMBINACIONES
A;TRACTO ALIMENTARIO Y METABOLISMO;A06A;AGENTES CONTRA EL EXTREÑIMIENTO;A06AD;LAXANTES OSMÓTICOS;A06AD65;MACROGOL, COMBINACIONES
A;TRACTO ALIMENTARIO Y METABOLISMO;A06A;AGENTES CONTRA EL EXTREÑIMIENTO;A06AG;ENEMAS;A06AG01;FOSFATO DE SODIO
A;TRACTO ALIMENTARIO Y METABOLISMO;A06A;AGENTES CONTRA EL EXTREÑIMIENTO;A06AG;ENEMAS;A06AG02;BISACODILO
A;TRACTO ALIMENTARIO Y METABOLISMO;A06A;AGENTES CONTRA EL EXTREÑIMIENTO;A06AG;ENEMAS;A06AG03;DANTRÓN, INCL. COMBINACIONES
A;TRACTO ALIMENTARIO Y METABOLISMO;A06A;AGENTES CONTRA EL EXTREÑIMIENTO;A06AG;ENEMAS;A06AG04;GLICEROL
A;TRACTO ALIMENTARIO Y METABOLISMO;A06A;AGENTES CONTRA EL EXTREÑIMIENTO;A06AG;ENEMAS;A06AG06;ACEITE
A;TRACTO ALIMENTARIO Y METABOLISMO;A06A;AGENTES CONTRA EL EXTREÑIMIENTO;A06AG;ENEMAS;A06AG07;SORBITOL
A;TRACTO ALIMENTARIO Y METABOLISMO;A06A;AGENTES CONTRA EL EXTREÑIMIENTO;A06AG;ENEMAS;A06AG10;DOCUSATO DE SODIO, INCL. COMBINACIONES
A;TRACTO ALIMENTARIO Y METABOLISMO;A06A;AGENTES CONTRA EL EXTREÑIMIENTO;A06AG;ENEMAS;A06AG11;LAURILSULFATO, INCL. COMBINACIONES
A;TRACTO ALIMENTARIO Y METABOLISMO;A06A;AGENTES CONTRA EL EXTREÑIMIENTO;A06AG;ENEMAS;A06AG20;ENEMAS, COMBINACIONES
A;TRACTO ALIMENTARIO Y METABOLISMO;A06A;AGENTES CONTRA EL EXTREÑIMIENTO;A06AH;ANTAGONISTAS DEL RECEPTOR OPIOIDE PERIFÉRICO;A06AH01;BROMURO DE METILNALTREXONA
A;TRACTO ALIMENTARIO Y METABOLISMO;A06A;AGENTES CONTRA EL EXTREÑIMIENTO;A06AH;ANTAGONISTAS DEL RECEPTOR OPIOIDE PERIFÉRICO;A06AH02;ALVIMOPÁN
A;TRACTO ALIMENTARIO Y METABOLISMO;A06A;AGENTES CONTRA EL EXTREÑIMIENTO;A06AH;ANTAGONISTAS DEL RECEPTOR OPIOIDE PERIFÉRICO;A06AH03;NALOXEGOL
A;TRACTO ALIMENTARIO Y METABOLISMO;A06A;AGENTES CONTRA EL EXTREÑIMIENTO;A06AX;OTROS AGENTES CONTRA EL EXTREÑIMIENTO;A06AX01;GLICEROL
A;TRACTO ALIMENTARIO Y METABOLISMO;A06A;AGENTES CONTRA EL EXTREÑIMIENTO;A06AX;OTROS AGENTES CONTRA EL EXTREÑIMIENTO;A06AX02;DIÓXIDO DE CARBONO, DROGAS QUE PRODUCEN
A;TRACTO ALIMENTARIO Y METABOLISMO;A06A;AGENTES CONTRA EL EXTREÑIMIENTO;A06AX;OTROS AGENTES CONTRA EL EXTREÑIMIENTO;A06AX03;LUBIPROSTONA
A;TRACTO ALIMENTARIO Y METABOLISMO;A06A;AGENTES CONTRA EL EXTREÑIMIENTO;A06AX;OTROS AGENTES CONTRA EL EXTREÑIMIENTO;A06AX04;LINACLOTIDA
A;TRACTO ALIMENTARIO Y METABOLISMO;A06A;AGENTES CONTRA EL EXTREÑIMIENTO;A06AX;OTROS AGENTES CONTRA EL EXTREÑIMIENTO;A06AX05;PRUCALOPRIDA
A;TRACTO ALIMENTARIO Y METABOLISMO;A06A;AGENTES CONTRA EL EXTREÑIMIENTO;A06AX;OTROS AGENTES CONTRA EL EXTREÑIMIENTO;A06AX06;TEGASEROD
A;TRACTO ALIMENTARIO Y METABOLISMO;A07A;ANTIINFECCIOSOS INTESTINALES;A07AA;ANTIBIÓTICOS;A07AA01;NEOMICINA
A;TRACTO ALIMENTARIO Y METABOLISMO;A07A;ANTIINFECCIOSOS INTESTINALES;A07AA;ANTIBIÓTICOS;A07AA02;NISTATINA
A;TRACTO ALIMENTARIO Y METABOLISMO;A07A;ANTIINFECCIOSOS INTESTINALES;A07AA;ANTIBIÓTICOS;A07AA03;NATAMICINA
A;TRACTO ALIMENTARIO Y METABOLISMO;A07A;ANTIINFECCIOSOS INTESTINALES;A07AA;ANTIBIÓTICOS;A07AA04;ESTREPTOMICINA
A;TRACTO ALIMENTARIO Y METABOLISMO;A07A;ANTIINFECCIOSOS INTESTINALES;A07AA;ANTIBIÓTICOS;A07AA05;POLIMIXINA B
A;TRACTO ALIMENTARIO Y METABOLISMO;A07A;ANTIINFECCIOSOS INTESTINALES;A07AA;ANTIBIÓTICOS;A07AA06;PAROMOMICINA
A;TRACTO ALIMENTARIO Y METABOLISMO;A07A;ANTIINFECCIOSOS INTESTINALES;A07AA;ANTIBIÓTICOS;A07AA07;AMFOTERICINA B
A;TRACTO ALIMENTARIO Y METABOLISMO;A07A;ANTIINFECCIOSOS INTESTINALES;A07AA;ANTIBIÓTICOS;A07AA08;KANAMICINA
A;TRACTO ALIMENTARIO Y METABOLISMO;A07A;ANTIINFECCIOSOS INTESTINALES;A07AA;ANTIBIÓTICOS;A07AA09;VANCOMICINA
A;TRACTO ALIMENTARIO Y METABOLISMO;A07A;ANTIINFECCIOSOS INTESTINALES;A07AA;ANTIBIÓTICOS;A07AA10;COLISTINA
A;TRACTO ALIMENTARIO Y METABOLISMO;A07A;ANTIINFECCIOSOS INTESTINALES;A07AA;ANTIBIÓTICOS;A07AA11;RIFAXIMINA
A;TRACTO ALIMENTARIO Y METABOLISMO;A07A;ANTIINFECCIOSOS INTESTINALES;A07AA;ANTIBIÓTICOS;A07AA12;FIDAXOMICINA
A;TRACTO ALIMENTARIO Y METABOLISMO;A07A;ANTIINFECCIOSOS INTESTINALES;A07AA;ANTIBIÓTICOS;A07AA51;NEOMICINA, COMBINACIONES
A;TRACTO ALIMENTARIO Y METABOLISMO;A07A;ANTIINFECCIOSOS INTESTINALES;A07AA;ANTIBIÓTICOS;A07AA54;ESTREPTOMICINA, COMBINACIONES
A;TRACTO ALIMENTARIO Y METABOLISMO;A07A;ANTIINFECCIOSOS INTESTINALES;A07AB;SULFONAMIDAS;A07AB02;FTALILSULFATIAZOL
A;TRACTO ALIMENTARIO Y METABOLISMO;A07A;ANTIINFECCIOSOS INTESTINALES;A07AB;SULFONAMIDAS;A07AB03;SULFAGUANIDINA
A;TRACTO ALIMENTARIO Y METABOLISMO;A07A;ANTIINFECCIOSOS INTESTINALES;A07AB;SULFONAMIDAS;A07AB04;SUCCINILSULFATIAZOL
A;TRACTO ALIMENTARIO Y METABOLISMO;A07A;ANTIINFECCIOSOS INTESTINALES;A07AC;DERIVADOS IMIDAZÓLICOS;A07AC01;MICONAZOL
A;TRACTO ALIMENTARIO Y METABOLISMO;A07A;ANTIINFECCIOSOS INTESTINALES;A07AX;OTROS ANTIINFECCIOSOS INTESTINALES;A07AX01;BROXIQUINOLINA
A;TRACTO ALIMENTARIO Y METABOLISMO;A07A;ANTIINFECCIOSOS INTESTINALES;A07AX;OTROS ANTIINFECCIOSOS INTESTINALES;A07AX02;ACETARSOL
A;TRACTO ALIMENTARIO Y METABOLISMO;A07A;ANTIINFECCIOSOS INTESTINALES;A07AX;OTROS ANTIINFECCIOSOS INTESTINALES;A07AX03;NIFUROXAZIDA
A;TRACTO ALIMENTARIO Y METABOLISMO;A07A;ANTIINFECCIOSOS INTESTINALES;A07AX;OTROS ANTIINFECCIOSOS INTESTINALES;A07AX04;NIFURCIDA
A;TRACTO ALIMENTARIO Y METABOLISMO;A07B;ADSORBENTES INTESTINALES;A07BA;PREPARADOS CON CARBÓN;A07BA01;CARBÓN MEDICINAL
A;TRACTO ALIMENTARIO Y METABOLISMO;A07B;ADSORBENTES INTESTINALES;A07BA;PREPARADOS CON CARBÓN;A07BA51;CARBÓN MEDICINAL, COMBINACIONES
A;TRACTO ALIMENTARIO Y METABOLISMO;A07B;ADSORBENTES INTESTINALES;A07BC;OTROS ADSORBENTES INTESTINALES;A07BC01;PECTINA
A;TRACTO ALIMENTARIO Y METABOLISMO;A07B;ADSORBENTES INTESTINALES;A07BC;OTROS ADSORBENTES INTESTINALES;A07BC02;CAOLÍN
A;TRACTO ALIMENTARIO Y METABOLISMO;A07B;ADSORBENTES INTESTINALES;A07BC;OTROS ADSORBENTES INTESTINALES;A07BC03;CROSPOVIDONA
A;TRACTO ALIMENTARIO Y METABOLISMO;A07B;ADSORBENTES INTESTINALES;A07BC;OTROS ADSORBENTES INTESTINALES;A07BC04;ATAPULGITA
A;TRACTO ALIMENTARIO Y METABOLISMO;A07B;ADSORBENTES INTESTINALES;A07BC;OTROS ADSORBENTES INTESTINALES;A07BC05;DIOSMECTITA
A;TRACTO ALIMENTARIO Y METABOLISMO;A07B;ADSORBENTES INTESTINALES;A07BC;OTROS ADSORBENTES INTESTINALES;A07BC30;COMBINACIONES
A;TRACTO ALIMENTARIO Y METABOLISMO;A07B;ADSORBENTES INTESTINALES;A07BC;OTROS ADSORBENTES INTESTINALES;A07BC54;ATAPULGITA, COMBINACIONES
A;TRACTO ALIMENTARIO Y METABOLISMO;A07D;ANTIPROPULSIVOS;A07DA;ANTIPROPULSIVOS;A07DA01;DIFENOXILATO
A;TRACTO ALIMENTARIO Y METABOLISMO;A07D;ANTIPROPULSIVOS;A07DA;ANTIPROPULSIVOS;A07DA02;OPIO
A;TRACTO ALIMENTARIO Y METABOLISMO;A07D;ANTIPROPULSIVOS;A07DA;ANTIPROPULSIVOS;A07DA03;LOPERAMIDA
A;TRACTO ALIMENTARIO Y METABOLISMO;A07D;ANTIPROPULSIVOS;A07DA;ANTIPROPULSIVOS;A07DA04;DIFENOXINA
A;TRACTO ALIMENTARIO Y METABOLISMO;A07D;ANTIPROPULSIVOS;A07DA;ANTIPROPULSIVOS;A07DA05;LOPERAMIDA, ÓXIDO DE
A;TRACTO ALIMENTARIO Y METABOLISMO;A07D;ANTIPROPULSIVOS;A07DA;ANTIPROPULSIVOS;A07DA52;MORFINA, COMBINACIONES
A;TRACTO ALIMENTARIO Y METABOLISMO;A07D;ANTIPROPULSIVOS;A07DA;ANTIPROPULSIVOS;A07DA53;LOPERAMIDA, COMBINACIONES
A;TRACTO ALIMENTARIO Y METABOLISMO;A07E;AGENTES ANTIINFLAMATORIOS INTESTINALES;A07EA;CORTICOSTEROIDES DE ACCIÓN LOCAL;A07EA01;PREDNISOLONA
A;TRACTO ALIMENTARIO Y METABOLISMO;A07E;AGENTES ANTIINFLAMATORIOS INTESTINALES;A07EA;CORTICOSTEROIDES DE ACCIÓN LOCAL;A07EA02;HIDROCORTISONA
A;TRACTO ALIMENTARIO Y METABOLISMO;A07E;AGENTES ANTIINFLAMATORIOS INTESTINALES;A07EA;CORTICOSTEROIDES DE ACCIÓN LOCAL;A07EA03;PREDNISONA
A;TRACTO ALIMENTARIO Y METABOLISMO;A07E;AGENTES ANTIINFLAMATORIOS INTESTINALES;A07EA;CORTICOSTEROIDES DE ACCIÓN LOCAL;A07EA04;BETAMETASONA
A;TRACTO ALIMENTARIO Y METABOLISMO;A07E;AGENTES ANTIINFLAMATORIOS INTESTINALES;A07EA;CORTICOSTEROIDES DE ACCIÓN LOCAL;A07EA05;TIXOCORTOL
A;TRACTO ALIMENTARIO Y METABOLISMO;A07E;AGENTES ANTIINFLAMATORIOS INTESTINALES;A07EA;CORTICOSTEROIDES DE ACCIÓN LOCAL;A07EA06;BUDESONIDA
A;TRACTO ALIMENTARIO Y METABOLISMO;A07E;AGENTES ANTIINFLAMATORIOS INTESTINALES;A07EA;CORTICOSTEROIDES DE ACCIÓN LOCAL;A07EA07;BECLOMETASONA
A;TRACTO ALIMENTARIO Y METABOLISMO;A07E;AGENTES ANTIINFLAMATORIOS INTESTINALES;A07EB;AGENTES ANTIALÉRGICOS, EXCLUIDOS CORTICOSTEROIDES;A07EB01;ÁCIDO CROMOGLÍCICO
A;TRACTO ALIMENTARIO Y METABOLISMO;A07E;AGENTES ANTIINFLAMATORIOS INTESTINALES;A07EC;ÁCIDO AMINOSALICÍLICO Y AGENTES SIMILARES;A07EC01;SULFASALAZINA
A;TRACTO ALIMENTARIO Y METABOLISMO;A07E;AGENTES ANTIINFLAMATORIOS INTESTINALES;A07EC;ÁCIDO AMINOSALICÍLICO Y AGENTES SIMILARES;A07EC02;MESALAZINA
A;TRACTO ALIMENTARIO Y METABOLISMO;A07E;AGENTES ANTIINFLAMATORIOS INTESTINALES;A07EC;ÁCIDO AMINOSALICÍLICO Y AGENTES SIMILARES;A07EC03;OLSALAZINA
A;TRACTO ALIMENTARIO Y METABOLISMO;A07E;AGENTES ANTIINFLAMATORIOS INTESTINALES;A07EC;ÁCIDO AMINOSALICÍLICO Y AGENTES SIMILARES;A07EC04;BALSALAZIDA
A;TRACTO ALIMENTARIO Y METABOLISMO;A07F;MICROORGANISMOS ANTIDIARREICOS;A07FA;MICROORGANISMOS ANTIDIARREICOS;A07FA01;ÁCIDO LÁCTICO, ORGANISMO PRODUCTORES DE
A;TRACTO ALIMENTARIO Y METABOLISMO;A07F;MICROORGANISMOS ANTIDIARREICOS;A07FA;MICROORGANISMOS ANTIDIARREICOS;A07FA02;SACCHAROMYCES BOULARDII
A;TRACTO ALIMENTARIO Y METABOLISMO;A07F;MICROORGANISMOS ANTIDIARREICOS;A07FA;MICROORGANISMOS ANTIDIARREICOS;A07FA51;ÁCIDO LÁCTICO, ORGANISMOS PRODUCTORES DE, COMBINACIONES
A;TRACTO ALIMENTARIO Y METABOLISMO;A07X;OTROS ANTIDIARREICOS;A07XA;OTROS ANTIDIARREICOS;A07XA01;TANATO DE ALBÚMINA
A;TRACTO ALIMENTARIO Y METABOLISMO;A07X;OTROS ANTIDIARREICOS;A07XA;OTROS ANTIDIARREICOS;A07XA02;CERATONIA
A;TRACTO ALIMENTARIO Y METABOLISMO;A07X;OTROS ANTIDIARREICOS;A07XA;OTROS ANTIDIARREICOS;A07XA03;CALCIO, COMPUESTOS DE
A;TRACTO ALIMENTARIO Y METABOLISMO;A07X;OTROS ANTIDIARREICOS;A07XA;OTROS ANTIDIARREICOS;A07XA04;RACECADOTRIL
A;TRACTO ALIMENTARIO Y METABOLISMO;A07X;OTROS ANTIDIARREICOS;A07XA;OTROS ANTIDIARREICOS;A07XA51;TANATO DE ALBÚMINA, COMBINACIONES
A;TRACTO ALIMENTARIO Y METABOLISMO;A08A;PREPARADOS CONTRA LA OBESIDAD, EXCLUIDOS PRODUCTOS DIETÉTICOS;A08AA;PRODUCTOS CONTRA LA OBESIDAD DE ACCIÓN CENTRAL;A08AA01;FENTERMINA
A;TRACTO ALIMENTARIO Y METABOLISMO;A08A;PREPARADOS CONTRA LA OBESIDAD, EXCLUIDOS PRODUCTOS DIETÉTICOS;A08AA;PRODUCTOS CONTRA LA OBESIDAD DE ACCIÓN CENTRAL;A08AA02;FENFLURAMINA
A;TRACTO ALIMENTARIO Y METABOLISMO;A08A;PREPARADOS CONTRA LA OBESIDAD, EXCLUIDOS PRODUCTOS DIETÉTICOS;A08AA;PRODUCTOS CONTRA LA OBESIDAD DE ACCIÓN CENTRAL;A08AA03;AMFEPRAMONA
A;TRACTO ALIMENTARIO Y METABOLISMO;A08A;PREPARADOS CONTRA LA OBESIDAD, EXCLUIDOS PRODUCTOS DIETÉTICOS;A08AA;PRODUCTOS CONTRA LA OBESIDAD DE ACCIÓN CENTRAL;A08AA04;DEXFENFLURAMINA
A;TRACTO ALIMENTARIO Y METABOLISMO;A08A;PREPARADOS CONTRA LA OBESIDAD, EXCLUIDOS PRODUCTOS DIETÉTICOS;A08AA;PRODUCTOS CONTRA LA OBESIDAD DE ACCIÓN CENTRAL;A08AA05;MAZINDOL
A;TRACTO ALIMENTARIO Y METABOLISMO;A08A;PREPARADOS CONTRA LA OBESIDAD, EXCLUIDOS PRODUCTOS DIETÉTICOS;A08AA;PRODUCTOS CONTRA LA OBESIDAD DE ACCIÓN CENTRAL;A08AA06;ETILANFETAMINA
A;TRACTO ALIMENTARIO Y METABOLISMO;A08A;PREPARADOS CONTRA LA OBESIDAD, EXCLUIDOS PRODUCTOS DIETÉTICOS;A08AA;PRODUCTOS CONTRA LA OBESIDAD DE ACCIÓN CENTRAL;A08AA07;CATINA
A;TRACTO ALIMENTARIO Y METABOLISMO;A08A;PREPARADOS CONTRA LA OBESIDAD, EXCLUIDOS PRODUCTOS DIETÉTICOS;A08AA;PRODUCTOS CONTRA LA OBESIDAD DE ACCIÓN CENTRAL;A08AA08;CLOBENZOREX
A;TRACTO ALIMENTARIO Y METABOLISMO;A08A;PREPARADOS CONTRA LA OBESIDAD, EXCLUIDOS PRODUCTOS DIETÉTICOS;A08AA;PRODUCTOS CONTRA LA OBESIDAD DE ACCIÓN CENTRAL;A08AA09;MEFENOREX
A;TRACTO ALIMENTARIO Y METABOLISMO;A08A;PREPARADOS CONTRA LA OBESIDAD, EXCLUIDOS PRODUCTOS DIETÉTICOS;A08AA;PRODUCTOS CONTRA LA OBESIDAD DE ACCIÓN CENTRAL;A08AA10;SIBUTRAMINA
A;TRACTO ALIMENTARIO Y METABOLISMO;A08A;PREPARADOS CONTRA LA OBESIDAD, EXCLUIDOS PRODUCTOS DIETÉTICOS;A08AA;PRODUCTOS CONTRA LA OBESIDAD DE ACCIÓN CENTRAL;A08AA11;LORCASERINA
A;TRACTO ALIMENTARIO Y METABOLISMO;A08A;PREPARADOS CONTRA LA OBESIDAD, EXCLUIDOS PRODUCTOS DIETÉTICOS;A08AA;PRODUCTOS CONTRA LA OBESIDAD DE ACCIÓN CENTRAL;A08AA56;EFEDRINA, COMBINACIONES
A;TRACTO ALIMENTARIO Y METABOLISMO;A08A;PREPARADOS CONTRA LA OBESIDAD, EXCLUIDOS PRODUCTOS DIETÉTICOS;A08AB;PRODUCTOS CONTRA LA OBESIDAD DE ACCIÓN PERIFÉRICA;A08AB01;ORLISTAT
A;TRACTO ALIMENTARIO Y METABOLISMO;A08A;PREPARADOS CONTRA LA OBESIDAD, EXCLUIDOS PRODUCTOS DIETÉTICOS;A08AX;OTROS AGENTES CONTRA LA OBESIDAD;A08AX01;RIMONABANT
A;TRACTO ALIMENTARIO Y METABOLISMO;A09A;DIGESTIVOS, INCL. ENZIMAS;A09AA;PREPARADOS ENZIMÁTICOS;A09AA01;DIASTASA
A;TRACTO ALIMENTARIO Y METABOLISMO;A09A;DIGESTIVOS, INCL. ENZIMAS;A09AA;PREPARADOS ENZIMÁTICOS;A09AA02;MULTIENZIMAS (LIPASA, PROTEASA, ETC.)
A;TRACTO ALIMENTARIO Y METABOLISMO;A09A;DIGESTIVOS, INCL. ENZIMAS;A09AA;PREPARADOS ENZIMÁTICOS;A09AA03;PEPSINA
A;TRACTO ALIMENTARIO Y METABOLISMO;A09A;DIGESTIVOS, INCL. ENZIMAS;A09AA;PREPARADOS ENZIMÁTICOS;A09AA04;TILACTASA
A;TRACTO ALIMENTARIO Y METABOLISMO;A09A;DIGESTIVOS, INCL. ENZIMAS;A09AB;PREPARADOS DE ÁCIDOS;A09AB01;ÁCIDO GLUTÁMICO, CLORHIDRATO DEL
A;TRACTO ALIMENTARIO Y METABOLISMO;A09A;DIGESTIVOS, INCL. ENZIMAS;A09AB;PREPARADOS DE ÁCIDOS;A09AB02;BETAÍNA, CLORHIDRATO DE
A;TRACTO ALIMENTARIO Y METABOLISMO;A09A;DIGESTIVOS, INCL. ENZIMAS;A09AB;PREPARADOS DE ÁCIDOS;A09AB03;ÁCIDO CLORHÍDRICO
A;TRACTO ALIMENTARIO Y METABOLISMO;A09A;DIGESTIVOS, INCL. ENZIMAS;A09AB;PREPARADOS DE ÁCIDOS;A09AB04;ÁCIDO CÍTRICO
A;TRACTO ALIMENTARIO Y METABOLISMO;A09A;DIGESTIVOS, INCL. ENZIMAS;A09AC;PREPARADOS CON ENZIMAS Y ÁCIDOS EN COMBINACIÓN;A09AC01;PREPARADOS CON PEPSINA Y ÁCIDOS
A;TRACTO ALIMENTARIO Y METABOLISMO;A09A;DIGESTIVOS, INCL. ENZIMAS;A09AC;PREPARADOS CON ENZIMAS Y ÁCIDOS EN COMBINACIÓN;A09AC02;MULTIENZIMAS Y PREPARADOS DE ÁCIDOS
A;TRACTO ALIMENTARIO Y METABOLISMO;A10A;INSULINAS Y ANÁLOGOS;A10AB;INSULINAS Y ANÁLOGOS DE ACCIÓN RÁPIDA PARA INYECCIÓN;A10AB01;INSULINA (HUMANA)
A;TRACTO ALIMENTARIO Y METABOLISMO;A10A;INSULINAS Y ANÁLOGOS;A10AB;INSULINAS Y ANÁLOGOS DE ACCIÓN RÁPIDA PARA INYECCIÓN;A10AB02;INSULINA (BOVINA)
A;TRACTO ALIMENTARIO Y METABOLISMO;A10A;INSULINAS Y ANÁLOGOS;A10AB;INSULINAS Y ANÁLOGOS DE ACCIÓN RÁPIDA PARA INYECCIÓN;A10AB03;INSULINA (PORCINA)
A;TRACTO ALIMENTARIO Y METABOLISMO;A10A;INSULINAS Y ANÁLOGOS;A10AB;INSULINAS Y ANÁLOGOS DE ACCIÓN RÁPIDA PARA INYECCIÓN;A10AB04;INSULINA LISPRO
A;TRACTO ALIMENTARIO Y METABOLISMO;A10A;INSULINAS Y ANÁLOGOS;A10AB;INSULINAS Y ANÁLOGOS DE ACCIÓN RÁPIDA PARA INYECCIÓN;A10AB05;INSULINA ASPARTA
A;TRACTO ALIMENTARIO Y METABOLISMO;A10A;INSULINAS Y ANÁLOGOS;A10AB;INSULINAS Y ANÁLOGOS DE ACCIÓN RÁPIDA PARA INYECCIÓN;A10AB06;INSULINA GLULISINA
A;TRACTO ALIMENTARIO Y METABOLISMO;A10A;INSULINAS Y ANÁLOGOS;A10AB;INSULINAS Y ANÁLOGOS DE ACCIÓN RÁPIDA PARA INYECCIÓN;A10AB30;COMBINACIONES
A;TRACTO ALIMENTARIO Y METABOLISMO;A10A;INSULINAS Y ANÁLOGOS;A10AC;INSULINAS Y ANÁLOGOS DE ACCIÓN INTERMEDIA PARA INYECCIÓN;A10AC01;INSULINA (HUMANA)
A;TRACTO ALIMENTARIO Y METABOLISMO;A10A;INSULINAS Y ANÁLOGOS;A10AC;INSULINAS Y ANÁLOGOS DE ACCIÓN INTERMEDIA PARA INYECCIÓN;A10AC02;INSULINA (BOVINA)
A;TRACTO ALIMENTARIO Y METABOLISMO;A10A;INSULINAS Y ANÁLOGOS;A10AC;INSULINAS Y ANÁLOGOS DE ACCIÓN INTERMEDIA PARA INYECCIÓN;A10AC03;INSULINA (PORCINA)
A;TRACTO ALIMENTARIO Y METABOLISMO;A10A;INSULINAS Y ANÁLOGOS;A10AC;INSULINAS Y ANÁLOGOS DE ACCIÓN INTERMEDIA PARA INYECCIÓN;A10AC04;INSULINA LISPRO
A;TRACTO ALIMENTARIO Y METABOLISMO;A10A;INSULINAS Y ANÁLOGOS;A10AC;INSULINAS Y ANÁLOGOS DE ACCIÓN INTERMEDIA PARA INYECCIÓN;A10AC30;COMBINACIONES
A;TRACTO ALIMENTARIO Y METABOLISMO;A10A;INSULINAS Y ANÁLOGOS;A10AD;COMBINACIONES DE INSULINAS Y ANÁLOGOS DE ACCIÓN INTERMEDIA Y ACCIÓN RÁPIDA PARA INYECCIÓN;A10AD01;INSULINA (HUMANA)
A;TRACTO ALIMENTARIO Y METABOLISMO;A10A;INSULINAS Y ANÁLOGOS;A10AD;COMBINACIONES DE INSULINAS Y ANÁLOGOS DE ACCIÓN INTERMEDIA Y ACCIÓN RÁPIDA PARA INYECCIÓN;A10AD02;INSULINA (BOVINA)
A;TRACTO ALIMENTARIO Y METABOLISMO;A10A;INSULINAS Y ANÁLOGOS;A10AD;COMBINACIONES DE INSULINAS Y ANÁLOGOS DE ACCIÓN INTERMEDIA Y ACCIÓN RÁPIDA PARA INYECCIÓN;A10AD03;INSULINA (PORCINA)
A;TRACTO ALIMENTARIO Y METABOLISMO;A10A;INSULINAS Y ANÁLOGOS;A10AD;COMBINACIONES DE INSULINAS Y ANÁLOGOS DE ACCIÓN INTERMEDIA Y ACCIÓN RÁPIDA PARA INYECCIÓN;A10AD04;INSULINA LISPRO
A;TRACTO ALIMENTARIO Y METABOLISMO;A10A;INSULINAS Y ANÁLOGOS;A10AD;COMBINACIONES DE INSULINAS Y ANÁLOGOS DE ACCIÓN INTERMEDIA Y ACCIÓN RÁPIDA PARA INYECCIÓN;A10AD05;INSULINA ASPARTA
A;TRACTO ALIMENTARIO Y METABOLISMO;A10A;INSULINAS Y ANÁLOGOS;A10AD;COMBINACIONES DE INSULINAS Y ANÁLOGOS DE ACCIÓN INTERMEDIA Y ACCIÓN RÁPIDA PARA INYECCIÓN;A10AD06;INSULINA DEGLUDEC E INSULINA ASPARTA
A;TRACTO ALIMENTARIO Y METABOLISMO;A10A;INSULINAS Y ANÁLOGOS;A10AD;COMBINACIONES DE INSULINAS Y ANÁLOGOS DE ACCIÓN INTERMEDIA Y ACCIÓN RÁPIDA PARA INYECCIÓN;A10AD30;COMBINACIONES
A;TRACTO ALIMENTARIO Y METABOLISMO;A10A;INSULINAS Y ANÁLOGOS;A10AE;INSULINAS Y ANÁLOGOS DE ACCIÓN PROLONGADA PARA INYECCIÓN;A10AE01;INSULINA (HUMANA)
A;TRACTO ALIMENTARIO Y METABOLISMO;A10A;INSULINAS Y ANÁLOGOS;A10AE;INSULINAS Y ANÁLOGOS DE ACCIÓN PROLONGADA PARA INYECCIÓN;A10AE02;INSULINA (BOVINA)
A;TRACTO ALIMENTARIO Y METABOLISMO;A10A;INSULINAS Y ANÁLOGOS;A10AE;INSULINAS Y ANÁLOGOS DE ACCIÓN PROLONGADA PARA INYECCIÓN;A10AE03;INSULINA (PORCINA)
A;TRACTO ALIMENTARIO Y METABOLISMO;A10A;INSULINAS Y ANÁLOGOS;A10AE;INSULINAS Y ANÁLOGOS DE ACCIÓN PROLONGADA PARA INYECCIÓN;A10AE04;INSULINA GLARGINA
A;TRACTO ALIMENTARIO Y METABOLISMO;A10A;INSULINAS Y ANÁLOGOS;A10AE;INSULINAS Y ANÁLOGOS DE ACCIÓN PROLONGADA PARA INYECCIÓN;A10AE05;INSULINA DETEMIR
A;TRACTO ALIMENTARIO Y METABOLISMO;A10A;INSULINAS Y ANÁLOGOS;A10AE;INSULINAS Y ANÁLOGOS DE ACCIÓN PROLONGADA PARA INYECCIÓN;A10AE30;COMBINACIONES
A;TRACTO ALIMENTARIO Y METABOLISMO;A10A;INSULINAS Y ANÁLOGOS;A10AF;INSULINAS Y ANÁLOGOS PARA INHALACIÓN;A10AF01;INSULINA (HUMANA)
A;TRACTO ALIMENTARIO Y METABOLISMO;A10B;DROGAS HIPOGLUCEMIANTES EXCLUIDOS INSULINAS;A10BA;BIGUANIDAS;A10BA01;FENFORMINA
A;TRACTO ALIMENTARIO Y METABOLISMO;A10B;DROGAS HIPOGLUCEMIANTES EXCLUIDOS INSULINAS;A10BA;BIGUANIDAS;A10BA02;METFORMINA
A;TRACTO ALIMENTARIO Y METABOLISMO;A10B;DROGAS HIPOGLUCEMIANTES EXCLUIDOS INSULINAS;A10BA;BIGUANIDAS;A10BA03;BUFORMINA
A;TRACTO ALIMENTARIO Y METABOLISMO;A10B;DROGAS HIPOGLUCEMIANTES EXCLUIDOS INSULINAS;A10BB;DERIVADOS DE LAS SULFONILUREAS;A10BB01;GLIBENCLAMIDA
A;TRACTO ALIMENTARIO Y METABOLISMO;A10B;DROGAS HIPOGLUCEMIANTES EXCLUIDOS INSULINAS;A10BB;DERIVADOS DE LAS SULFONILUREAS;A10BB02;CLORPROPAMIDA
A;TRACTO ALIMENTARIO Y METABOLISMO;A10B;DROGAS HIPOGLUCEMIANTES EXCLUIDOS INSULINAS;A10BB;DERIVADOS DE LAS SULFONILUREAS;A10BB03;TOLBUTAMIDA
A;TRACTO ALIMENTARIO Y METABOLISMO;A10B;DROGAS HIPOGLUCEMIANTES EXCLUIDOS INSULINAS;A10BB;DERIVADOS DE LAS SULFONILUREAS;A10BB04;GLIBORNURIDA
A;TRACTO ALIMENTARIO Y METABOLISMO;A10B;DROGAS HIPOGLUCEMIANTES EXCLUIDOS INSULINAS;A10BB;DERIVADOS DE LAS SULFONILUREAS;A10BB05;TOLAZAMIDA
A;TRACTO ALIMENTARIO Y METABOLISMO;A10B;DROGAS HIPOGLUCEMIANTES EXCLUIDOS INSULINAS;A10BB;DERIVADOS DE LAS SULFONILUREAS;A10BB06;CARBUTAMIDA
A;TRACTO ALIMENTARIO Y METABOLISMO;A10B;DROGAS HIPOGLUCEMIANTES EXCLUIDOS INSULINAS;A10BB;DERIVADOS DE LAS SULFONILUREAS;A10BB07;GLIPIZIDA
A;TRACTO ALIMENTARIO Y METABOLISMO;A10B;DROGAS HIPOGLUCEMIANTES EXCLUIDOS INSULINAS;A10BB;DERIVADOS DE LAS SULFONILUREAS;A10BB08;GLIQUIDONA
A;TRACTO ALIMENTARIO Y METABOLISMO;A10B;DROGAS HIPOGLUCEMIANTES EXCLUIDOS INSULINAS;A10BB;DERIVADOS DE LAS SULFONILUREAS;A10BB09;GLICLAZIDA
A;TRACTO ALIMENTARIO Y METABOLISMO;A10B;DROGAS HIPOGLUCEMIANTES EXCLUIDOS INSULINAS;A10BB;DERIVADOS DE LAS SULFONILUREAS;A10BB10;METAHEXAMIDA
A;TRACTO ALIMENTARIO Y METABOLISMO;A10B;DROGAS HIPOGLUCEMIANTES EXCLUIDOS INSULINAS;A10BB;DERIVADOS DE LAS SULFONILUREAS;A10BB11;GLISOXEPIDA
A;TRACTO ALIMENTARIO Y METABOLISMO;A10B;DROGAS HIPOGLUCEMIANTES EXCLUIDOS INSULINAS;A10BB;DERIVADOS DE LAS SULFONILUREAS;A10BB12;GLIMEPIRIDA
A;TRACTO ALIMENTARIO Y METABOLISMO;A10B;DROGAS HIPOGLUCEMIANTES EXCLUIDOS INSULINAS;A10BB;DERIVADOS DE LAS SULFONILUREAS;A10BB31;ACETOHEXAMIDA
A;TRACTO ALIMENTARIO Y METABOLISMO;A10B;DROGAS HIPOGLUCEMIANTES EXCLUIDOS INSULINAS;A10BC;SULFONAMIDAS (HETEROCÍCLICAS);A10BC01;GLIMIDINA
A;TRACTO ALIMENTARIO Y METABOLISMO;A10B;DROGAS HIPOGLUCEMIANTES EXCLUIDOS INSULINAS;A10BD;COMBINACIONES DE DROGAS HIPOGLUCEMIANTES ORALES;A10BD01;FENFORMINA Y SULFONAMIDAS
A;TRACTO ALIMENTARIO Y METABOLISMO;A10B;DROGAS HIPOGLUCEMIANTES EXCLUIDOS INSULINAS;A10BD;COMBINACIONES DE DROGAS HIPOGLUCEMIANTES ORALES;A10BD02;METFORMINA Y SULFONAMIDAS
A;TRACTO ALIMENTARIO Y METABOLISMO;A10B;DROGAS HIPOGLUCEMIANTES EXCLUIDOS INSULINAS;A10BD;COMBINACIONES DE DROGAS HIPOGLUCEMIANTES ORALES;A10BD03;METFORMINA Y ROSIGLITAZONA
A;TRACTO ALIMENTARIO Y METABOLISMO;A10B;DROGAS HIPOGLUCEMIANTES EXCLUIDOS INSULINAS;A10BD;COMBINACIONES DE DROGAS HIPOGLUCEMIANTES ORALES;A10BD04;GLIMEPIRIDA Y ROSIGLITAZONA
A;TRACTO ALIMENTARIO Y METABOLISMO;A10B;DROGAS HIPOGLUCEMIANTES EXCLUIDOS INSULINAS;A10BD;COMBINACIONES DE DROGAS HIPOGLUCEMIANTES ORALES;A10BD05;METFORMINA Y PIOGLITAZONA
A;TRACTO ALIMENTARIO Y METABOLISMO;A10B;DROGAS HIPOGLUCEMIANTES EXCLUIDOS INSULINAS;A10BD;COMBINACIONES DE DROGAS HIPOGLUCEMIANTES ORALES;A10BD06;GLIMEPIRIDA Y PIOGLITAZONA
A;TRACTO ALIMENTARIO Y METABOLISMO;A10B;DROGAS HIPOGLUCEMIANTES EXCLUIDOS INSULINAS;A10BD;COMBINACIONES DE DROGAS HIPOGLUCEMIANTES ORALES;A10BD07;METFORMINA Y SITAGLIPTINA
A;TRACTO ALIMENTARIO Y METABOLISMO;A10B;DROGAS HIPOGLUCEMIANTES EXCLUIDOS INSULINAS;A10BD;COMBINACIONES DE DROGAS HIPOGLUCEMIANTES ORALES;A10BD08;METFORMINA Y VILDAGLIPTINA
A;TRACTO ALIMENTARIO Y METABOLISMO;A10B;DROGAS HIPOGLUCEMIANTES EXCLUIDOS INSULINAS;A10BD;COMBINACIONES DE DROGAS HIPOGLUCEMIANTES ORALES;A10BD09;PIOGLITAZONA Y ALOGLIPTINA
A;TRACTO ALIMENTARIO Y METABOLISMO;A10B;DROGAS HIPOGLUCEMIANTES EXCLUIDOS INSULINAS;A10BD;COMBINACIONES DE DROGAS HIPOGLUCEMIANTES ORALES;A10BD10;METFORMINA Y SAXAGLIPTINA
A;TRACTO ALIMENTARIO Y METABOLISMO;A10B;DROGAS HIPOGLUCEMIANTES EXCLUIDOS INSULINAS;A10BD;COMBINACIONES DE DROGAS HIPOGLUCEMIANTES ORALES;A10BD11;METFORMINA Y LINAGLIPTINA
A;TRACTO ALIMENTARIO Y METABOLISMO;A10B;DROGAS HIPOGLUCEMIANTES EXCLUIDOS INSULINAS;A10BD;COMBINACIONES DE DROGAS HIPOGLUCEMIANTES ORALES;A10BD12;PIOGLITAZONA Y SITAGLIPTINA
A;TRACTO ALIMENTARIO Y METABOLISMO;A10B;DROGAS HIPOGLUCEMIANTES EXCLUIDOS INSULINAS;A10BD;COMBINACIONES DE DROGAS HIPOGLUCEMIANTES ORALES;A10BD13;METFORMINA Y ALOGLIPTINA
A;TRACTO ALIMENTARIO Y METABOLISMO;A10B;DROGAS HIPOGLUCEMIANTES EXCLUIDOS INSULINAS;A10BD;COMBINACIONES DE DROGAS HIPOGLUCEMIANTES ORALES;A10BD14;METFORMINA Y REPAGLINIDA
A;TRACTO ALIMENTARIO Y METABOLISMO;A10B;DROGAS HIPOGLUCEMIANTES EXCLUIDOS INSULINAS;A10BD;COMBINACIONES DE DROGAS HIPOGLUCEMIANTES ORALES;A10BD15;METORFMINA Y DAPAGLIFOZINA
A;TRACTO ALIMENTARIO Y METABOLISMO;A10B;DROGAS HIPOGLUCEMIANTES EXCLUIDOS INSULINAS;A10BF;INHIBIDORES DE LA ALFA GLUCOSIDASA;A10BF01;ACARBOSA
A;TRACTO ALIMENTARIO Y METABOLISMO;A10B;DROGAS HIPOGLUCEMIANTES EXCLUIDOS INSULINAS;A10BF;INHIBIDORES DE LA ALFA GLUCOSIDASA;A10BF02;MIGLITOL
A;TRACTO ALIMENTARIO Y METABOLISMO;A10B;DROGAS HIPOGLUCEMIANTES EXCLUIDOS INSULINAS;A10BF;INHIBIDORES DE LA ALFA GLUCOSIDASA;A10BF03;VOGLIBOSA
A;TRACTO ALIMENTARIO Y METABOLISMO;A10B;DROGAS HIPOGLUCEMIANTES EXCLUIDOS INSULINAS;A10BG;TIAZOLIDINADIONAS;A10BG01;TROGLITAZONA
A;TRACTO ALIMENTARIO Y METABOLISMO;A10B;DROGAS HIPOGLUCEMIANTES EXCLUIDOS INSULINAS;A10BG;TIAZOLIDINADIONAS;A10BG02;ROSIGLITAZONA
A;TRACTO ALIMENTARIO Y METABOLISMO;A10B;DROGAS HIPOGLUCEMIANTES EXCLUIDOS INSULINAS;A10BG;TIAZOLIDINADIONAS;A10BG03;PIOGLITAZONA
A;TRACTO ALIMENTARIO Y METABOLISMO;A10B;DROGAS HIPOGLUCEMIANTES EXCLUIDOS INSULINAS;A10BH;INHIBIDORES DE LA DIPEPTIDIL PEPTIDASA (DPP-4);A10BH01;SITAGLIPTINA
A;TRACTO ALIMENTARIO Y METABOLISMO;A10B;DROGAS HIPOGLUCEMIANTES EXCLUIDOS INSULINAS;A10BH;INHIBIDORES DE LA DIPEPTIDIL PEPTIDASA (DPP-4);A10BH02;VILDAGLIPTINA
A;TRACTO ALIMENTARIO Y METABOLISMO;A10B;DROGAS HIPOGLUCEMIANTES EXCLUIDOS INSULINAS;A10BH;INHIBIDORES DE LA DIPEPTIDIL PEPTIDASA (DPP-4);A10BH03;SAXAGLIPTINA
A;TRACTO ALIMENTARIO Y METABOLISMO;A10B;DROGAS HIPOGLUCEMIANTES EXCLUIDOS INSULINAS;A10BH;INHIBIDORES DE LA DIPEPTIDIL PEPTIDASA (DPP-4);A10BH04;ALOGLIPTINA
A;TRACTO ALIMENTARIO Y METABOLISMO;A10B;DROGAS HIPOGLUCEMIANTES EXCLUIDOS INSULINAS;A10BH;INHIBIDORES DE LA DIPEPTIDIL PEPTIDASA (DPP-4);A10BH05;LINAGLIPTINA
A;TRACTO ALIMENTARIO Y METABOLISMO;A10B;DROGAS HIPOGLUCEMIANTES EXCLUIDOS INSULINAS;A10BH;INHIBIDORES DE LA DIPEPTIDIL PEPTIDASA (DPP-4);A10BH06;GEMIGLIPTINA
A;TRACTO ALIMENTARIO Y METABOLISMO;A10B;DROGAS HIPOGLUCEMIANTES EXCLUIDOS INSULINAS;A10BH;INHIBIDORES DE LA DIPEPTIDIL PEPTIDASA (DPP-4);A10BH51;SITAGLIPTINA Y SIMVASTATINA
A;TRACTO ALIMENTARIO Y METABOLISMO;A10B;DROGAS HIPOGLUCEMIANTES EXCLUIDOS INSULINAS;A10BX;OTRAS DROGAS HIPOGLUCEMIANTES EXCLUIDOS INSULINAS;A10BX01;GOMA GUAR
A;TRACTO ALIMENTARIO Y METABOLISMO;A10B;DROGAS HIPOGLUCEMIANTES EXCLUIDOS INSULINAS;A10BX;OTRAS DROGAS HIPOGLUCEMIANTES EXCLUIDOS INSULINAS;A10BX02;REPAGLINIDA
A;TRACTO ALIMENTARIO Y METABOLISMO;A10B;DROGAS HIPOGLUCEMIANTES EXCLUIDOS INSULINAS;A10BX;OTRAS DROGAS HIPOGLUCEMIANTES EXCLUIDOS INSULINAS;A10BX03;NATEGLINIDA
A;TRACTO ALIMENTARIO Y METABOLISMO;A10B;DROGAS HIPOGLUCEMIANTES EXCLUIDOS INSULINAS;A10BX;OTRAS DROGAS HIPOGLUCEMIANTES EXCLUIDOS INSULINAS;A10BX04;EXENATIDA
A;TRACTO ALIMENTARIO Y METABOLISMO;A10B;DROGAS HIPOGLUCEMIANTES EXCLUIDOS INSULINAS;A10BX;OTRAS DROGAS HIPOGLUCEMIANTES EXCLUIDOS INSULINAS;A10BX05;PRAMLINTIDA
A;TRACTO ALIMENTARIO Y METABOLISMO;A10B;DROGAS HIPOGLUCEMIANTES EXCLUIDOS INSULINAS;A10BX;OTRAS DROGAS HIPOGLUCEMIANTES EXCLUIDOS INSULINAS;A10BX06;BENFLUOREX
A;TRACTO ALIMENTARIO Y METABOLISMO;A10B;DROGAS HIPOGLUCEMIANTES EXCLUIDOS INSULINAS;A10BX;OTRAS DROGAS HIPOGLUCEMIANTES EXCLUIDOS INSULINAS;A10BX07;LIRAGLUTIDA
A;TRACTO ALIMENTARIO Y METABOLISMO;A10B;DROGAS HIPOGLUCEMIANTES EXCLUIDOS INSULINAS;A10BX;OTRAS DROGAS HIPOGLUCEMIANTES EXCLUIDOS INSULINAS;A10BX08;MITIGLINIDA
A;TRACTO ALIMENTARIO Y METABOLISMO;A10B;DROGAS HIPOGLUCEMIANTES EXCLUIDOS INSULINAS;A10BX;OTRAS DROGAS HIPOGLUCEMIANTES EXCLUIDOS INSULINAS;A10BX09;DAPAGLIFLOZINA
A;TRACTO ALIMENTARIO Y METABOLISMO;A10B;DROGAS HIPOGLUCEMIANTES EXCLUIDOS INSULINAS;A10BX;OTRAS DROGAS HIPOGLUCEMIANTES EXCLUIDOS INSULINAS;A10BX10;LIXISENATIDA
A;TRACTO ALIMENTARIO Y METABOLISMO;A10B;DROGAS HIPOGLUCEMIANTES EXCLUIDOS INSULINAS;A10BX;OTRAS DROGAS HIPOGLUCEMIANTES EXCLUIDOS INSULINAS;A10BX11;CANAGLIFLOZINA
A;TRACTO ALIMENTARIO Y METABOLISMO;A10B;DROGAS HIPOGLUCEMIANTES EXCLUIDOS INSULINAS;A10BX;OTRAS DROGAS HIPOGLUCEMIANTES EXCLUIDOS INSULINAS;A10BX12;EMPAGLIFLOZINA
A;TRACTO ALIMENTARIO Y METABOLISMO;A10X;OTRAS DROGAS USADAS EN DIABETES;A10XA;INHIBIDORES DE LA ALDOSA REDUCTASA;A10XA01;TOLRESTAT
A;TRACTO ALIMENTARIO Y METABOLISMO;A11A;MULTIVITAMÍNICOS, COMBINACIONES;A11AA;MULTIVITAMÍNICOS CON MINERALES;A11AA01;MULTIVITAMÍNICOS CON HIERRO
A;TRACTO ALIMENTARIO Y METABOLISMO;A11A;MULTIVITAMÍNICOS, COMBINACIONES;A11AA;MULTIVITAMÍNICOS CON MINERALES;A11AA02;MULTIVITAMÍNICOS CON CALCIO
A;TRACTO ALIMENTARIO Y METABOLISMO;A11A;MULTIVITAMÍNICOS, COMBINACIONES;A11AA;MULTIVITAMÍNICOS CON MINERALES;A11AA03;MULTIVITAMÍNICOS CON OTROS MINERALES, INCL. COMBINACIONES
A;TRACTO ALIMENTARIO Y METABOLISMO;A11A;MULTIVITAMÍNICOS, COMBINACIONES;A11AA;MULTIVITAMÍNICOS CON MINERALES;A11AA04;MULTIVITAMÍNICOS Y OLIGOELEMENTOS
A;TRACTO ALIMENTARIO Y METABOLISMO;A11C;VITAMINAS A Y D, INCL. COMBINACIONES DE LAS DOS;A11CA;VITAMINA A SOLA;A11CA01;RETINOL (VITAMINA A)
A;TRACTO ALIMENTARIO Y METABOLISMO;A11C;VITAMINAS A Y D, INCL. COMBINACIONES DE LAS DOS;A11CA;VITAMINA A SOLA;A11CA02;BETACAROTENO
A;TRACTO ALIMENTARIO Y METABOLISMO;A11C;VITAMINAS A Y D, INCL. COMBINACIONES DE LAS DOS;A11CC;VITAMINA D Y ANÁLOGOS;A11CC01;ERGOCALCIFEROL
A;TRACTO ALIMENTARIO Y METABOLISMO;A11C;VITAMINAS A Y D, INCL. COMBINACIONES DE LAS DOS;A11CC;VITAMINA D Y ANÁLOGOS;A11CC02;DIHIDROTAQUISTEROL
A;TRACTO ALIMENTARIO Y METABOLISMO;A11C;VITAMINAS A Y D, INCL. COMBINACIONES DE LAS DOS;A11CC;VITAMINA D Y ANÁLOGOS;A11CC03;ALFACALCIDOL
A;TRACTO ALIMENTARIO Y METABOLISMO;A11C;VITAMINAS A Y D, INCL. COMBINACIONES DE LAS DOS;A11CC;VITAMINA D Y ANÁLOGOS;A11CC04;CALCITRIOL
A;TRACTO ALIMENTARIO Y METABOLISMO;A11C;VITAMINAS A Y D, INCL. COMBINACIONES DE LAS DOS;A11CC;VITAMINA D Y ANÁLOGOS;A11CC05;COLECALCIFEROL
A;TRACTO ALIMENTARIO Y METABOLISMO;A11C;VITAMINAS A Y D, INCL. COMBINACIONES DE LAS DOS;A11CC;VITAMINA D Y ANÁLOGOS;A11CC06;CALCIFEDIOL
A;TRACTO ALIMENTARIO Y METABOLISMO;A11C;VITAMINAS A Y D, INCL. COMBINACIONES DE LAS DOS;A11CC;VITAMINA D Y ANÁLOGOS;A11CC20;COMBINACIONES
A;TRACTO ALIMENTARIO Y METABOLISMO;A11D;VITAMINA B1, SOLA  Y EN COMBINACIÓN CON VITAMINAS B6 Y B12;A11DA;VITAMINA B1 SOLA;A11DA01;TIAMINA (VITAMINA B1)
A;TRACTO ALIMENTARIO Y METABOLISMO;A11D;VITAMINA B1, SOLA  Y EN COMBINACIÓN CON VITAMINAS B6 Y B12;A11DA;VITAMINA B1 SOLA;A11DA02;SULBUTIAMINA
A;TRACTO ALIMENTARIO Y METABOLISMO;A11D;VITAMINA B1, SOLA  Y EN COMBINACIÓN CON VITAMINAS B6 Y B12;A11DA;VITAMINA B1 SOLA;A11DA03;BENFOTIAMINA
A;TRACTO ALIMENTARIO Y METABOLISMO;A11G;ÁCIDO ASCÓRBICO (VITAMINA C), INCL. COMBINACIONES;A11GA;ÁCIDO ASCÓRBICO (VITAMINA C), MONOTERAPIA;A11GA01;ÁCIDO ASCÓRBICO (VITAMINA C)
A;TRACTO ALIMENTARIO Y METABOLISMO;A11G;ÁCIDO ASCÓRBICO (VITAMINA C), INCL. COMBINACIONES;A11GB;ÁCIDO ASCÓRBICO (VITAMINA C), COMBINACIONES;A11GB01;ÁCIDO ASCÓRBICO (VITAMINA C) Y CALCIO
A;TRACTO ALIMENTARIO Y METABOLISMO;A11H;OTROS PREPARADOS DE VITAMINAS, MONODROGAS;A11HA;OTROS PREPARADOS DE  VITAMINAS, MONOTERAPIA;A11HA01;NICOTINAMIDA
A;TRACTO ALIMENTARIO Y METABOLISMO;A11H;OTROS PREPARADOS DE VITAMINAS, MONODROGAS;A11HA;OTROS PREPARADOS DE  VITAMINAS, MONOTERAPIA;A11HA02;PIRIDOXINA (VITAMINA B6)
A;TRACTO ALIMENTARIO Y METABOLISMO;A11H;OTROS PREPARADOS DE VITAMINAS, MONODROGAS;A11HA;OTROS PREPARADOS DE  VITAMINAS, MONOTERAPIA;A11HA03;TOCOFEROL (VITAMINA E)
A;TRACTO ALIMENTARIO Y METABOLISMO;A11H;OTROS PREPARADOS DE VITAMINAS, MONODROGAS;A11HA;OTROS PREPARADOS DE  VITAMINAS, MONOTERAPIA;A11HA04;RIBOFLAVINA (VITAMINA B2)
A;TRACTO ALIMENTARIO Y METABOLISMO;A11H;OTROS PREPARADOS DE VITAMINAS, MONODROGAS;A11HA;OTROS PREPARADOS DE  VITAMINAS, MONOTERAPIA;A11HA05;BIOTINA
A;TRACTO ALIMENTARIO Y METABOLISMO;A11H;OTROS PREPARADOS DE VITAMINAS, MONODROGAS;A11HA;OTROS PREPARADOS DE  VITAMINAS, MONOTERAPIA;A11HA06;PIRIDOXAL, FOSFATO DE
A;TRACTO ALIMENTARIO Y METABOLISMO;A11H;OTROS PREPARADOS DE VITAMINAS, MONODROGAS;A11HA;OTROS PREPARADOS DE  VITAMINAS, MONOTERAPIA;A11HA07;INOSITOL
A;TRACTO ALIMENTARIO Y METABOLISMO;A11H;OTROS PREPARADOS DE VITAMINAS, MONODROGAS;A11HA;OTROS PREPARADOS DE  VITAMINAS, MONOTERAPIA;A11HA08;TOCOFERSOLÁN
A;TRACTO ALIMENTARIO Y METABOLISMO;A11H;OTROS PREPARADOS DE VITAMINAS, MONODROGAS;A11HA;OTROS PREPARADOS DE  VITAMINAS, MONOTERAPIA;A11HA30;DEXPANTENOL
A;TRACTO ALIMENTARIO Y METABOLISMO;A11H;OTROS PREPARADOS DE VITAMINAS, MONODROGAS;A11HA;OTROS PREPARADOS DE  VITAMINAS, MONOTERAPIA;A11HA31;PANTOTENATO DE CALCIO
A;TRACTO ALIMENTARIO Y METABOLISMO;A11H;OTROS PREPARADOS DE VITAMINAS, MONODROGAS;A11HA;OTROS PREPARADOS DE  VITAMINAS, MONOTERAPIA;A11HA32;PANTETINA
A;TRACTO ALIMENTARIO Y METABOLISMO;A12A;CALCIO;A12AA;CALCIO;A12AA01;FOSFATO DE CALCIO
A;TRACTO ALIMENTARIO Y METABOLISMO;A12A;CALCIO;A12AA;CALCIO;A12AA02;GLUBIONATO DE CALCIO
A;TRACTO ALIMENTARIO Y METABOLISMO;A12A;CALCIO;A12AA;CALCIO;A12AA03;GLUCONATO DE CALCIO
A;TRACTO ALIMENTARIO Y METABOLISMO;A12A;CALCIO;A12AA;CALCIO;A12AA04;CARBONATO DE CALCIO
A;TRACTO ALIMENTARIO Y METABOLISMO;A12A;CALCIO;A12AA;CALCIO;A12AA05;LACTATO DE CALCIO
A;TRACTO ALIMENTARIO Y METABOLISMO;A12A;CALCIO;A12AA;CALCIO;A12AA06;LACTATO Y GLUCONATO DE CALCIO
A;TRACTO ALIMENTARIO Y METABOLISMO;A12A;CALCIO;A12AA;CALCIO;A12AA07;CLORURO DE CALCIO
A;TRACTO ALIMENTARIO Y METABOLISMO;A12A;CALCIO;A12AA;CALCIO;A12AA08;GLICERILFOSFATO DE CALCIO
A;TRACTO ALIMENTARIO Y METABOLISMO;A12A;CALCIO;A12AA;CALCIO;A12AA09;COMPLEJO DE CITRATO DE LISINA Y CALCIO
A;TRACTO ALIMENTARIO Y METABOLISMO;A12A;CALCIO;A12AA;CALCIO;A12AA10;GLUCOHEPTONATO DE CALCIO
A;TRACTO ALIMENTARIO Y METABOLISMO;A12A;CALCIO;A12AA;CALCIO;A12AA11;PANGAMATO DE CALCIO
A;TRACTO ALIMENTARIO Y METABOLISMO;A12A;CALCIO;A12AA;CALCIO;A12AA12;ACETATO ANHIDRO DE CALCIO
A;TRACTO ALIMENTARIO Y METABOLISMO;A12A;CALCIO;A12AA;CALCIO;A12AA13;CITRATO DE CLACIO
A;TRACTO ALIMENTARIO Y METABOLISMO;A12A;CALCIO;A12AA;CALCIO;A12AA20;CALCIO (DIFERENTES SALES EN COMBINACIÓN)
A;TRACTO ALIMENTARIO Y METABOLISMO;A12A;CALCIO;A12AA;CALCIO;A12AA30;LEVULATO DE CALCIO
A;TRACTO ALIMENTARIO Y METABOLISMO;A12B;POTASIO;A12BA;POTASIO;A12BA01;CLORURO DE POTASIO
A;TRACTO ALIMENTARIO Y METABOLISMO;A12B;POTASIO;A12BA;POTASIO;A12BA02;CITRATO DE POTASIO
A;TRACTO ALIMENTARIO Y METABOLISMO;A12B;POTASIO;A12BA;POTASIO;A12BA03;BITARTRATO DE POTASIO
A;TRACTO ALIMENTARIO Y METABOLISMO;A12B;POTASIO;A12BA;POTASIO;A12BA04;BICARBONATO DE POTASIO
A;TRACTO ALIMENTARIO Y METABOLISMO;A12B;POTASIO;A12BA;POTASIO;A12BA05;GLUCONATO DE POTASIO
A;TRACTO ALIMENTARIO Y METABOLISMO;A12B;POTASIO;A12BA;POTASIO;A12BA30;COMBINACIONES
A;TRACTO ALIMENTARIO Y METABOLISMO;A12B;POTASIO;A12BA;POTASIO;A12BA51;CLORURO DE POTASIO, COMBINACIONES
A;TRACTO ALIMENTARIO Y METABOLISMO;A12C;OTROS SUPLEMENTOS MINERALES;A12CA;SODIO;A12CA01;CLORURO DE SODIO
A;TRACTO ALIMENTARIO Y METABOLISMO;A12C;OTROS SUPLEMENTOS MINERALES;A12CA;SODIO;A12CA02;SULFATO DE SODIO
A;TRACTO ALIMENTARIO Y METABOLISMO;A12C;OTROS SUPLEMENTOS MINERALES;A12CB;ZINC;A12CB01;SULFATO DE ZINC
A;TRACTO ALIMENTARIO Y METABOLISMO;A12C;OTROS SUPLEMENTOS MINERALES;A12CB;ZINC;A12CB02;GLUCONATO DE ZINC
A;TRACTO ALIMENTARIO Y METABOLISMO;A12C;OTROS SUPLEMENTOS MINERALES;A12CB;ZINC;A12CB03;ZINC, COMPLEJO DE PROTEÍNAS
A;TRACTO ALIMENTARIO Y METABOLISMO;A12C;OTROS SUPLEMENTOS MINERALES;A12CC;MAGNESIO;A12CC01;CLORURO DE MAGNESIO
A;TRACTO ALIMENTARIO Y METABOLISMO;A12C;OTROS SUPLEMENTOS MINERALES;A12CC;MAGNESIO;A12CC02;SULFATO DE MAGNESIO
A;TRACTO ALIMENTARIO Y METABOLISMO;A12C;OTROS SUPLEMENTOS MINERALES;A12CC;MAGNESIO;A12CC03;GLUCONATO DE MAGNESIO
A;TRACTO ALIMENTARIO Y METABOLISMO;A12C;OTROS SUPLEMENTOS MINERALES;A12CC;MAGNESIO;A12CC04;CITRATO DE MAGNESIO
A;TRACTO ALIMENTARIO Y METABOLISMO;A12C;OTROS SUPLEMENTOS MINERALES;A12CC;MAGNESIO;A12CC05;ASPARTATO DE MAGNESIO
A;TRACTO ALIMENTARIO Y METABOLISMO;A12C;OTROS SUPLEMENTOS MINERALES;A12CC;MAGNESIO;A12CC06;LACTATO DE MAGNESIO
A;TRACTO ALIMENTARIO Y METABOLISMO;A12C;OTROS SUPLEMENTOS MINERALES;A12CC;MAGNESIO;A12CC07;LEVULINATO DE MAGNESIO
A;TRACTO ALIMENTARIO Y METABOLISMO;A12C;OTROS SUPLEMENTOS MINERALES;A12CC;MAGNESIO;A12CC08;PIDOLATO DE MAGNESIO
A;TRACTO ALIMENTARIO Y METABOLISMO;A12C;OTROS SUPLEMENTOS MINERALES;A12CC;MAGNESIO;A12CC09;OROTATO DE MAGNESIO
A;TRACTO ALIMENTARIO Y METABOLISMO;A12C;OTROS SUPLEMENTOS MINERALES;A12CC;MAGNESIO;A12CC10;ÓXIDO DE MAGNESIO
A;TRACTO ALIMENTARIO Y METABOLISMO;A12C;OTROS SUPLEMENTOS MINERALES;A12CC;MAGNESIO;A12CC30;MAGNESIO (COMBINACIÓN DE DIFERENTES SALES)
A;TRACTO ALIMENTARIO Y METABOLISMO;A12C;OTROS SUPLEMENTOS MINERALES;A12CD;FLUORURO;A12CD01;FLUORURO DE SODIO
A;TRACTO ALIMENTARIO Y METABOLISMO;A12C;OTROS SUPLEMENTOS MINERALES;A12CD;FLUORURO;A12CD02;MONOFLUORFOSFATO DE SODIO
A;TRACTO ALIMENTARIO Y METABOLISMO;A12C;OTROS SUPLEMENTOS MINERALES;A12CD;FLUORURO;A12CD51;FLUORURO, COMBINACIONES CON
A;TRACTO ALIMENTARIO Y METABOLISMO;A12C;OTROS SUPLEMENTOS MINERALES;A12CE;SELENIO;A12CE01;SELENATO DE SODIO
A;TRACTO ALIMENTARIO Y METABOLISMO;A12C;OTROS SUPLEMENTOS MINERALES;A12CE;SELENIO;A12CE02;SELENITO DE SODIO
A;TRACTO ALIMENTARIO Y METABOLISMO;A14A;ESTEROIDES ANABÓLICOS;A14AA;DERIVADOS DEL ANDROSTANO;A14AA01;ANDROSTANOLONA
A;TRACTO ALIMENTARIO Y METABOLISMO;A14A;ESTEROIDES ANABÓLICOS;A14AA;DERIVADOS DEL ANDROSTANO;A14AA02;ESTANOZOLOL
A;TRACTO ALIMENTARIO Y METABOLISMO;A14A;ESTEROIDES ANABÓLICOS;A14AA;DERIVADOS DEL ANDROSTANO;A14AA03;METANDIENONA
A;TRACTO ALIMENTARIO Y METABOLISMO;A14A;ESTEROIDES ANABÓLICOS;A14AA;DERIVADOS DEL ANDROSTANO;A14AA04;METENOLONA
A;TRACTO ALIMENTARIO Y METABOLISMO;A14A;ESTEROIDES ANABÓLICOS;A14AA;DERIVADOS DEL ANDROSTANO;A14AA05;OXIMETOLONA
A;TRACTO ALIMENTARIO Y METABOLISMO;A14A;ESTEROIDES ANABÓLICOS;A14AA;DERIVADOS DEL ANDROSTANO;A14AA06;QUINBOLONA
A;TRACTO ALIMENTARIO Y METABOLISMO;A14A;ESTEROIDES ANABÓLICOS;A14AA;DERIVADOS DEL ANDROSTANO;A14AA07;PRASTERONA
A;TRACTO ALIMENTARIO Y METABOLISMO;A14A;ESTEROIDES ANABÓLICOS;A14AA;DERIVADOS DEL ANDROSTANO;A14AA08;OXANDROLONA
A;TRACTO ALIMENTARIO Y METABOLISMO;A14A;ESTEROIDES ANABÓLICOS;A14AA;DERIVADOS DEL ANDROSTANO;A14AA09;NORETANDROLONA
A;TRACTO ALIMENTARIO Y METABOLISMO;A14A;ESTEROIDES ANABÓLICOS;A14AB;DERIVADOS DEL ESTRENO;A14AB01;NANDROLONA
A;TRACTO ALIMENTARIO Y METABOLISMO;A14A;ESTEROIDES ANABÓLICOS;A14AB;DERIVADOS DEL ESTRENO;A14AB02;ETILESTRENOL
A;TRACTO ALIMENTARIO Y METABOLISMO;A14A;ESTEROIDES ANABÓLICOS;A14AB;DERIVADOS DEL ESTRENO;A14AB03;OXABOLONA, CIPIONATO DE
A;TRACTO ALIMENTARIO Y METABOLISMO;A16A;OTROS PRODUCTOS PARA EL TRACTO ALIMENTARIO Y METABOLISMO;A16AA;AMINOÁCIDOS Y DERIVADOS;A16AA01;LEVOCARNITINA
A;TRACTO ALIMENTARIO Y METABOLISMO;A16A;OTROS PRODUCTOS PARA EL TRACTO ALIMENTARIO Y METABOLISMO;A16AA;AMINOÁCIDOS Y DERIVADOS;A16AA02;ADEMETIONINA
A;TRACTO ALIMENTARIO Y METABOLISMO;A16A;OTROS PRODUCTOS PARA EL TRACTO ALIMENTARIO Y METABOLISMO;A16AA;AMINOÁCIDOS Y DERIVADOS;A16AA03;GLUTAMINA
A;TRACTO ALIMENTARIO Y METABOLISMO;A16A;OTROS PRODUCTOS PARA EL TRACTO ALIMENTARIO Y METABOLISMO;A16AA;AMINOÁCIDOS Y DERIVADOS;A16AA04;MERCAPTAMINA
A;TRACTO ALIMENTARIO Y METABOLISMO;A16A;OTROS PRODUCTOS PARA EL TRACTO ALIMENTARIO Y METABOLISMO;A16AA;AMINOÁCIDOS Y DERIVADOS;A16AA05;ÁCIDO CARGLÚMICO
A;TRACTO ALIMENTARIO Y METABOLISMO;A16A;OTROS PRODUCTOS PARA EL TRACTO ALIMENTARIO Y METABOLISMO;A16AA;AMINOÁCIDOS Y DERIVADOS;A16AA06;BETAÍNA
A;TRACTO ALIMENTARIO Y METABOLISMO;A16A;OTROS PRODUCTOS PARA EL TRACTO ALIMENTARIO Y METABOLISMO;A16AB;ENZIMAS;A16AB01;ALGLUCERASA
A;TRACTO ALIMENTARIO Y METABOLISMO;A16A;OTROS PRODUCTOS PARA EL TRACTO ALIMENTARIO Y METABOLISMO;A16AB;ENZIMAS;A16AB02;IMIGLUCERASA
A;TRACTO ALIMENTARIO Y METABOLISMO;A16A;OTROS PRODUCTOS PARA EL TRACTO ALIMENTARIO Y METABOLISMO;A16AB;ENZIMAS;A16AB03;AGALSIDASA ALFA
A;TRACTO ALIMENTARIO Y METABOLISMO;A16A;OTROS PRODUCTOS PARA EL TRACTO ALIMENTARIO Y METABOLISMO;A16AB;ENZIMAS;A16AB04;AGALSIDASA BETA
A;TRACTO ALIMENTARIO Y METABOLISMO;A16A;OTROS PRODUCTOS PARA EL TRACTO ALIMENTARIO Y METABOLISMO;A16AB;ENZIMAS;A16AB05;LARONIDASA
A;TRACTO ALIMENTARIO Y METABOLISMO;A16A;OTROS PRODUCTOS PARA EL TRACTO ALIMENTARIO Y METABOLISMO;A16AB;ENZIMAS;A16AB06;SACROSIDASA
A;TRACTO ALIMENTARIO Y METABOLISMO;A16A;OTROS PRODUCTOS PARA EL TRACTO ALIMENTARIO Y METABOLISMO;A16AB;ENZIMAS;A16AB07;ALGLUCOSIDASA ALFA
A;TRACTO ALIMENTARIO Y METABOLISMO;A16A;OTROS PRODUCTOS PARA EL TRACTO ALIMENTARIO Y METABOLISMO;A16AB;ENZIMAS;A16AB08;GALSULFASA
A;TRACTO ALIMENTARIO Y METABOLISMO;A16A;OTROS PRODUCTOS PARA EL TRACTO ALIMENTARIO Y METABOLISMO;A16AB;ENZIMAS;A16AB09;IDURSULFASA
A;TRACTO ALIMENTARIO Y METABOLISMO;A16A;OTROS PRODUCTOS PARA EL TRACTO ALIMENTARIO Y METABOLISMO;A16AB;ENZIMAS;A16AB10;VELAGLUCERASA ALFA
A;TRACTO ALIMENTARIO Y METABOLISMO;A16A;OTROS PRODUCTOS PARA EL TRACTO ALIMENTARIO Y METABOLISMO;A16AB;ENZIMAS;A16AB11;TALIGLUCERASA ALFA
A;TRACTO ALIMENTARIO Y METABOLISMO;A16A;OTROS PRODUCTOS PARA EL TRACTO ALIMENTARIO Y METABOLISMO;A16AX;PRODUCTOS VARIOS  PARA EL TRACTO ALIMENTARIO Y EL METABOLISMO;A16AX01;ÁCIDO TIÓCTICO
A;TRACTO ALIMENTARIO Y METABOLISMO;A16A;OTROS PRODUCTOS PARA EL TRACTO ALIMENTARIO Y METABOLISMO;A16AX;PRODUCTOS VARIOS  PARA EL TRACTO ALIMENTARIO Y EL METABOLISMO;A16AX02;ANETOLA TRITIONA
A;TRACTO ALIMENTARIO Y METABOLISMO;A16A;OTROS PRODUCTOS PARA EL TRACTO ALIMENTARIO Y METABOLISMO;A16AX;PRODUCTOS VARIOS  PARA EL TRACTO ALIMENTARIO Y EL METABOLISMO;A16AX03;FENILBUTIRATO DE SODIO
A;TRACTO ALIMENTARIO Y METABOLISMO;A16A;OTROS PRODUCTOS PARA EL TRACTO ALIMENTARIO Y METABOLISMO;A16AX;PRODUCTOS VARIOS  PARA EL TRACTO ALIMENTARIO Y EL METABOLISMO;A16AX04;NITISINONA
A;TRACTO ALIMENTARIO Y METABOLISMO;A16A;OTROS PRODUCTOS PARA EL TRACTO ALIMENTARIO Y METABOLISMO;A16AX;PRODUCTOS VARIOS  PARA EL TRACTO ALIMENTARIO Y EL METABOLISMO;A16AX05;ACETATO DE ZINC
A;TRACTO ALIMENTARIO Y METABOLISMO;A16A;OTROS PRODUCTOS PARA EL TRACTO ALIMENTARIO Y METABOLISMO;A16AX;PRODUCTOS VARIOS  PARA EL TRACTO ALIMENTARIO Y EL METABOLISMO;A16AX06;MIGLUSTAT
A;TRACTO ALIMENTARIO Y METABOLISMO;A16A;OTROS PRODUCTOS PARA EL TRACTO ALIMENTARIO Y METABOLISMO;A16AX;PRODUCTOS VARIOS  PARA EL TRACTO ALIMENTARIO Y EL METABOLISMO;A16AX07;SAPROPTERINA
A;TRACTO ALIMENTARIO Y METABOLISMO;A16A;OTROS PRODUCTOS PARA EL TRACTO ALIMENTARIO Y METABOLISMO;A16AX;PRODUCTOS VARIOS  PARA EL TRACTO ALIMENTARIO Y EL METABOLISMO;A16AX08;TEDUGLUTIDA
A;TRACTO ALIMENTARIO Y METABOLISMO;A16A;OTROS PRODUCTOS PARA EL TRACTO ALIMENTARIO Y METABOLISMO;A16AX;PRODUCTOS VARIOS  PARA EL TRACTO ALIMENTARIO Y EL METABOLISMO;A16AX09;FENILBUTIRATO DE GLICEROL
A;TRACTO ALIMENTARIO Y METABOLISMO;A16A;OTROS PRODUCTOS PARA EL TRACTO ALIMENTARIO Y METABOLISMO;A16AX;PRODUCTOS VARIOS  PARA EL TRACTO ALIMENTARIO Y EL METABOLISMO;A16AX10;ELIGLUSTAT
B;SANGRE Y ÓRGANOS FORMADORES DE SANGRE;B01A;AGENTES ANTITROMBÓTICOS;B01AA;ANTAGONISTAS DE LA VITAMINA K;B01AA01;DICUMAROL
B;SANGRE Y ÓRGANOS FORMADORES DE SANGRE;B01A;AGENTES ANTITROMBÓTICOS;B01AA;ANTAGONISTAS DE LA VITAMINA K;B01AA02;FENINDIONA
B;SANGRE Y ÓRGANOS FORMADORES DE SANGRE;B01A;AGENTES ANTITROMBÓTICOS;B01AA;ANTAGONISTAS DE LA VITAMINA K;B01AA03;WARFARINA
B;SANGRE Y ÓRGANOS FORMADORES DE SANGRE;B01A;AGENTES ANTITROMBÓTICOS;B01AA;ANTAGONISTAS DE LA VITAMINA K;B01AA04;FENPROCUMONA
B;SANGRE Y ÓRGANOS FORMADORES DE SANGRE;B01A;AGENTES ANTITROMBÓTICOS;B01AA;ANTAGONISTAS DE LA VITAMINA K;B01AA07;ACENOCUMAROL
B;SANGRE Y ÓRGANOS FORMADORES DE SANGRE;B01A;AGENTES ANTITROMBÓTICOS;B01AA;ANTAGONISTAS DE LA VITAMINA K;B01AA08;ETILBISCUMACETATO
B;SANGRE Y ÓRGANOS FORMADORES DE SANGRE;B01A;AGENTES ANTITROMBÓTICOS;B01AA;ANTAGONISTAS DE LA VITAMINA K;B01AA09;CLORINDIONA
B;SANGRE Y ÓRGANOS FORMADORES DE SANGRE;B01A;AGENTES ANTITROMBÓTICOS;B01AA;ANTAGONISTAS DE LA VITAMINA K;B01AA10;DIFENADIONA
B;SANGRE Y ÓRGANOS FORMADORES DE SANGRE;B01A;AGENTES ANTITROMBÓTICOS;B01AA;ANTAGONISTAS DE LA VITAMINA K;B01AA11;TIOCLOMAROL
B;SANGRE Y ÓRGANOS FORMADORES DE SANGRE;B01A;AGENTES ANTITROMBÓTICOS;B01AA;ANTAGONISTAS DE LA VITAMINA K;B01AA12;FLUINDIONA
B;SANGRE Y ÓRGANOS FORMADORES DE SANGRE;B01A;AGENTES ANTITROMBÓTICOS;B01AB;GRUPO DE LA HEPARINA;B01AB01;HEPARINA
B;SANGRE Y ÓRGANOS FORMADORES DE SANGRE;B01A;AGENTES ANTITROMBÓTICOS;B01AB;GRUPO DE LA HEPARINA;B01AB02;ANTITROMBINA III
B;SANGRE Y ÓRGANOS FORMADORES DE SANGRE;B01A;AGENTES ANTITROMBÓTICOS;B01AB;GRUPO DE LA HEPARINA;B01AB04;DALTERAPINA
B;SANGRE Y ÓRGANOS FORMADORES DE SANGRE;B01A;AGENTES ANTITROMBÓTICOS;B01AB;GRUPO DE LA HEPARINA;B01AB05;ENOXAPARINA
B;SANGRE Y ÓRGANOS FORMADORES DE SANGRE;B01A;AGENTES ANTITROMBÓTICOS;B01AB;GRUPO DE LA HEPARINA;B01AB06;NADROPARINA
B;SANGRE Y ÓRGANOS FORMADORES DE SANGRE;B01A;AGENTES ANTITROMBÓTICOS;B01AB;GRUPO DE LA HEPARINA;B01AB07;PARNAPARINA
B;SANGRE Y ÓRGANOS FORMADORES DE SANGRE;B01A;AGENTES ANTITROMBÓTICOS;B01AB;GRUPO DE LA HEPARINA;B01AB08;REVIPARINA
B;SANGRE Y ÓRGANOS FORMADORES DE SANGRE;B01A;AGENTES ANTITROMBÓTICOS;B01AB;GRUPO DE LA HEPARINA;B01AB09;DANAPAROID
B;SANGRE Y ÓRGANOS FORMADORES DE SANGRE;B01A;AGENTES ANTITROMBÓTICOS;B01AB;GRUPO DE LA HEPARINA;B01AB10;TINZAPARINA
B;SANGRE Y ÓRGANOS FORMADORES DE SANGRE;B01A;AGENTES ANTITROMBÓTICOS;B01AB;GRUPO DE LA HEPARINA;B01AB11;SULODEXIDA
B;SANGRE Y ÓRGANOS FORMADORES DE SANGRE;B01A;AGENTES ANTITROMBÓTICOS;B01AB;GRUPO DE LA HEPARINA;B01AB12;BEMIPARINA
B;SANGRE Y ÓRGANOS FORMADORES DE SANGRE;B01A;AGENTES ANTITROMBÓTICOS;B01AB;GRUPO DE LA HEPARINA;B01AB51;HEPARINA, COMBINACIONES DE
B;SANGRE Y ÓRGANOS FORMADORES DE SANGRE;B01A;AGENTES ANTITROMBÓTICOS;B01AC;INHIBIDORES DE LA AGREGACIÓN PLAQUETARIA, EXCLUIDO HEPARINA;B01AC01;DITAZOLA
B;SANGRE Y ÓRGANOS FORMADORES DE SANGRE;B01A;AGENTES ANTITROMBÓTICOS;B01AC;INHIBIDORES DE LA AGREGACIÓN PLAQUETARIA, EXCLUIDO HEPARINA;B01AC02;CLORICROMENO
B;SANGRE Y ÓRGANOS FORMADORES DE SANGRE;B01A;AGENTES ANTITROMBÓTICOS;B01AC;INHIBIDORES DE LA AGREGACIÓN PLAQUETARIA, EXCLUIDO HEPARINA;B01AC03;PICOTAMIDA
B;SANGRE Y ÓRGANOS FORMADORES DE SANGRE;B01A;AGENTES ANTITROMBÓTICOS;B01AC;INHIBIDORES DE LA AGREGACIÓN PLAQUETARIA, EXCLUIDO HEPARINA;B01AC04;CLOPIDOGREL
B;SANGRE Y ÓRGANOS FORMADORES DE SANGRE;B01A;AGENTES ANTITROMBÓTICOS;B01AC;INHIBIDORES DE LA AGREGACIÓN PLAQUETARIA, EXCLUIDO HEPARINA;B01AC05;TICLOPIDINA
B;SANGRE Y ÓRGANOS FORMADORES DE SANGRE;B01A;AGENTES ANTITROMBÓTICOS;B01AC;INHIBIDORES DE LA AGREGACIÓN PLAQUETARIA, EXCLUIDO HEPARINA;B01AC06;ÁCIDO ACETILSALICÍLICO
B;SANGRE Y ÓRGANOS FORMADORES DE SANGRE;B01A;AGENTES ANTITROMBÓTICOS;B01AC;INHIBIDORES DE LA AGREGACIÓN PLAQUETARIA, EXCLUIDO HEPARINA;B01AC07;DIPIRIDAMOL
B;SANGRE Y ÓRGANOS FORMADORES DE SANGRE;B01A;AGENTES ANTITROMBÓTICOS;B01AC;INHIBIDORES DE LA AGREGACIÓN PLAQUETARIA, EXCLUIDO HEPARINA;B01AC08;CARBASALATO DE CALCIO
B;SANGRE Y ÓRGANOS FORMADORES DE SANGRE;B01A;AGENTES ANTITROMBÓTICOS;B01AC;INHIBIDORES DE LA AGREGACIÓN PLAQUETARIA, EXCLUIDO HEPARINA;B01AC09;EPOPROSTENOL
B;SANGRE Y ÓRGANOS FORMADORES DE SANGRE;B01A;AGENTES ANTITROMBÓTICOS;B01AC;INHIBIDORES DE LA AGREGACIÓN PLAQUETARIA, EXCLUIDO HEPARINA;B01AC10;INDOBUFÉN
B;SANGRE Y ÓRGANOS FORMADORES DE SANGRE;B01A;AGENTES ANTITROMBÓTICOS;B01AC;INHIBIDORES DE LA AGREGACIÓN PLAQUETARIA, EXCLUIDO HEPARINA;B01AC11;ILOPROST
B;SANGRE Y ÓRGANOS FORMADORES DE SANGRE;B01A;AGENTES ANTITROMBÓTICOS;B01AC;INHIBIDORES DE LA AGREGACIÓN PLAQUETARIA, EXCLUIDO HEPARINA;B01AC13;ABCIXIMAB
B;SANGRE Y ÓRGANOS FORMADORES DE SANGRE;B01A;AGENTES ANTITROMBÓTICOS;B01AC;INHIBIDORES DE LA AGREGACIÓN PLAQUETARIA, EXCLUIDO HEPARINA;B01AC15;ALOXIPRINA
B;SANGRE Y ÓRGANOS FORMADORES DE SANGRE;B01A;AGENTES ANTITROMBÓTICOS;B01AC;INHIBIDORES DE LA AGREGACIÓN PLAQUETARIA, EXCLUIDO HEPARINA;B01AC16;INTRIFIBÁN
B;SANGRE Y ÓRGANOS FORMADORES DE SANGRE;B01A;AGENTES ANTITROMBÓTICOS;B01AC;INHIBIDORES DE LA AGREGACIÓN PLAQUETARIA, EXCLUIDO HEPARINA;B01AC17;TIROFIBÁN
B;SANGRE Y ÓRGANOS FORMADORES DE SANGRE;B01A;AGENTES ANTITROMBÓTICOS;B01AC;INHIBIDORES DE LA AGREGACIÓN PLAQUETARIA, EXCLUIDO HEPARINA;B01AC18;TRIFLUSAL
B;SANGRE Y ÓRGANOS FORMADORES DE SANGRE;B01A;AGENTES ANTITROMBÓTICOS;B01AC;INHIBIDORES DE LA AGREGACIÓN PLAQUETARIA, EXCLUIDO HEPARINA;B01AC19;BERAPROST
B;SANGRE Y ÓRGANOS FORMADORES DE SANGRE;B01A;AGENTES ANTITROMBÓTICOS;B01AC;INHIBIDORES DE LA AGREGACIÓN PLAQUETARIA, EXCLUIDO HEPARINA;B01AC21;TREPROSTINILO
B;SANGRE Y ÓRGANOS FORMADORES DE SANGRE;B01A;AGENTES ANTITROMBÓTICOS;B01AC;INHIBIDORES DE LA AGREGACIÓN PLAQUETARIA, EXCLUIDO HEPARINA;B01AC22;PRASUGREL
B;SANGRE Y ÓRGANOS FORMADORES DE SANGRE;B01A;AGENTES ANTITROMBÓTICOS;B01AC;INHIBIDORES DE LA AGREGACIÓN PLAQUETARIA, EXCLUIDO HEPARINA;B01AC23;CILOSTAZOL
B;SANGRE Y ÓRGANOS FORMADORES DE SANGRE;B01A;AGENTES ANTITROMBÓTICOS;B01AC;INHIBIDORES DE LA AGREGACIÓN PLAQUETARIA, EXCLUIDO HEPARINA;B01AC24;TICAGRELOR
B;SANGRE Y ÓRGANOS FORMADORES DE SANGRE;B01A;AGENTES ANTITROMBÓTICOS;B01AC;INHIBIDORES DE LA AGREGACIÓN PLAQUETARIA, EXCLUIDO HEPARINA;B01AC30;COMBINACIONES
B;SANGRE Y ÓRGANOS FORMADORES DE SANGRE;B01A;AGENTES ANTITROMBÓTICOS;B01AC;INHIBIDORES DE LA AGREGACIÓN PLAQUETARIA, EXCLUIDO HEPARINA;B01AC56;ÁCIDO ACETILSALICÍLICO Y ESOMEPRAZOL
B;SANGRE Y ÓRGANOS FORMADORES DE SANGRE;B01A;AGENTES ANTITROMBÓTICOS;B01AD;ENZIMAS;B01AD01;ESTREPTOQUINASA
B;SANGRE Y ÓRGANOS FORMADORES DE SANGRE;B01A;AGENTES ANTITROMBÓTICOS;B01AD;ENZIMAS;B01AD02;ALTEPLASA
B;SANGRE Y ÓRGANOS FORMADORES DE SANGRE;B01A;AGENTES ANTITROMBÓTICOS;B01AD;ENZIMAS;B01AD03;ANISTREPLASA
B;SANGRE Y ÓRGANOS FORMADORES DE SANGRE;B01A;AGENTES ANTITROMBÓTICOS;B01AD;ENZIMAS;B01AD04;UROQUINASA
B;SANGRE Y ÓRGANOS FORMADORES DE SANGRE;B01A;AGENTES ANTITROMBÓTICOS;B01AD;ENZIMAS;B01AD05;FIBRINOLISINA
B;SANGRE Y ÓRGANOS FORMADORES DE SANGRE;B01A;AGENTES ANTITROMBÓTICOS;B01AD;ENZIMAS;B01AD06;BRINASA
B;SANGRE Y ÓRGANOS FORMADORES DE SANGRE;B01A;AGENTES ANTITROMBÓTICOS;B01AD;ENZIMAS;B01AD07;RETEPLASA
B;SANGRE Y ÓRGANOS FORMADORES DE SANGRE;B01A;AGENTES ANTITROMBÓTICOS;B01AD;ENZIMAS;B01AD08;SARUPLASA
B;SANGRE Y ÓRGANOS FORMADORES DE SANGRE;B01A;AGENTES ANTITROMBÓTICOS;B01AD;ENZIMAS;B01AD09;ANCROD
B;SANGRE Y ÓRGANOS FORMADORES DE SANGRE;B01A;AGENTES ANTITROMBÓTICOS;B01AD;ENZIMAS;B01AD10;DROTRECOGINA ALFA (ACTIVADO)
B;SANGRE Y ÓRGANOS FORMADORES DE SANGRE;B01A;AGENTES ANTITROMBÓTICOS;B01AD;ENZIMAS;B01AD11;TENECTEPLASA
B;SANGRE Y ÓRGANOS FORMADORES DE SANGRE;B01A;AGENTES ANTITROMBÓTICOS;B01AD;ENZIMAS;B01AD12;PROTEÍNA C
B;SANGRE Y ÓRGANOS FORMADORES DE SANGRE;B01A;AGENTES ANTITROMBÓTICOS;B01AE;TROMBINA, INHIBIDORES DIRECTOS DE LA;B01AE01;DISURIDINA
B;SANGRE Y ÓRGANOS FORMADORES DE SANGRE;B01A;AGENTES ANTITROMBÓTICOS;B01AE;TROMBINA, INHIBIDORES DIRECTOS DE LA;B01AE02;LEPIRUDINA
B;SANGRE Y ÓRGANOS FORMADORES DE SANGRE;B01A;AGENTES ANTITROMBÓTICOS;B01AE;TROMBINA, INHIBIDORES DIRECTOS DE LA;B01AE03;ARGATROBAN
B;SANGRE Y ÓRGANOS FORMADORES DE SANGRE;B01A;AGENTES ANTITROMBÓTICOS;B01AE;TROMBINA, INHIBIDORES DIRECTOS DE LA;B01AE04;MELAGATRÁN
B;SANGRE Y ÓRGANOS FORMADORES DE SANGRE;B01A;AGENTES ANTITROMBÓTICOS;B01AE;TROMBINA, INHIBIDORES DIRECTOS DE LA;B01AE05;XIMELAGATRAN
B;SANGRE Y ÓRGANOS FORMADORES DE SANGRE;B01A;AGENTES ANTITROMBÓTICOS;B01AE;TROMBINA, INHIBIDORES DIRECTOS DE LA;B01AE06;BIVALIRUDINA
B;SANGRE Y ÓRGANOS FORMADORES DE SANGRE;B01A;AGENTES ANTITROMBÓTICOS;B01AE;TROMBINA, INHIBIDORES DIRECTOS DE LA;B01AE07;DABIGATRÁN ETEXILATO
B;SANGRE Y ÓRGANOS FORMADORES DE SANGRE;B01A;AGENTES ANTITROMBÓTICOS;B01AF;INHIBIDORES DIRECTOS DEL FACTOR XA;B01AF01;RIVAROXABÁN
B;SANGRE Y ÓRGANOS FORMADORES DE SANGRE;B01A;AGENTES ANTITROMBÓTICOS;B01AF;INHIBIDORES DIRECTOS DEL FACTOR XA;B01AF02;APIXABÁN
B;SANGRE Y ÓRGANOS FORMADORES DE SANGRE;B01A;AGENTES ANTITROMBÓTICOS;B01AX;OTROS AGENTES ANTITROMBÓTICOS;B01AX01;DEFIBROTIDA
B;SANGRE Y ÓRGANOS FORMADORES DE SANGRE;B01A;AGENTES ANTITROMBÓTICOS;B01AX;OTROS AGENTES ANTITROMBÓTICOS;B01AX04;DERMATÁN, SULFATO DE
B;SANGRE Y ÓRGANOS FORMADORES DE SANGRE;B01A;AGENTES ANTITROMBÓTICOS;B01AX;OTROS AGENTES ANTITROMBÓTICOS;B01AX05;FONDAPARINUX
B;SANGRE Y ÓRGANOS FORMADORES DE SANGRE;B02A;ANTIFIBRINOLÍTICOS;B02AA;AMINOÁCIDOS;B02AA01;ÁCIDO AMINOCAPROICO
B;SANGRE Y ÓRGANOS FORMADORES DE SANGRE;B02A;ANTIFIBRINOLÍTICOS;B02AA;AMINOÁCIDOS;B02AA02;ÁCIDO TRANEXÁMICO
B;SANGRE Y ÓRGANOS FORMADORES DE SANGRE;B02A;ANTIFIBRINOLÍTICOS;B02AA;AMINOÁCIDOS;B02AA03;ÁCIDO AMINOMETILBENZOICO
B;SANGRE Y ÓRGANOS FORMADORES DE SANGRE;B02A;ANTIFIBRINOLÍTICOS;B02AB;INHIBIDORES DE LA PROTEINASA;B02AB01;APROTININA
B;SANGRE Y ÓRGANOS FORMADORES DE SANGRE;B02A;ANTIFIBRINOLÍTICOS;B02AB;INHIBIDORES DE LA PROTEINASA;B02AB02;ALFA1 ANTITRIPSINA
B;SANGRE Y ÓRGANOS FORMADORES DE SANGRE;B02A;ANTIFIBRINOLÍTICOS;B02AB;INHIBIDORES DE LA PROTEINASA;B02AB04;CAMOSTAT
B;SANGRE Y ÓRGANOS FORMADORES DE SANGRE;B02B;VITAMINA K Y OTROS HEMOSTÁTICOS;B02BA;VITAMINA K;B02BA01;FITOMENADIONA
B;SANGRE Y ÓRGANOS FORMADORES DE SANGRE;B02B;VITAMINA K Y OTROS HEMOSTÁTICOS;B02BA;VITAMINA K;B02BA02;MENADIONA
B;SANGRE Y ÓRGANOS FORMADORES DE SANGRE;B02B;VITAMINA K Y OTROS HEMOSTÁTICOS;B02BB;FIBRINÓGENO;B02BB01;FIBRINÓGENO HUMANO
B;SANGRE Y ÓRGANOS FORMADORES DE SANGRE;B02B;VITAMINA K Y OTROS HEMOSTÁTICOS;B02BC;HEMOSTÁTICOS LOCALES;B02BC01;GELATINA ABSORBENTE, ESPONJA CON
B;SANGRE Y ÓRGANOS FORMADORES DE SANGRE;B02B;VITAMINA K Y OTROS HEMOSTÁTICOS;B02BC;HEMOSTÁTICOS LOCALES;B02BC02;CELULOSA OXIDIZADA
B;SANGRE Y ÓRGANOS FORMADORES DE SANGRE;B02B;VITAMINA K Y OTROS HEMOSTÁTICOS;B02BC;HEMOSTÁTICOS LOCALES;B02BC03;TETRAGALACTURÓNICO, HIDROXIMETILÉSTER DEL ÁCIDO
B;SANGRE Y ÓRGANOS FORMADORES DE SANGRE;B02B;VITAMINA K Y OTROS HEMOSTÁTICOS;B02BC;HEMOSTÁTICOS LOCALES;B02BC05;ADRENALONA
B;SANGRE Y ÓRGANOS FORMADORES DE SANGRE;B02B;VITAMINA K Y OTROS HEMOSTÁTICOS;B02BC;HEMOSTÁTICOS LOCALES;B02BC06;TROMBINA
B;SANGRE Y ÓRGANOS FORMADORES DE SANGRE;B02B;VITAMINA K Y OTROS HEMOSTÁTICOS;B02BC;HEMOSTÁTICOS LOCALES;B02BC07;COLÁGENO
B;SANGRE Y ÓRGANOS FORMADORES DE SANGRE;B02B;VITAMINA K Y OTROS HEMOSTÁTICOS;B02BC;HEMOSTÁTICOS LOCALES;B02BC08;ALGINATO DE CALCIO
B;SANGRE Y ÓRGANOS FORMADORES DE SANGRE;B02B;VITAMINA K Y OTROS HEMOSTÁTICOS;B02BC;HEMOSTÁTICOS LOCALES;B02BC09;EPINEFRINA
B;SANGRE Y ÓRGANOS FORMADORES DE SANGRE;B02B;VITAMINA K Y OTROS HEMOSTÁTICOS;B02BC;HEMOSTÁTICOS LOCALES;B02BC10;FIBRINÓGENO HUMANO
B;SANGRE Y ÓRGANOS FORMADORES DE SANGRE;B02B;VITAMINA K Y OTROS HEMOSTÁTICOS;B02BC;HEMOSTÁTICOS LOCALES;B02BC30;COMBINACIONES
B;SANGRE Y ÓRGANOS FORMADORES DE SANGRE;B02B;VITAMINA K Y OTROS HEMOSTÁTICOS;B02BD;FACTORES DE LA COAGULACIÓN SANGUÍNEA;B02BD01;FACTORES DE LA COAGULACIÓN IX, II, VII Y X EN COMBINACIÓN
B;SANGRE Y ÓRGANOS FORMADORES DE SANGRE;B02B;VITAMINA K Y OTROS HEMOSTÁTICOS;B02BD;FACTORES DE LA COAGULACIÓN SANGUÍNEA;B02BD02;FACTOR VIII DE LA COAGULACIÓN
B;SANGRE Y ÓRGANOS FORMADORES DE SANGRE;B02B;VITAMINA K Y OTROS HEMOSTÁTICOS;B02BD;FACTORES DE LA COAGULACIÓN SANGUÍNEA;B02BD03;ACTIVIDAD QUE SOBREPASA EL INHIBIDOR DEL FACTOR VIII
B;SANGRE Y ÓRGANOS FORMADORES DE SANGRE;B02B;VITAMINA K Y OTROS HEMOSTÁTICOS;B02BD;FACTORES DE LA COAGULACIÓN SANGUÍNEA;B02BD04;FACTOR IX DE LA COAGULACIÓN
B;SANGRE Y ÓRGANOS FORMADORES DE SANGRE;B02B;VITAMINA K Y OTROS HEMOSTÁTICOS;B02BD;FACTORES DE LA COAGULACIÓN SANGUÍNEA;B02BD05;FACTOR VII DE LA COAGULACIÓN
B;SANGRE Y ÓRGANOS FORMADORES DE SANGRE;B02B;VITAMINA K Y OTROS HEMOSTÁTICOS;B02BD;FACTORES DE LA COAGULACIÓN SANGUÍNEA;B02BD06;FACTOR VON WILLEBRAND Y FACTOR VIII DE LA COAGULACIÓN EN COMBINACIÓN
B;SANGRE Y ÓRGANOS FORMADORES DE SANGRE;B02B;VITAMINA K Y OTROS HEMOSTÁTICOS;B02BD;FACTORES DE LA COAGULACIÓN SANGUÍNEA;B02BD07;FACTOR XIII DE LA COAGULACIÓN
B;SANGRE Y ÓRGANOS FORMADORES DE SANGRE;B02B;VITAMINA K Y OTROS HEMOSTÁTICOS;B02BD;FACTORES DE LA COAGULACIÓN SANGUÍNEA;B02BD08;EPTACOG ALFA (ACTIVADO)
B;SANGRE Y ÓRGANOS FORMADORES DE SANGRE;B02B;VITAMINA K Y OTROS HEMOSTÁTICOS;B02BD;FACTORES DE LA COAGULACIÓN SANGUÍNEA;B02BD09;NONACOG ALFA
B;SANGRE Y ÓRGANOS FORMADORES DE SANGRE;B02B;VITAMINA K Y OTROS HEMOSTÁTICOS;B02BD;FACTORES DE LA COAGULACIÓN SANGUÍNEA;B02BD10;FACTOR VON WILLEBRAND
B;SANGRE Y ÓRGANOS FORMADORES DE SANGRE;B02B;VITAMINA K Y OTROS HEMOSTÁTICOS;B02BD;FACTORES DE LA COAGULACIÓN SANGUÍNEA;B02BD11;CATRIDECACOG
B;SANGRE Y ÓRGANOS FORMADORES DE SANGRE;B02B;VITAMINA K Y OTROS HEMOSTÁTICOS;B02BD;FACTORES DE LA COAGULACIÓN SANGUÍNEA;B02BD12;TRENONACOG ALFA
B;SANGRE Y ÓRGANOS FORMADORES DE SANGRE;B02B;VITAMINA K Y OTROS HEMOSTÁTICOS;B02BD;FACTORES DE LA COAGULACIÓN SANGUÍNEA;B02BD30;TROMBINA
B;SANGRE Y ÓRGANOS FORMADORES DE SANGRE;B02B;VITAMINA K Y OTROS HEMOSTÁTICOS;B02BX;OTROS HEMOSTÁTICOS SISTÉMICOS;B02BX01;ETAMSILATO
B;SANGRE Y ÓRGANOS FORMADORES DE SANGRE;B02B;VITAMINA K Y OTROS HEMOSTÁTICOS;B02BX;OTROS HEMOSTÁTICOS SISTÉMICOS;B02BX02;CARBAZOCROMO
B;SANGRE Y ÓRGANOS FORMADORES DE SANGRE;B02B;VITAMINA K Y OTROS HEMOSTÁTICOS;B02BX;OTROS HEMOSTÁTICOS SISTÉMICOS;B02BX03;BATROXOBINA
B;SANGRE Y ÓRGANOS FORMADORES DE SANGRE;B02B;VITAMINA K Y OTROS HEMOSTÁTICOS;B02BX;OTROS HEMOSTÁTICOS SISTÉMICOS;B02BX04;ROMIPLOSTIM
B;SANGRE Y ÓRGANOS FORMADORES DE SANGRE;B02B;VITAMINA K Y OTROS HEMOSTÁTICOS;B02BX;OTROS HEMOSTÁTICOS SISTÉMICOS;B02BX05;ELTROMBOPAG
B;SANGRE Y ÓRGANOS FORMADORES DE SANGRE;B03A;PREPARADOS CON HIERRO;B03AA;HIERRO BIVALENTE, PREPARADOS ORALES;B03AA01;SULFATO FERROSO DE GLICINA
B;SANGRE Y ÓRGANOS FORMADORES DE SANGRE;B03A;PREPARADOS CON HIERRO;B03AA;HIERRO BIVALENTE, PREPARADOS ORALES;B03AA02;FUMARATO FERROSO
B;SANGRE Y ÓRGANOS FORMADORES DE SANGRE;B03A;PREPARADOS CON HIERRO;B03AA;HIERRO BIVALENTE, PREPARADOS ORALES;B03AA03;GLUCONATO FERROSO
B;SANGRE Y ÓRGANOS FORMADORES DE SANGRE;B03A;PREPARADOS CON HIERRO;B03AA;HIERRO BIVALENTE, PREPARADOS ORALES;B03AA04;CARBONATO FERROSO
B;SANGRE Y ÓRGANOS FORMADORES DE SANGRE;B03A;PREPARADOS CON HIERRO;B03AA;HIERRO BIVALENTE, PREPARADOS ORALES;B03AA05;CLORURO FERROSO
B;SANGRE Y ÓRGANOS FORMADORES DE SANGRE;B03A;PREPARADOS CON HIERRO;B03AA;HIERRO BIVALENTE, PREPARADOS ORALES;B03AA06;FERROSO SUCCINATO
B;SANGRE Y ÓRGANOS FORMADORES DE SANGRE;B03A;PREPARADOS CON HIERRO;B03AA;HIERRO BIVALENTE, PREPARADOS ORALES;B03AA07;SULFATO FERROSO
B;SANGRE Y ÓRGANOS FORMADORES DE SANGRE;B03A;PREPARADOS CON HIERRO;B03AA;HIERRO BIVALENTE, PREPARADOS ORALES;B03AA08;TARTRATO FERROSO
B;SANGRE Y ÓRGANOS FORMADORES DE SANGRE;B03A;PREPARADOS CON HIERRO;B03AA;HIERRO BIVALENTE, PREPARADOS ORALES;B03AA09;ASPERTATO FERROSO
B;SANGRE Y ÓRGANOS FORMADORES DE SANGRE;B03A;PREPARADOS CON HIERRO;B03AA;HIERRO BIVALENTE, PREPARADOS ORALES;B03AA10;ASCORBATO FERROSO
B;SANGRE Y ÓRGANOS FORMADORES DE SANGRE;B03A;PREPARADOS CON HIERRO;B03AA;HIERRO BIVALENTE, PREPARADOS ORALES;B03AA11;IODATO FERROSO
B;SANGRE Y ÓRGANOS FORMADORES DE SANGRE;B03A;PREPARADOS CON HIERRO;B03AB;HIERRO TRIVALENTE, PREPARADOS ORALES;B03AB01;SÓDICO CITRATO FÉRRICO
B;SANGRE Y ÓRGANOS FORMADORES DE SANGRE;B03A;PREPARADOS CON HIERRO;B03AB;HIERRO TRIVALENTE, PREPARADOS ORALES;B03AB02;HIERRO SACARATADO, ÓXIDO DE
B;SANGRE Y ÓRGANOS FORMADORES DE SANGRE;B03A;PREPARADOS CON HIERRO;B03AB;HIERRO TRIVALENTE, PREPARADOS ORALES;B03AB03;FEREDETATO DE SODIO
B;SANGRE Y ÓRGANOS FORMADORES DE SANGRE;B03A;PREPARADOS CON HIERRO;B03AB;HIERRO TRIVALENTE, PREPARADOS ORALES;B03AB04;HIDRÓXIDO FÉRRICO
B;SANGRE Y ÓRGANOS FORMADORES DE SANGRE;B03A;PREPARADOS CON HIERRO;B03AB;HIERRO TRIVALENTE, PREPARADOS ORALES;B03AB05;ÓXIDO DE HIERRO POLIMALTOSADOS, COMPLEJOS DE
B;SANGRE Y ÓRGANOS FORMADORES DE SANGRE;B03A;PREPARADOS CON HIERRO;B03AB;HIERRO TRIVALENTE, PREPARADOS ORALES;B03AB06;CITRATO FÉRRICO
B;SANGRE Y ÓRGANOS FORMADORES DE SANGRE;B03A;PREPARADOS CON HIERRO;B03AB;HIERRO TRIVALENTE, PREPARADOS ORALES;B03AB07;CONDROITINSULFATO-HIERRO, COMPLEJO DE
B;SANGRE Y ÓRGANOS FORMADORES DE SANGRE;B03A;PREPARADOS CON HIERRO;B03AB;HIERRO TRIVALENTE, PREPARADOS ORALES;B03AB08;ACETILTRANSFERRINA FÉRRICA
B;SANGRE Y ÓRGANOS FORMADORES DE SANGRE;B03A;PREPARADOS CON HIERRO;B03AB;HIERRO TRIVALENTE, PREPARADOS ORALES;B03AB09;PROTEINSUCCINILATO FÉRRICO
B;SANGRE Y ÓRGANOS FORMADORES DE SANGRE;B03A;PREPARADOS CON HIERRO;B03AC;HIERRO, PREPARADOS PARENTERALES;B03AC01;ÓXIDO DE HIERRO POLIMALTOSADOS, COMPLEJOS DE
B;SANGRE Y ÓRGANOS FORMADORES DE SANGRE;B03A;PREPARADOS CON HIERRO;B03AC;HIERRO, PREPARADOS PARENTERALES;B03AC02;HIERRO SACARATADO, ÓXIDO DE
B;SANGRE Y ÓRGANOS FORMADORES DE SANGRE;B03A;PREPARADOS CON HIERRO;B03AC;HIERRO, PREPARADOS PARENTERALES;B03AC03;HIERRO SORBITOLÁCIDO CÍTRICO, COMPLEJO DE
B;SANGRE Y ÓRGANOS FORMADORES DE SANGRE;B03A;PREPARADOS CON HIERRO;B03AC;HIERRO, PREPARADOS PARENTERALES;B03AC05;FÉRRICO SORBITOLÁCIDO GLUCÓNIDO , COMPLEJO DE
B;SANGRE Y ÓRGANOS FORMADORES DE SANGRE;B03A;PREPARADOS CON HIERRO;B03AC;HIERRO, PREPARADOS PARENTERALES;B03AC06;ÓXIDO DE HIERRO DEXTRANO, COMPLEJOS DE
B;SANGRE Y ÓRGANOS FORMADORES DE SANGRE;B03A;PREPARADOS CON HIERRO;B03AC;HIERRO, PREPARADOS PARENTERALES;B03AC07;FÉRRICO SÓDICO GLUCONATO, COMPLEJO DE
B;SANGRE Y ÓRGANOS FORMADORES DE SANGRE;B03A;PREPARADOS CON HIERRO;B03AD;HIERRO EN COMBINACIÓN CON ÁCIDO FÓLICO;B03AD01;FERROSO AMINOÁCIDOS, COMPLEJO DE
B;SANGRE Y ÓRGANOS FORMADORES DE SANGRE;B03A;PREPARADOS CON HIERRO;B03AD;HIERRO EN COMBINACIÓN CON ÁCIDO FÓLICO;B03AD02;FUMARATO FERROSO
B;SANGRE Y ÓRGANOS FORMADORES DE SANGRE;B03A;PREPARADOS CON HIERRO;B03AD;HIERRO EN COMBINACIÓN CON ÁCIDO FÓLICO;B03AD03;SULFATO FERROSO
B;SANGRE Y ÓRGANOS FORMADORES DE SANGRE;B03A;PREPARADOS CON HIERRO;B03AD;HIERRO EN COMBINACIÓN CON ÁCIDO FÓLICO;B03AD04;ÓXIDO DE HIERRO POLIMALTOSADOS, COMPLEJOS DE
B;SANGRE Y ÓRGANOS FORMADORES DE SANGRE;B03A;PREPARADOS CON HIERRO;B03AE;HIERRO EN OTRAS COMBINACIONES;B03AE01;HIERRO, VITAMINA B12 Y ÁCIDO FÓLICO
B;SANGRE Y ÓRGANOS FORMADORES DE SANGRE;B03A;PREPARADOS CON HIERRO;B03AE;HIERRO EN OTRAS COMBINACIONES;B03AE02;HIERRO, MULTIVITAMINAS Y ÁCIDO FÓLICO
B;SANGRE Y ÓRGANOS FORMADORES DE SANGRE;B03A;PREPARADOS CON HIERRO;B03AE;HIERRO EN OTRAS COMBINACIONES;B03AE03;HIERRO Y MULTIVITAMINAS
B;SANGRE Y ÓRGANOS FORMADORES DE SANGRE;B03A;PREPARADOS CON HIERRO;B03AE;HIERRO EN OTRAS COMBINACIONES;B03AE04;HIERRO, MULTIVITAMINAS Y MINERALES
B;SANGRE Y ÓRGANOS FORMADORES DE SANGRE;B03A;PREPARADOS CON HIERRO;B03AE;HIERRO EN OTRAS COMBINACIONES;B03AE10;VARIAS COMBINACIONES
B;SANGRE Y ÓRGANOS FORMADORES DE SANGRE;B03B;VITAMINA B12 Y ÁCIDO FÓLICO;B03BA;VITAMINA B12 (CIANOCOBALAMINA Y ANÁLOGOS);B03BA01;CIANOCOBALAMINA
B;SANGRE Y ÓRGANOS FORMADORES DE SANGRE;B03B;VITAMINA B12 Y ÁCIDO FÓLICO;B03BA;VITAMINA B12 (CIANOCOBALAMINA Y ANÁLOGOS);B03BA02;CIANOCOBALAMINA TANINA, COMPLEJO DE
B;SANGRE Y ÓRGANOS FORMADORES DE SANGRE;B03B;VITAMINA B12 Y ÁCIDO FÓLICO;B03BA;VITAMINA B12 (CIANOCOBALAMINA Y ANÁLOGOS);B03BA03;HIDROXOCOBALAMINA
B;SANGRE Y ÓRGANOS FORMADORES DE SANGRE;B03B;VITAMINA B12 Y ÁCIDO FÓLICO;B03BA;VITAMINA B12 (CIANOCOBALAMINA Y ANÁLOGOS);B03BA04;COBAMAMIDA
B;SANGRE Y ÓRGANOS FORMADORES DE SANGRE;B03B;VITAMINA B12 Y ÁCIDO FÓLICO;B03BA;VITAMINA B12 (CIANOCOBALAMINA Y ANÁLOGOS);B03BA05;MECOBALAMINA
B;SANGRE Y ÓRGANOS FORMADORES DE SANGRE;B03B;VITAMINA B12 Y ÁCIDO FÓLICO;B03BA;VITAMINA B12 (CIANOCOBALAMINA Y ANÁLOGOS);B03BA51;CIANOCOBALAMINA, COMBINACIONES
B;SANGRE Y ÓRGANOS FORMADORES DE SANGRE;B03B;VITAMINA B12 Y ÁCIDO FÓLICO;B03BA;VITAMINA B12 (CIANOCOBALAMINA Y ANÁLOGOS);B03BA53;HIDROXOCOBALAMINA, COMBINACIONES
B;SANGRE Y ÓRGANOS FORMADORES DE SANGRE;B03B;VITAMINA B12 Y ÁCIDO FÓLICO;B03BB;ÁCIDO FÓLICO Y DERIVADOS;B03BB01;ÁCIDO FÓLICO
B;SANGRE Y ÓRGANOS FORMADORES DE SANGRE;B03B;VITAMINA B12 Y ÁCIDO FÓLICO;B03BB;ÁCIDO FÓLICO Y DERIVADOS;B03BB51;ÁCIDO FÓLICO, COMBINACIONES
B;SANGRE Y ÓRGANOS FORMADORES DE SANGRE;B03X;OTROS PREPARADOS ANTIANÉMICOS;B03XA;OTROS PREPARADOS ANTIANÉMICOS;B03XA01;ERITROPOYETINA
B;SANGRE Y ÓRGANOS FORMADORES DE SANGRE;B03X;OTROS PREPARADOS ANTIANÉMICOS;B03XA;OTROS PREPARADOS ANTIANÉMICOS;B03XA02;DARBEPOETINA ALFA
B;SANGRE Y ÓRGANOS FORMADORES DE SANGRE;B03X;OTROS PREPARADOS ANTIANÉMICOS;B03XA;OTROS PREPARADOS ANTIANÉMICOS;B03XA03;BETA- METOXIPROPILENGLICOLEPOITINA
B;SANGRE Y ÓRGANOS FORMADORES DE SANGRE;B03X;OTROS PREPARADOS ANTIANÉMICOS;B03XA;OTROS PREPARADOS ANTIANÉMICOS;B03XA04;PEGINESATIDA
B;SANGRE Y ÓRGANOS FORMADORES DE SANGRE;B05A;SANGRE Y PRODUCTOS RELACIONADOS;B05AA;SUSTITUTOS DE LA SANGRE Y FRACCIONES PROTEICAS DEL PLASMA;B05AA01;ALBÚMINA
B;SANGRE Y ÓRGANOS FORMADORES DE SANGRE;B05A;SANGRE Y PRODUCTOS RELACIONADOS;B05AA;SUSTITUTOS DE LA SANGRE Y FRACCIONES PROTEICAS DEL PLASMA;B05AA02;OTRAS FRACCIONES PROTEICAS DEL PLASMA
B;SANGRE Y ÓRGANOS FORMADORES DE SANGRE;B05A;SANGRE Y PRODUCTOS RELACIONADOS;B05AA;SUSTITUTOS DE LA SANGRE Y FRACCIONES PROTEICAS DEL PLASMA;B05AA03;SUSTITUTOS DE LA SANGRE FLUOROCARBONADOS
B;SANGRE Y ÓRGANOS FORMADORES DE SANGRE;B05A;SANGRE Y PRODUCTOS RELACIONADOS;B05AA;SUSTITUTOS DE LA SANGRE Y FRACCIONES PROTEICAS DEL PLASMA;B05AA05;DEXTRÁN
B;SANGRE Y ÓRGANOS FORMADORES DE SANGRE;B05A;SANGRE Y PRODUCTOS RELACIONADOS;B05AA;SUSTITUTOS DE LA SANGRE Y FRACCIONES PROTEICAS DEL PLASMA;B05AA06;GELATINA, AGENTES CON
B;SANGRE Y ÓRGANOS FORMADORES DE SANGRE;B05A;SANGRE Y PRODUCTOS RELACIONADOS;B05AA;SUSTITUTOS DE LA SANGRE Y FRACCIONES PROTEICAS DEL PLASMA;B05AA07;HIDROXIETIL ALMIDÓN
B;SANGRE Y ÓRGANOS FORMADORES DE SANGRE;B05A;SANGRE Y PRODUCTOS RELACIONADOS;B05AA;SUSTITUTOS DE LA SANGRE Y FRACCIONES PROTEICAS DEL PLASMA;B05AA08;HEMOGLOBINA CROSFUMARILO
B;SANGRE Y ÓRGANOS FORMADORES DE SANGRE;B05A;SANGRE Y PRODUCTOS RELACIONADOS;B05AA;SUSTITUTOS DE LA SANGRE Y FRACCIONES PROTEICAS DEL PLASMA;B05AA09;HEMOGLOBINA RAFÍMERA
B;SANGRE Y ÓRGANOS FORMADORES DE SANGRE;B05A;SANGRE Y PRODUCTOS RELACIONADOS;B05AA;SUSTITUTOS DE LA SANGRE Y FRACCIONES PROTEICAS DEL PLASMA;B05AA10;HEMOGLOBINA GLUTÁMERO (DE ORIGEN BOVINO)
B;SANGRE Y ÓRGANOS FORMADORES DE SANGRE;B05A;SANGRE Y PRODUCTOS RELACIONADOS;B05AX;OTROS PRODUCTOS DE ORIGEN SANGUÍNEO;B05AX01;ERITROCITOS
B;SANGRE Y ÓRGANOS FORMADORES DE SANGRE;B05A;SANGRE Y PRODUCTOS RELACIONADOS;B05AX;OTROS PRODUCTOS DE ORIGEN SANGUÍNEO;B05AX02;TROMBOCITOS
B;SANGRE Y ÓRGANOS FORMADORES DE SANGRE;B05A;SANGRE Y PRODUCTOS RELACIONADOS;B05AX;OTROS PRODUCTOS DE ORIGEN SANGUÍNEO;B05AX03;PLASMA SANGUÍNEO
B;SANGRE Y ÓRGANOS FORMADORES DE SANGRE;B05A;SANGRE Y PRODUCTOS RELACIONADOS;B05AX;OTROS PRODUCTOS DE ORIGEN SANGUÍNEO;B05AX04;CÉLULAS MADRE OBTENIDAS DE LA SANGRE DEL CORDÓN UMBILICAL
B;SANGRE Y ÓRGANOS FORMADORES DE SANGRE;B05B;SOLUCIONES I.V.;B05BA;SOLUCIONES PARA NUTRICIÓN PARENTERAL;B05BA01;AMINOÁCIDOS
B;SANGRE Y ÓRGANOS FORMADORES DE SANGRE;B05B;SOLUCIONES I.V.;B05BA;SOLUCIONES PARA NUTRICIÓN PARENTERAL;B05BA02;EMULSIONES GRASAS
B;SANGRE Y ÓRGANOS FORMADORES DE SANGRE;B05B;SOLUCIONES I.V.;B05BA;SOLUCIONES PARA NUTRICIÓN PARENTERAL;B05BA03;CARBOHIDRATOS
B;SANGRE Y ÓRGANOS FORMADORES DE SANGRE;B05B;SOLUCIONES I.V.;B05BA;SOLUCIONES PARA NUTRICIÓN PARENTERAL;B05BA04;PROTEÍNAS, HIDROLIZADOS DE
B;SANGRE Y ÓRGANOS FORMADORES DE SANGRE;B05B;SOLUCIONES I.V.;B05BA;SOLUCIONES PARA NUTRICIÓN PARENTERAL;B05BA10;COMBINACIONES
B;SANGRE Y ÓRGANOS FORMADORES DE SANGRE;B05B;SOLUCIONES I.V.;B05BB;SOLUCIONES QUE AFECTAN EL BALANCE ELECTROLÍTICO;B05BB01;ELECTROLÍTOS
B;SANGRE Y ÓRGANOS FORMADORES DE SANGRE;B05B;SOLUCIONES I.V.;B05BB;SOLUCIONES QUE AFECTAN EL BALANCE ELECTROLÍTICO;B05BB02;ELECTROLÍTOS CON CARBOHIDRATOS
B;SANGRE Y ÓRGANOS FORMADORES DE SANGRE;B05B;SOLUCIONES I.V.;B05BB;SOLUCIONES QUE AFECTAN EL BALANCE ELECTROLÍTICO;B05BB03;TROMETAMOL
B;SANGRE Y ÓRGANOS FORMADORES DE SANGRE;B05B;SOLUCIONES I.V.;B05BB;SOLUCIONES QUE AFECTAN EL BALANCE ELECTROLÍTICO;B05BB04;ELECTROLÍTOS EN COMBINACIÓN CON OTRAS DROGAS
B;SANGRE Y ÓRGANOS FORMADORES DE SANGRE;B05B;SOLUCIONES I.V.;B05BC;SOLUCIONES QUE PRODUCEN DIURESIS OSMÓTICA;B05BC01;MANITOL
B;SANGRE Y ÓRGANOS FORMADORES DE SANGRE;B05B;SOLUCIONES I.V.;B05BC;SOLUCIONES QUE PRODUCEN DIURESIS OSMÓTICA;B05BC02;UREA
B;SANGRE Y ÓRGANOS FORMADORES DE SANGRE;B05C;SOLUCIONES DE IRRIGACIÓN;B05CA;AGENTES ANTIINFECCIOSOS;B05CA01;CETILPIRIDINIO
B;SANGRE Y ÓRGANOS FORMADORES DE SANGRE;B05C;SOLUCIONES DE IRRIGACIÓN;B05CA;AGENTES ANTIINFECCIOSOS;B05CA02;CLORHEXIDINA
B;SANGRE Y ÓRGANOS FORMADORES DE SANGRE;B05C;SOLUCIONES DE IRRIGACIÓN;B05CA;AGENTES ANTIINFECCIOSOS;B05CA03;NITROFURAL
B;SANGRE Y ÓRGANOS FORMADORES DE SANGRE;B05C;SOLUCIONES DE IRRIGACIÓN;B05CA;AGENTES ANTIINFECCIOSOS;B05CA04;SULFAMETIZOL
B;SANGRE Y ÓRGANOS FORMADORES DE SANGRE;B05C;SOLUCIONES DE IRRIGACIÓN;B05CA;AGENTES ANTIINFECCIOSOS;B05CA05;TAUROLIDINA
B;SANGRE Y ÓRGANOS FORMADORES DE SANGRE;B05C;SOLUCIONES DE IRRIGACIÓN;B05CA;AGENTES ANTIINFECCIOSOS;B05CA06;ÁCIDO MANDÉLICO
B;SANGRE Y ÓRGANOS FORMADORES DE SANGRE;B05C;SOLUCIONES DE IRRIGACIÓN;B05CA;AGENTES ANTIINFECCIOSOS;B05CA07;NOXITIOLINO
B;SANGRE Y ÓRGANOS FORMADORES DE SANGRE;B05C;SOLUCIONES DE IRRIGACIÓN;B05CA;AGENTES ANTIINFECCIOSOS;B05CA08;ETACRIDINA, LACTATO DE
B;SANGRE Y ÓRGANOS FORMADORES DE SANGRE;B05C;SOLUCIONES DE IRRIGACIÓN;B05CA;AGENTES ANTIINFECCIOSOS;B05CA09;NEOMICINA
B;SANGRE Y ÓRGANOS FORMADORES DE SANGRE;B05C;SOLUCIONES DE IRRIGACIÓN;B05CA;AGENTES ANTIINFECCIOSOS;B05CA10;COMBINACIONES
B;SANGRE Y ÓRGANOS FORMADORES DE SANGRE;B05C;SOLUCIONES DE IRRIGACIÓN;B05CB;SOLUCIONES SALINAS;B05CB01;CLORURO DE SODIO
B;SANGRE Y ÓRGANOS FORMADORES DE SANGRE;B05C;SOLUCIONES DE IRRIGACIÓN;B05CB;SOLUCIONES SALINAS;B05CB02;CITRATO DE SODIO
B;SANGRE Y ÓRGANOS FORMADORES DE SANGRE;B05C;SOLUCIONES DE IRRIGACIÓN;B05CB;SOLUCIONES SALINAS;B05CB03;CITRATO DE MAGNESIO
B;SANGRE Y ÓRGANOS FORMADORES DE SANGRE;B05C;SOLUCIONES DE IRRIGACIÓN;B05CB;SOLUCIONES SALINAS;B05CB04;BICARBONATO DE SODIO
B;SANGRE Y ÓRGANOS FORMADORES DE SANGRE;B05C;SOLUCIONES DE IRRIGACIÓN;B05CB;SOLUCIONES SALINAS;B05CB10;COMBINACIONES
B;SANGRE Y ÓRGANOS FORMADORES DE SANGRE;B05C;SOLUCIONES DE IRRIGACIÓN;B05CX;OTRAS SOLUCIONES PARA IRRIGACIÓN;B05CX01;GLUCOSA
B;SANGRE Y ÓRGANOS FORMADORES DE SANGRE;B05C;SOLUCIONES DE IRRIGACIÓN;B05CX;OTRAS SOLUCIONES PARA IRRIGACIÓN;B05CX02;SORBITOL
B;SANGRE Y ÓRGANOS FORMADORES DE SANGRE;B05C;SOLUCIONES DE IRRIGACIÓN;B05CX;OTRAS SOLUCIONES PARA IRRIGACIÓN;B05CX03;GLICINA
B;SANGRE Y ÓRGANOS FORMADORES DE SANGRE;B05C;SOLUCIONES DE IRRIGACIÓN;B05CX;OTRAS SOLUCIONES PARA IRRIGACIÓN;B05CX04;MANITOL
B;SANGRE Y ÓRGANOS FORMADORES DE SANGRE;B05C;SOLUCIONES DE IRRIGACIÓN;B05CX;OTRAS SOLUCIONES PARA IRRIGACIÓN;B05CX10;COMBINACIONES
B;SANGRE Y ÓRGANOS FORMADORES DE SANGRE;B05X;ADITIVOS PARA SOLUCIONES I.V.;B05XA;SOLUCIONES ELECTROLÍTICAS;B05XA01;CLORURO DE POTASIO
B;SANGRE Y ÓRGANOS FORMADORES DE SANGRE;B05X;ADITIVOS PARA SOLUCIONES I.V.;B05XA;SOLUCIONES ELECTROLÍTICAS;B05XA02;BICARBONATO DE SODIO
B;SANGRE Y ÓRGANOS FORMADORES DE SANGRE;B05X;ADITIVOS PARA SOLUCIONES I.V.;B05XA;SOLUCIONES ELECTROLÍTICAS;B05XA03;CLORURO DE SODIO
B;SANGRE Y ÓRGANOS FORMADORES DE SANGRE;B05X;ADITIVOS PARA SOLUCIONES I.V.;B05XA;SOLUCIONES ELECTROLÍTICAS;B05XA04;CLORURO DE AMONIO
B;SANGRE Y ÓRGANOS FORMADORES DE SANGRE;B05X;ADITIVOS PARA SOLUCIONES I.V.;B05XA;SOLUCIONES ELECTROLÍTICAS;B05XA05;SULFATO DE MAGNESIO
B;SANGRE Y ÓRGANOS FORMADORES DE SANGRE;B05X;ADITIVOS PARA SOLUCIONES I.V.;B05XA;SOLUCIONES ELECTROLÍTICAS;B05XA06;FOSFATO DE POTASIO, INCL. COMBINACIONES CON OTRAS SALES DE POTASIO
B;SANGRE Y ÓRGANOS FORMADORES DE SANGRE;B05X;ADITIVOS PARA SOLUCIONES I.V.;B05XA;SOLUCIONES ELECTROLÍTICAS;B05XA07;CLORURO DE CALCIO
B;SANGRE Y ÓRGANOS FORMADORES DE SANGRE;B05X;ADITIVOS PARA SOLUCIONES I.V.;B05XA;SOLUCIONES ELECTROLÍTICAS;B05XA08;ACETATO DE SODIO
B;SANGRE Y ÓRGANOS FORMADORES DE SANGRE;B05X;ADITIVOS PARA SOLUCIONES I.V.;B05XA;SOLUCIONES ELECTROLÍTICAS;B05XA09;FOSFATO DE SODIO
B;SANGRE Y ÓRGANOS FORMADORES DE SANGRE;B05X;ADITIVOS PARA SOLUCIONES I.V.;B05XA;SOLUCIONES ELECTROLÍTICAS;B05XA10;FOSFATO DE MAGNESIO
B;SANGRE Y ÓRGANOS FORMADORES DE SANGRE;B05X;ADITIVOS PARA SOLUCIONES I.V.;B05XA;SOLUCIONES ELECTROLÍTICAS;B05XA11;CLORURO DE MAGNESIO
B;SANGRE Y ÓRGANOS FORMADORES DE SANGRE;B05X;ADITIVOS PARA SOLUCIONES I.V.;B05XA;SOLUCIONES ELECTROLÍTICAS;B05XA12;CLORURO DE ZINC
B;SANGRE Y ÓRGANOS FORMADORES DE SANGRE;B05X;ADITIVOS PARA SOLUCIONES I.V.;B05XA;SOLUCIONES ELECTROLÍTICAS;B05XA13;ÁCIDO HIDROCLÓRICO
B;SANGRE Y ÓRGANOS FORMADORES DE SANGRE;B05X;ADITIVOS PARA SOLUCIONES I.V.;B05XA;SOLUCIONES ELECTROLÍTICAS;B05XA14;GLICEROFOSFATO DE SODIO
B;SANGRE Y ÓRGANOS FORMADORES DE SANGRE;B05X;ADITIVOS PARA SOLUCIONES I.V.;B05XA;SOLUCIONES ELECTROLÍTICAS;B05XA15;LACTATO DE POTASIO
B;SANGRE Y ÓRGANOS FORMADORES DE SANGRE;B05X;ADITIVOS PARA SOLUCIONES I.V.;B05XA;SOLUCIONES ELECTROLÍTICAS;B05XA16;SOLUCIONES CARDIOPLÉJICAS
B;SANGRE Y ÓRGANOS FORMADORES DE SANGRE;B05X;ADITIVOS PARA SOLUCIONES I.V.;B05XA;SOLUCIONES ELECTROLÍTICAS;B05XA17;ACETATO DE POTASIO
B;SANGRE Y ÓRGANOS FORMADORES DE SANGRE;B05X;ADITIVOS PARA SOLUCIONES I.V.;B05XA;SOLUCIONES ELECTROLÍTICAS;B05XA30;COMBINACIONES DE ELECTROLITOS
B;SANGRE Y ÓRGANOS FORMADORES DE SANGRE;B05X;ADITIVOS PARA SOLUCIONES I.V.;B05XA;SOLUCIONES ELECTROLÍTICAS;B05XA31;ELECTROLÍTOS EN COMBINACIÓN CON OTRAS DROGAS
B;SANGRE Y ÓRGANOS FORMADORES DE SANGRE;B05X;ADITIVOS PARA SOLUCIONES I.V.;B05XB;AMINOÁCIDOS;B05XB01;ARGININA, CLORHIDRATO DE
B;SANGRE Y ÓRGANOS FORMADORES DE SANGRE;B05X;ADITIVOS PARA SOLUCIONES I.V.;B05XB;AMINOÁCIDOS;B05XB02;ALANILGLUTAMINA
B;SANGRE Y ÓRGANOS FORMADORES DE SANGRE;B05X;ADITIVOS PARA SOLUCIONES I.V.;B05XB;AMINOÁCIDOS;B05XB03;LISINA
B;SANGRE Y ÓRGANOS FORMADORES DE SANGRE;B05X;ADITIVOS PARA SOLUCIONES I.V.;B05XX;OTROS ADITIVOS PARA SOLUCIONES I.V;B05XX02;TROMETAMOL
B;SANGRE Y ÓRGANOS FORMADORES DE SANGRE;B06A;OTROS AGENTES HEMATOLÓGICOS;B06AA;ENZIMAS;B06AA02;FIBRINOLISINA Y DESOXIRRIBONUCLEASA
B;SANGRE Y ÓRGANOS FORMADORES DE SANGRE;B06A;OTROS AGENTES HEMATOLÓGICOS;B06AA;ENZIMAS;B06AA03;HIALURONIDASA
B;SANGRE Y ÓRGANOS FORMADORES DE SANGRE;B06A;OTROS AGENTES HEMATOLÓGICOS;B06AA;ENZIMAS;B06AA04;QUIMOTRIPSINA
B;SANGRE Y ÓRGANOS FORMADORES DE SANGRE;B06A;OTROS AGENTES HEMATOLÓGICOS;B06AA;ENZIMAS;B06AA07;TRIPSINA
B;SANGRE Y ÓRGANOS FORMADORES DE SANGRE;B06A;OTROS AGENTES HEMATOLÓGICOS;B06AA;ENZIMAS;B06AA10;DESOXIRRIBUNUCLEASA
B;SANGRE Y ÓRGANOS FORMADORES DE SANGRE;B06A;OTROS AGENTES HEMATOLÓGICOS;B06AA;ENZIMAS;B06AA11;BROMELAÍNA
B;SANGRE Y ÓRGANOS FORMADORES DE SANGRE;B06A;OTROS AGENTES HEMATOLÓGICOS;B06AA;ENZIMAS;B06AA55;ESTREPTOQUINASA, COMBINACIONES CON
B;SANGRE Y ÓRGANOS FORMADORES DE SANGRE;B06A;OTROS AGENTES HEMATOLÓGICOS;B06AB;OTROS PRODUCTOS CON GRUPO HEMO;B06AB01;HEMATINA
B;SANGRE Y ÓRGANOS FORMADORES DE SANGRE;B06A;OTROS AGENTES HEMATOLÓGICOS;B06AC;DROGAS USADAS EN EL ANGIOEDEMA HEREDITARIO;B06AC01;INHIBIDOR DE C1, DERIVADO DEL PLASMA
B;SANGRE Y ÓRGANOS FORMADORES DE SANGRE;B06A;OTROS AGENTES HEMATOLÓGICOS;B06AC;DROGAS USADAS EN EL ANGIOEDEMA HEREDITARIO;B06AC02;ICATIBANTO
B;SANGRE Y ÓRGANOS FORMADORES DE SANGRE;B06A;OTROS AGENTES HEMATOLÓGICOS;B06AC;DROGAS USADAS EN EL ANGIOEDEMA HEREDITARIO;B06AC03;ECALANTIDA
B;SANGRE Y ÓRGANOS FORMADORES DE SANGRE;B06A;OTROS AGENTES HEMATOLÓGICOS;B06AC;DROGAS USADAS EN EL ANGIOEDEMA HEREDITARIO;B06AC04;CONESTAT ALFA
C;SISTEMA CARDIOVASCULAR;C01A;GLUCÓSIDOS CARDÍACOS;C01AA;GLUCÓSIDOS DIGITÁLICOS;C01AA01;ACETILDIGITOXINA
C;SISTEMA CARDIOVASCULAR;C01A;GLUCÓSIDOS CARDÍACOS;C01AA;GLUCÓSIDOS DIGITÁLICOS;C01AA02;ACETILDIGOXINA
C;SISTEMA CARDIOVASCULAR;C01A;GLUCÓSIDOS CARDÍACOS;C01AA;GLUCÓSIDOS DIGITÁLICOS;C01AA03;DIGITAL, HOJAS DE
C;SISTEMA CARDIOVASCULAR;C01A;GLUCÓSIDOS CARDÍACOS;C01AA;GLUCÓSIDOS DIGITÁLICOS;C01AA04;DIGITOXINA
C;SISTEMA CARDIOVASCULAR;C01A;GLUCÓSIDOS CARDÍACOS;C01AA;GLUCÓSIDOS DIGITÁLICOS;C01AA05;DIGOXINA
C;SISTEMA CARDIOVASCULAR;C01A;GLUCÓSIDOS CARDÍACOS;C01AA;GLUCÓSIDOS DIGITÁLICOS;C01AA06;LANATÓSIDO C
C;SISTEMA CARDIOVASCULAR;C01A;GLUCÓSIDOS CARDÍACOS;C01AA;GLUCÓSIDOS DIGITÁLICOS;C01AA07;DESLANÓSIDO
C;SISTEMA CARDIOVASCULAR;C01A;GLUCÓSIDOS CARDÍACOS;C01AA;GLUCÓSIDOS DIGITÁLICOS;C01AA08;METILDIGOXINA
C;SISTEMA CARDIOVASCULAR;C01A;GLUCÓSIDOS CARDÍACOS;C01AA;GLUCÓSIDOS DIGITÁLICOS;C01AA09;GITOFORMATO
C;SISTEMA CARDIOVASCULAR;C01A;GLUCÓSIDOS CARDÍACOS;C01AA;GLUCÓSIDOS DIGITÁLICOS;C01AA52;ACETILDIGOXINA, COMBINACIONES
C;SISTEMA CARDIOVASCULAR;C01A;GLUCÓSIDOS CARDÍACOS;C01AB;GLUCÓSIDOS DE LA ESCILA;C01AB01;PROSCILARIDINA
C;SISTEMA CARDIOVASCULAR;C01A;GLUCÓSIDOS CARDÍACOS;C01AB;GLUCÓSIDOS DE LA ESCILA;C01AB51;PROSCILARIDINA, COMBINACIONES
C;SISTEMA CARDIOVASCULAR;C01A;GLUCÓSIDOS CARDÍACOS;C01AC;GLUCÓSIDOS DEL ESTROFANTO;C01AC01;ESTROFANTINA G
C;SISTEMA CARDIOVASCULAR;C01A;GLUCÓSIDOS CARDÍACOS;C01AC;GLUCÓSIDOS DEL ESTROFANTO;C01AC03;CIMARINA
C;SISTEMA CARDIOVASCULAR;C01A;GLUCÓSIDOS CARDÍACOS;C01AX;OTROS GLUCÓSIDOS CARDIÁCOS;C01AX02;PERUVÓSIDO
C;SISTEMA CARDIOVASCULAR;C01B;ANTIARRÍTMICOS DE CLASE I Y III;C01BA;ANTIARRÍTMICOS DE CLASE IA;C01BA01;QUINIDINA
C;SISTEMA CARDIOVASCULAR;C01B;ANTIARRÍTMICOS DE CLASE I Y III;C01BA;ANTIARRÍTMICOS DE CLASE IA;C01BA02;PROCAINAMIDA
C;SISTEMA CARDIOVASCULAR;C01B;ANTIARRÍTMICOS DE CLASE I Y III;C01BA;ANTIARRÍTMICOS DE CLASE IA;C01BA03;DISOPIRAMIDA
C;SISTEMA CARDIOVASCULAR;C01B;ANTIARRÍTMICOS DE CLASE I Y III;C01BA;ANTIARRÍTMICOS DE CLASE IA;C01BA04;ESPARTEÍNA
C;SISTEMA CARDIOVASCULAR;C01B;ANTIARRÍTMICOS DE CLASE I Y III;C01BA;ANTIARRÍTMICOS DE CLASE IA;C01BA05;AJMALINA
C;SISTEMA CARDIOVASCULAR;C01B;ANTIARRÍTMICOS DE CLASE I Y III;C01BA;ANTIARRÍTMICOS DE CLASE IA;C01BA08;PRAJMALINA
C;SISTEMA CARDIOVASCULAR;C01B;ANTIARRÍTMICOS DE CLASE I Y III;C01BA;ANTIARRÍTMICOS DE CLASE IA;C01BA12;LORAJMINA
C;SISTEMA CARDIOVASCULAR;C01B;ANTIARRÍTMICOS DE CLASE I Y III;C01BA;ANTIARRÍTMICOS DE CLASE IA;C01BA51;QUINIDINA, COMBINACIONES EXCLUIDOS PSICOLÉPTICOS
C;SISTEMA CARDIOVASCULAR;C01B;ANTIARRÍTMICOS DE CLASE I Y III;C01BA;ANTIARRÍTMICOS DE CLASE IA;C01BA71;QUINIDINA, COMBINACIONES CON PSICOLÉPTICOS
C;SISTEMA CARDIOVASCULAR;C01B;ANTIARRÍTMICOS DE CLASE I Y III;C01BB;ANTIARRÍTMICOS DE CLASE IB;C01BB01;LIDOCAÍNA
C;SISTEMA CARDIOVASCULAR;C01B;ANTIARRÍTMICOS DE CLASE I Y III;C01BB;ANTIARRÍTMICOS DE CLASE IB;C01BB02;MEXILETINA
C;SISTEMA CARDIOVASCULAR;C01B;ANTIARRÍTMICOS DE CLASE I Y III;C01BB;ANTIARRÍTMICOS DE CLASE IB;C01BB03;TOCAINIDA
C;SISTEMA CARDIOVASCULAR;C01B;ANTIARRÍTMICOS DE CLASE I Y III;C01BB;ANTIARRÍTMICOS DE CLASE IB;C01BB04;APRINDINA
C;SISTEMA CARDIOVASCULAR;C01B;ANTIARRÍTMICOS DE CLASE I Y III;C01BC;ANTIARRÍTMICOS DE CLASE IC;C01BC03;PROPAFENONA
C;SISTEMA CARDIOVASCULAR;C01B;ANTIARRÍTMICOS DE CLASE I Y III;C01BC;ANTIARRÍTMICOS DE CLASE IC;C01BC04;FLECAINIDA
C;SISTEMA CARDIOVASCULAR;C01B;ANTIARRÍTMICOS DE CLASE I Y III;C01BC;ANTIARRÍTMICOS DE CLASE IC;C01BC07;LORCAINIDA
C;SISTEMA CARDIOVASCULAR;C01B;ANTIARRÍTMICOS DE CLASE I Y III;C01BC;ANTIARRÍTMICOS DE CLASE IC;C01BC08;ENCAINIDA
C;SISTEMA CARDIOVASCULAR;C01B;ANTIARRÍTMICOS DE CLASE I Y III;C01BC;ANTIARRÍTMICOS DE CLASE IC;C01BC09;ETACIZINA
C;SISTEMA CARDIOVASCULAR;C01B;ANTIARRÍTMICOS DE CLASE I Y III;C01BD;ANTIARRÍTMICOS DE CLASE III;C01BD01;AMIODARONA
C;SISTEMA CARDIOVASCULAR;C01B;ANTIARRÍTMICOS DE CLASE I Y III;C01BD;ANTIARRÍTMICOS DE CLASE III;C01BD02;BRETILIO, TOSILATO DE
C;SISTEMA CARDIOVASCULAR;C01B;ANTIARRÍTMICOS DE CLASE I Y III;C01BD;ANTIARRÍTMICOS DE CLASE III;C01BD03;BUNAFTINA
C;SISTEMA CARDIOVASCULAR;C01B;ANTIARRÍTMICOS DE CLASE I Y III;C01BD;ANTIARRÍTMICOS DE CLASE III;C01BD04;DOFETILIDA
C;SISTEMA CARDIOVASCULAR;C01B;ANTIARRÍTMICOS DE CLASE I Y III;C01BD;ANTIARRÍTMICOS DE CLASE III;C01BD05;IBUTILIDA
C;SISTEMA CARDIOVASCULAR;C01B;ANTIARRÍTMICOS DE CLASE I Y III;C01BD;ANTIARRÍTMICOS DE CLASE III;C01BD06;TEDISALMIL
C;SISTEMA CARDIOVASCULAR;C01B;ANTIARRÍTMICOS DE CLASE I Y III;C01BD;ANTIARRÍTMICOS DE CLASE III;C01BD07;DRONEDARONA
C;SISTEMA CARDIOVASCULAR;C01B;ANTIARRÍTMICOS DE CLASE I Y III;C01BG;OTROS ANTIARRÍTMICOS DE CLASE I Y III;C01BG01;MORACIZINA
C;SISTEMA CARDIOVASCULAR;C01B;ANTIARRÍTMICOS DE CLASE I Y III;C01BG;OTROS ANTIARRÍTMICOS DE CLASE I Y III;C01BG07;CIBENZOLINA
C;SISTEMA CARDIOVASCULAR;C01B;ANTIARRÍTMICOS DE CLASE I Y III;C01BG;OTROS ANTIARRÍTMICOS DE CLASE I Y III;C01BG11;VERNAKALANT
C;SISTEMA CARDIOVASCULAR;C01C;ESTIMULANTES CARDÍACOS EXCLUIDOS GLUCÓSIDOS CARDÍACOS;C01CA;AGENTES ADRENÉRGICOS Y DOPAMINÉRGICOS;C01CA01;ETILEFRINA
C;SISTEMA CARDIOVASCULAR;C01C;ESTIMULANTES CARDÍACOS EXCLUIDOS GLUCÓSIDOS CARDÍACOS;C01CA;AGENTES ADRENÉRGICOS Y DOPAMINÉRGICOS;C01CA02;ISOPRENALINA
C;SISTEMA CARDIOVASCULAR;C01C;ESTIMULANTES CARDÍACOS EXCLUIDOS GLUCÓSIDOS CARDÍACOS;C01CA;AGENTES ADRENÉRGICOS Y DOPAMINÉRGICOS;C01CA03;NOREPINEFRINA
C;SISTEMA CARDIOVASCULAR;C01C;ESTIMULANTES CARDÍACOS EXCLUIDOS GLUCÓSIDOS CARDÍACOS;C01CA;AGENTES ADRENÉRGICOS Y DOPAMINÉRGICOS;C01CA04;DOPAMINA
C;SISTEMA CARDIOVASCULAR;C01C;ESTIMULANTES CARDÍACOS EXCLUIDOS GLUCÓSIDOS CARDÍACOS;C01CA;AGENTES ADRENÉRGICOS Y DOPAMINÉRGICOS;C01CA05;NORFENEFRINA
C;SISTEMA CARDIOVASCULAR;C01C;ESTIMULANTES CARDÍACOS EXCLUIDOS GLUCÓSIDOS CARDÍACOS;C01CA;AGENTES ADRENÉRGICOS Y DOPAMINÉRGICOS;C01CA06;FENILEFRINA
C;SISTEMA CARDIOVASCULAR;C01C;ESTIMULANTES CARDÍACOS EXCLUIDOS GLUCÓSIDOS CARDÍACOS;C01CA;AGENTES ADRENÉRGICOS Y DOPAMINÉRGICOS;C01CA07;DOBUTAMINA
C;SISTEMA CARDIOVASCULAR;C01C;ESTIMULANTES CARDÍACOS EXCLUIDOS GLUCÓSIDOS CARDÍACOS;C01CA;AGENTES ADRENÉRGICOS Y DOPAMINÉRGICOS;C01CA08;OXEDRINA
C;SISTEMA CARDIOVASCULAR;C01C;ESTIMULANTES CARDÍACOS EXCLUIDOS GLUCÓSIDOS CARDÍACOS;C01CA;AGENTES ADRENÉRGICOS Y DOPAMINÉRGICOS;C01CA09;METARAMINOL
C;SISTEMA CARDIOVASCULAR;C01C;ESTIMULANTES CARDÍACOS EXCLUIDOS GLUCÓSIDOS CARDÍACOS;C01CA;AGENTES ADRENÉRGICOS Y DOPAMINÉRGICOS;C01CA10;METOXAMINA
C;SISTEMA CARDIOVASCULAR;C01C;ESTIMULANTES CARDÍACOS EXCLUIDOS GLUCÓSIDOS CARDÍACOS;C01CA;AGENTES ADRENÉRGICOS Y DOPAMINÉRGICOS;C01CA11;MEFENTERMINA
C;SISTEMA CARDIOVASCULAR;C01C;ESTIMULANTES CARDÍACOS EXCLUIDOS GLUCÓSIDOS CARDÍACOS;C01CA;AGENTES ADRENÉRGICOS Y DOPAMINÉRGICOS;C01CA12;DIMETOFRINA
C;SISTEMA CARDIOVASCULAR;C01C;ESTIMULANTES CARDÍACOS EXCLUIDOS GLUCÓSIDOS CARDÍACOS;C01CA;AGENTES ADRENÉRGICOS Y DOPAMINÉRGICOS;C01CA13;PRENALTEROL
C;SISTEMA CARDIOVASCULAR;C01C;ESTIMULANTES CARDÍACOS EXCLUIDOS GLUCÓSIDOS CARDÍACOS;C01CA;AGENTES ADRENÉRGICOS Y DOPAMINÉRGICOS;C01CA14;DOPEXAMINA
C;SISTEMA CARDIOVASCULAR;C01C;ESTIMULANTES CARDÍACOS EXCLUIDOS GLUCÓSIDOS CARDÍACOS;C01CA;AGENTES ADRENÉRGICOS Y DOPAMINÉRGICOS;C01CA15;GEPEFRINA
C;SISTEMA CARDIOVASCULAR;C01C;ESTIMULANTES CARDÍACOS EXCLUIDOS GLUCÓSIDOS CARDÍACOS;C01CA;AGENTES ADRENÉRGICOS Y DOPAMINÉRGICOS;C01CA16;IBOPAMINA
C;SISTEMA CARDIOVASCULAR;C01C;ESTIMULANTES CARDÍACOS EXCLUIDOS GLUCÓSIDOS CARDÍACOS;C01CA;AGENTES ADRENÉRGICOS Y DOPAMINÉRGICOS;C01CA17;MIDODRINA
C;SISTEMA CARDIOVASCULAR;C01C;ESTIMULANTES CARDÍACOS EXCLUIDOS GLUCÓSIDOS CARDÍACOS;C01CA;AGENTES ADRENÉRGICOS Y DOPAMINÉRGICOS;C01CA18;OCTOPAMINA
C;SISTEMA CARDIOVASCULAR;C01C;ESTIMULANTES CARDÍACOS EXCLUIDOS GLUCÓSIDOS CARDÍACOS;C01CA;AGENTES ADRENÉRGICOS Y DOPAMINÉRGICOS;C01CA19;FENOLDOPAM
C;SISTEMA CARDIOVASCULAR;C01C;ESTIMULANTES CARDÍACOS EXCLUIDOS GLUCÓSIDOS CARDÍACOS;C01CA;AGENTES ADRENÉRGICOS Y DOPAMINÉRGICOS;C01CA21;CAFEDRINA
C;SISTEMA CARDIOVASCULAR;C01C;ESTIMULANTES CARDÍACOS EXCLUIDOS GLUCÓSIDOS CARDÍACOS;C01CA;AGENTES ADRENÉRGICOS Y DOPAMINÉRGICOS;C01CA22;ARBUTAMINA
C;SISTEMA CARDIOVASCULAR;C01C;ESTIMULANTES CARDÍACOS EXCLUIDOS GLUCÓSIDOS CARDÍACOS;C01CA;AGENTES ADRENÉRGICOS Y DOPAMINÉRGICOS;C01CA23;TEODRENALINA
C;SISTEMA CARDIOVASCULAR;C01C;ESTIMULANTES CARDÍACOS EXCLUIDOS GLUCÓSIDOS CARDÍACOS;C01CA;AGENTES ADRENÉRGICOS Y DOPAMINÉRGICOS;C01CA24;EPINEFRINA
C;SISTEMA CARDIOVASCULAR;C01C;ESTIMULANTES CARDÍACOS EXCLUIDOS GLUCÓSIDOS CARDÍACOS;C01CA;AGENTES ADRENÉRGICOS Y DOPAMINÉRGICOS;C01CA25;METILSULFATO DE AMEZINIO
C;SISTEMA CARDIOVASCULAR;C01C;ESTIMULANTES CARDÍACOS EXCLUIDOS GLUCÓSIDOS CARDÍACOS;C01CA;AGENTES ADRENÉRGICOS Y DOPAMINÉRGICOS;C01CA26;EFEDRINA
C;SISTEMA CARDIOVASCULAR;C01C;ESTIMULANTES CARDÍACOS EXCLUIDOS GLUCÓSIDOS CARDÍACOS;C01CA;AGENTES ADRENÉRGICOS Y DOPAMINÉRGICOS;C01CA30;COMBINACIONES
C;SISTEMA CARDIOVASCULAR;C01C;ESTIMULANTES CARDÍACOS EXCLUIDOS GLUCÓSIDOS CARDÍACOS;C01CA;AGENTES ADRENÉRGICOS Y DOPAMINÉRGICOS;C01CA51;ETILEFRINA, COMBINACIONES
C;SISTEMA CARDIOVASCULAR;C01C;ESTIMULANTES CARDÍACOS EXCLUIDOS GLUCÓSIDOS CARDÍACOS;C01CE;INHIBIDORES DE LA FOSFODIESTERASA;C01CE01;AMRINONA
C;SISTEMA CARDIOVASCULAR;C01C;ESTIMULANTES CARDÍACOS EXCLUIDOS GLUCÓSIDOS CARDÍACOS;C01CE;INHIBIDORES DE LA FOSFODIESTERASA;C01CE02;MILRINONA
C;SISTEMA CARDIOVASCULAR;C01C;ESTIMULANTES CARDÍACOS EXCLUIDOS GLUCÓSIDOS CARDÍACOS;C01CE;INHIBIDORES DE LA FOSFODIESTERASA;C01CE03;ENOXIMONA
C;SISTEMA CARDIOVASCULAR;C01C;ESTIMULANTES CARDÍACOS EXCLUIDOS GLUCÓSIDOS CARDÍACOS;C01CE;INHIBIDORES DE LA FOSFODIESTERASA;C01CE04;BUCLADESINA
C;SISTEMA CARDIOVASCULAR;C01C;ESTIMULANTES CARDÍACOS EXCLUIDOS GLUCÓSIDOS CARDÍACOS;C01CX;OTROS ESTIMULANTES CARDÍACOS;C01CX06;ANGIOTENSINAMIDA
C;SISTEMA CARDIOVASCULAR;C01C;ESTIMULANTES CARDÍACOS EXCLUIDOS GLUCÓSIDOS CARDÍACOS;C01CX;OTROS ESTIMULANTES CARDÍACOS;C01CX07;XAMOTEROL
C;SISTEMA CARDIOVASCULAR;C01C;ESTIMULANTES CARDÍACOS EXCLUIDOS GLUCÓSIDOS CARDÍACOS;C01CX;OTROS ESTIMULANTES CARDÍACOS;C01CX08;LEVOSIMENDÁN
C;SISTEMA CARDIOVASCULAR;C01D;VASODILATADORES USADOS EN ENFERMEDADES CARDÍACAS;C01DA;NITRATOS ORGÁNICOS;C01DA02;TRINITRATO DE GLICERILO
C;SISTEMA CARDIOVASCULAR;C01D;VASODILATADORES USADOS EN ENFERMEDADES CARDÍACAS;C01DA;NITRATOS ORGÁNICOS;C01DA04;DINITRATO DE METILPROPILPROPANEDIOL
C;SISTEMA CARDIOVASCULAR;C01D;VASODILATADORES USADOS EN ENFERMEDADES CARDÍACAS;C01DA;NITRATOS ORGÁNICOS;C01DA05;TETRANITRATO DE PENTAERITRITILO
C;SISTEMA CARDIOVASCULAR;C01D;VASODILATADORES USADOS EN ENFERMEDADES CARDÍACAS;C01DA;NITRATOS ORGÁNICOS;C01DA07;PROPATILNITRATO
C;SISTEMA CARDIOVASCULAR;C01D;VASODILATADORES USADOS EN ENFERMEDADES CARDÍACAS;C01DA;NITRATOS ORGÁNICOS;C01DA08;DINITRATO DE ISOSORBIDA
C;SISTEMA CARDIOVASCULAR;C01D;VASODILATADORES USADOS EN ENFERMEDADES CARDÍACAS;C01DA;NITRATOS ORGÁNICOS;C01DA09;TROLNITRATO
C;SISTEMA CARDIOVASCULAR;C01D;VASODILATADORES USADOS EN ENFERMEDADES CARDÍACAS;C01DA;NITRATOS ORGÁNICOS;C01DA13;TETRANITRATO DE ERITRITILO
C;SISTEMA CARDIOVASCULAR;C01D;VASODILATADORES USADOS EN ENFERMEDADES CARDÍACAS;C01DA;NITRATOS ORGÁNICOS;C01DA14;MONONITRATO DE ISOSORBIDA
C;SISTEMA CARDIOVASCULAR;C01D;VASODILATADORES USADOS EN ENFERMEDADES CARDÍACAS;C01DA;NITRATOS ORGÁNICOS;C01DA20;NITRATOS ORGÁNICOS EN COMBINACIÓN
C;SISTEMA CARDIOVASCULAR;C01D;VASODILATADORES USADOS EN ENFERMEDADES CARDÍACAS;C01DA;NITRATOS ORGÁNICOS;C01DA38;TENITRAMINA
C;SISTEMA CARDIOVASCULAR;C01D;VASODILATADORES USADOS EN ENFERMEDADES CARDÍACAS;C01DA;NITRATOS ORGÁNICOS;C01DA52;TRINITRATO DE GLICERILO, COMBINACIONES
C;SISTEMA CARDIOVASCULAR;C01D;VASODILATADORES USADOS EN ENFERMEDADES CARDÍACAS;C01DA;NITRATOS ORGÁNICOS;C01DA54;DINITRATO DE METILPROPILPROPANEDIOL, COMBINACIONES
C;SISTEMA CARDIOVASCULAR;C01D;VASODILATADORES USADOS EN ENFERMEDADES CARDÍACAS;C01DA;NITRATOS ORGÁNICOS;C01DA55;TETRANITRATO DE PENTAERITRITILO, COMBINACIONES
C;SISTEMA CARDIOVASCULAR;C01D;VASODILATADORES USADOS EN ENFERMEDADES CARDÍACAS;C01DA;NITRATOS ORGÁNICOS;C01DA57;PROPATILNITRATO, COMBINACIONES
C;SISTEMA CARDIOVASCULAR;C01D;VASODILATADORES USADOS EN ENFERMEDADES CARDÍACAS;C01DA;NITRATOS ORGÁNICOS;C01DA58;DINITRATO DE ISOSORBIDA, COMBINACIONES
C;SISTEMA CARDIOVASCULAR;C01D;VASODILATADORES USADOS EN ENFERMEDADES CARDÍACAS;C01DA;NITRATOS ORGÁNICOS;C01DA59;TROLNITRATO, COMBINACIONES
C;SISTEMA CARDIOVASCULAR;C01D;VASODILATADORES USADOS EN ENFERMEDADES CARDÍACAS;C01DA;NITRATOS ORGÁNICOS;C01DA63;TETRANITRATO DE ERITRITILO, COMBINACIONES
C;SISTEMA CARDIOVASCULAR;C01D;VASODILATADORES USADOS EN ENFERMEDADES CARDÍACAS;C01DA;NITRATOS ORGÁNICOS;C01DA70;NITRATOS ORGÁNICOS EN COMBINACIÓN CON PSICOLÉPTICOS
C;SISTEMA CARDIOVASCULAR;C01D;VASODILATADORES USADOS EN ENFERMEDADES CARDÍACAS;C01DB;VASODILATADORES DE TIPO QUINOLONA;C01DB01;FLOSEQUINÁN
C;SISTEMA CARDIOVASCULAR;C01D;VASODILATADORES USADOS EN ENFERMEDADES CARDÍACAS;C01DX;OTROS VASODILATADORES USADOS EN ENFERMEDADES CARDÍACAS;C01DX01;ITRAMINA, TOSILATO DE
C;SISTEMA CARDIOVASCULAR;C01D;VASODILATADORES USADOS EN ENFERMEDADES CARDÍACAS;C01DX;OTROS VASODILATADORES USADOS EN ENFERMEDADES CARDÍACAS;C01DX02;PRENILAMINA
C;SISTEMA CARDIOVASCULAR;C01D;VASODILATADORES USADOS EN ENFERMEDADES CARDÍACAS;C01DX;OTROS VASODILATADORES USADOS EN ENFERMEDADES CARDÍACAS;C01DX03;OXIFEDRINA
C;SISTEMA CARDIOVASCULAR;C01D;VASODILATADORES USADOS EN ENFERMEDADES CARDÍACAS;C01DX;OTROS VASODILATADORES USADOS EN ENFERMEDADES CARDÍACAS;C01DX04;BENCIODARONA
C;SISTEMA CARDIOVASCULAR;C01D;VASODILATADORES USADOS EN ENFERMEDADES CARDÍACAS;C01DX;OTROS VASODILATADORES USADOS EN ENFERMEDADES CARDÍACAS;C01DX05;CARBOCROMENO
C;SISTEMA CARDIOVASCULAR;C01D;VASODILATADORES USADOS EN ENFERMEDADES CARDÍACAS;C01DX;OTROS VASODILATADORES USADOS EN ENFERMEDADES CARDÍACAS;C01DX06;HEXOBENDINA
C;SISTEMA CARDIOVASCULAR;C01D;VASODILATADORES USADOS EN ENFERMEDADES CARDÍACAS;C01DX;OTROS VASODILATADORES USADOS EN ENFERMEDADES CARDÍACAS;C01DX07;ETAFENONA
C;SISTEMA CARDIOVASCULAR;C01D;VASODILATADORES USADOS EN ENFERMEDADES CARDÍACAS;C01DX;OTROS VASODILATADORES USADOS EN ENFERMEDADES CARDÍACAS;C01DX08;HEPTAMINOL
C;SISTEMA CARDIOVASCULAR;C01D;VASODILATADORES USADOS EN ENFERMEDADES CARDÍACAS;C01DX;OTROS VASODILATADORES USADOS EN ENFERMEDADES CARDÍACAS;C01DX09;IMOLAMINA
C;SISTEMA CARDIOVASCULAR;C01D;VASODILATADORES USADOS EN ENFERMEDADES CARDÍACAS;C01DX;OTROS VASODILATADORES USADOS EN ENFERMEDADES CARDÍACAS;C01DX10;DILAZEP
C;SISTEMA CARDIOVASCULAR;C01D;VASODILATADORES USADOS EN ENFERMEDADES CARDÍACAS;C01DX;OTROS VASODILATADORES USADOS EN ENFERMEDADES CARDÍACAS;C01DX11;TRAPIDIL
C;SISTEMA CARDIOVASCULAR;C01D;VASODILATADORES USADOS EN ENFERMEDADES CARDÍACAS;C01DX;OTROS VASODILATADORES USADOS EN ENFERMEDADES CARDÍACAS;C01DX12;MOLSIDOMINA
C;SISTEMA CARDIOVASCULAR;C01D;VASODILATADORES USADOS EN ENFERMEDADES CARDÍACAS;C01DX;OTROS VASODILATADORES USADOS EN ENFERMEDADES CARDÍACAS;C01DX13;EFLOXATO
C;SISTEMA CARDIOVASCULAR;C01D;VASODILATADORES USADOS EN ENFERMEDADES CARDÍACAS;C01DX;OTROS VASODILATADORES USADOS EN ENFERMEDADES CARDÍACAS;C01DX14;CINEPAZET
C;SISTEMA CARDIOVASCULAR;C01D;VASODILATADORES USADOS EN ENFERMEDADES CARDÍACAS;C01DX;OTROS VASODILATADORES USADOS EN ENFERMEDADES CARDÍACAS;C01DX15;CLORIDAROL
C;SISTEMA CARDIOVASCULAR;C01D;VASODILATADORES USADOS EN ENFERMEDADES CARDÍACAS;C01DX;OTROS VASODILATADORES USADOS EN ENFERMEDADES CARDÍACAS;C01DX16;NICORANDIL
C;SISTEMA CARDIOVASCULAR;C01D;VASODILATADORES USADOS EN ENFERMEDADES CARDÍACAS;C01DX;OTROS VASODILATADORES USADOS EN ENFERMEDADES CARDÍACAS;C01DX18;LINSIDOMINA
C;SISTEMA CARDIOVASCULAR;C01D;VASODILATADORES USADOS EN ENFERMEDADES CARDÍACAS;C01DX;OTROS VASODILATADORES USADOS EN ENFERMEDADES CARDÍACAS;C01DX19;NESIRITIDA
C;SISTEMA CARDIOVASCULAR;C01D;VASODILATADORES USADOS EN ENFERMEDADES CARDÍACAS;C01DX;OTROS VASODILATADORES USADOS EN ENFERMEDADES CARDÍACAS;C01DX21;SERELAXINA
C;SISTEMA CARDIOVASCULAR;C01D;VASODILATADORES USADOS EN ENFERMEDADES CARDÍACAS;C01DX;OTROS VASODILATADORES USADOS EN ENFERMEDADES CARDÍACAS;C01DX51;ITRAMINA, TOSILATO DE, COMBINACIONES
C;SISTEMA CARDIOVASCULAR;C01D;VASODILATADORES USADOS EN ENFERMEDADES CARDÍACAS;C01DX;OTROS VASODILATADORES USADOS EN ENFERMEDADES CARDÍACAS;C01DX52;PRENILAMINA, COMBINACIONES
C;SISTEMA CARDIOVASCULAR;C01D;VASODILATADORES USADOS EN ENFERMEDADES CARDÍACAS;C01DX;OTROS VASODILATADORES USADOS EN ENFERMEDADES CARDÍACAS;C01DX53;OXIFEDRINA, COMBINACIONES
C;SISTEMA CARDIOVASCULAR;C01D;VASODILATADORES USADOS EN ENFERMEDADES CARDÍACAS;C01DX;OTROS VASODILATADORES USADOS EN ENFERMEDADES CARDÍACAS;C01DX54;BENZIODARONA, COMBINACIONES
C;SISTEMA CARDIOVASCULAR;C01E;OTROS PREPARADOS  PARA EL CORAZÓN;C01EA;PROSTAGLANDINAS;C01EA01;ALPROSTADIL
C;SISTEMA CARDIOVASCULAR;C01E;OTROS PREPARADOS  PARA EL CORAZÓN;C01EB;OTROS PREPARADOS PARA EL CORAZÓN;C01EB02;ALCANFOR
C;SISTEMA CARDIOVASCULAR;C01E;OTROS PREPARADOS  PARA EL CORAZÓN;C01EB;OTROS PREPARADOS PARA EL CORAZÓN;C01EB03;INDOMETACINA
C;SISTEMA CARDIOVASCULAR;C01E;OTROS PREPARADOS  PARA EL CORAZÓN;C01EB;OTROS PREPARADOS PARA EL CORAZÓN;C01EB04;CRATAEGUS, GLUCÓSIDOS DEL
C;SISTEMA CARDIOVASCULAR;C01E;OTROS PREPARADOS  PARA EL CORAZÓN;C01EB;OTROS PREPARADOS PARA EL CORAZÓN;C01EB05;CREATINOLFOSFATO
C;SISTEMA CARDIOVASCULAR;C01E;OTROS PREPARADOS  PARA EL CORAZÓN;C01EB;OTROS PREPARADOS PARA EL CORAZÓN;C01EB06;FOSFOCREATININA
C;SISTEMA CARDIOVASCULAR;C01E;OTROS PREPARADOS  PARA EL CORAZÓN;C01EB;OTROS PREPARADOS PARA EL CORAZÓN;C01EB07;FRUCTOSA 1,6-DIFOSFATO
C;SISTEMA CARDIOVASCULAR;C01E;OTROS PREPARADOS  PARA EL CORAZÓN;C01EB;OTROS PREPARADOS PARA EL CORAZÓN;C01EB09;UBIDECARENONA
C;SISTEMA CARDIOVASCULAR;C01E;OTROS PREPARADOS  PARA EL CORAZÓN;C01EB;OTROS PREPARADOS PARA EL CORAZÓN;C01EB10;ADENOSINA
C;SISTEMA CARDIOVASCULAR;C01E;OTROS PREPARADOS  PARA EL CORAZÓN;C01EB;OTROS PREPARADOS PARA EL CORAZÓN;C01EB11;TIRACIZINA
C;SISTEMA CARDIOVASCULAR;C01E;OTROS PREPARADOS  PARA EL CORAZÓN;C01EB;OTROS PREPARADOS PARA EL CORAZÓN;C01EB13;ACADESINA
C;SISTEMA CARDIOVASCULAR;C01E;OTROS PREPARADOS  PARA EL CORAZÓN;C01EB;OTROS PREPARADOS PARA EL CORAZÓN;C01EB15;TRIMETAZIDINA
C;SISTEMA CARDIOVASCULAR;C01E;OTROS PREPARADOS  PARA EL CORAZÓN;C01EB;OTROS PREPARADOS PARA EL CORAZÓN;C01EB16;IBUPROFENO
C;SISTEMA CARDIOVASCULAR;C01E;OTROS PREPARADOS  PARA EL CORAZÓN;C01EB;OTROS PREPARADOS PARA EL CORAZÓN;C01EB17;IVABRADINA
C;SISTEMA CARDIOVASCULAR;C01E;OTROS PREPARADOS  PARA EL CORAZÓN;C01EB;OTROS PREPARADOS PARA EL CORAZÓN;C01EB18;RANOLAZINA
C;SISTEMA CARDIOVASCULAR;C01E;OTROS PREPARADOS  PARA EL CORAZÓN;C01EB;OTROS PREPARADOS PARA EL CORAZÓN;C01EB21;REGADENOSÓN
C;SISTEMA CARDIOVASCULAR;C01E;OTROS PREPARADOS  PARA EL CORAZÓN;C01EB;OTROS PREPARADOS PARA EL CORAZÓN;C01EB22;MELDONIO
C;SISTEMA CARDIOVASCULAR;C02A;AGENTES ANTIADRENÉRGICOS DE ACCIÓN CENTRAL;C02AA;ALCALOIDES DE LA RAUWOLFIA;C02AA01;RESCINAMINA
C;SISTEMA CARDIOVASCULAR;C02A;AGENTES ANTIADRENÉRGICOS DE ACCIÓN CENTRAL;C02AA;ALCALOIDES DE LA RAUWOLFIA;C02AA02;RESERPINA
C;SISTEMA CARDIOVASCULAR;C02A;AGENTES ANTIADRENÉRGICOS DE ACCIÓN CENTRAL;C02AA;ALCALOIDES DE LA RAUWOLFIA;C02AA03;ALCALOIDES DE LA RAUWOLFIA, COMBINACIONES DE
C;SISTEMA CARDIOVASCULAR;C02A;AGENTES ANTIADRENÉRGICOS DE ACCIÓN CENTRAL;C02AA;ALCALOIDES DE LA RAUWOLFIA;C02AA04;ALCALOIDES DE LA RAUWOLFIA, RAÍZ ENTERA DE
C;SISTEMA CARDIOVASCULAR;C02A;AGENTES ANTIADRENÉRGICOS DE ACCIÓN CENTRAL;C02AA;ALCALOIDES DE LA RAUWOLFIA;C02AA05;DESERPIDINA
C;SISTEMA CARDIOVASCULAR;C02A;AGENTES ANTIADRENÉRGICOS DE ACCIÓN CENTRAL;C02AA;ALCALOIDES DE LA RAUWOLFIA;C02AA06;METOSERPIDINA
C;SISTEMA CARDIOVASCULAR;C02A;AGENTES ANTIADRENÉRGICOS DE ACCIÓN CENTRAL;C02AA;ALCALOIDES DE LA RAUWOLFIA;C02AA07;BIETASERPINA
C;SISTEMA CARDIOVASCULAR;C02A;AGENTES ANTIADRENÉRGICOS DE ACCIÓN CENTRAL;C02AA;ALCALOIDES DE LA RAUWOLFIA;C02AA52;RESERPINA, COMBINACIONES
C;SISTEMA CARDIOVASCULAR;C02A;AGENTES ANTIADRENÉRGICOS DE ACCIÓN CENTRAL;C02AA;ALCALOIDES DE LA RAUWOLFIA;C02AA53;COMBINACIONES DE ALCALOIDES DE LA RAUWOLFIA, COMBINACIONES
C;SISTEMA CARDIOVASCULAR;C02A;AGENTES ANTIADRENÉRGICOS DE ACCIÓN CENTRAL;C02AA;ALCALOIDES DE LA RAUWOLFIA;C02AA57;BIETASERPINA, COMBINACIONES
C;SISTEMA CARDIOVASCULAR;C02A;AGENTES ANTIADRENÉRGICOS DE ACCIÓN CENTRAL;C02AB;METILDOPA;C02AB01;METILDOPA (LEVÓGIRA)
C;SISTEMA CARDIOVASCULAR;C02A;AGENTES ANTIADRENÉRGICOS DE ACCIÓN CENTRAL;C02AB;METILDOPA;C02AB02;METILDOPA (RACÉMICA)
C;SISTEMA CARDIOVASCULAR;C02A;AGENTES ANTIADRENÉRGICOS DE ACCIÓN CENTRAL;C02AC;AGONISTAS DEL RECEPTOR DE IMIDAZOLINA;C02AC01;CLONIDINA
C;SISTEMA CARDIOVASCULAR;C02A;AGENTES ANTIADRENÉRGICOS DE ACCIÓN CENTRAL;C02AC;AGONISTAS DEL RECEPTOR DE IMIDAZOLINA;C02AC02;GUANFACINA
C;SISTEMA CARDIOVASCULAR;C02A;AGENTES ANTIADRENÉRGICOS DE ACCIÓN CENTRAL;C02AC;AGONISTAS DEL RECEPTOR DE IMIDAZOLINA;C02AC04;TOLONIDINA
C;SISTEMA CARDIOVASCULAR;C02A;AGENTES ANTIADRENÉRGICOS DE ACCIÓN CENTRAL;C02AC;AGONISTAS DEL RECEPTOR DE IMIDAZOLINA;C02AC05;MOXONIDINA
C;SISTEMA CARDIOVASCULAR;C02A;AGENTES ANTIADRENÉRGICOS DE ACCIÓN CENTRAL;C02AC;AGONISTAS DEL RECEPTOR DE IMIDAZOLINA;C02AC06;RILMENIDINA
C;SISTEMA CARDIOVASCULAR;C02B;AGENTES ANTIADRENÉRGICOS POR BLOQUEO GANGLIONAR;C02BA;DERIVADOS DEL SULFONIO;C02BA01;TRIMETAFÁN
C;SISTEMA CARDIOVASCULAR;C02B;AGENTES ANTIADRENÉRGICOS POR BLOQUEO GANGLIONAR;C02BB;AMINAS SECUNDARIAS Y TERCIARIAS;C02BB01;MECAMILAMINA
C;SISTEMA CARDIOVASCULAR;C02C;AGENTES ANTIADRENÉRGICOS DE ACCIÓN PERIFÉRICA;C02CA;ANTAGONISTAS DE RECEPTORES ALFA-ADRENÉRGICOS;C02CA01;PRAZOSINA
C;SISTEMA CARDIOVASCULAR;C02C;AGENTES ANTIADRENÉRGICOS DE ACCIÓN PERIFÉRICA;C02CA;ANTAGONISTAS DE RECEPTORES ALFA-ADRENÉRGICOS;C02CA02;INDORAMINA
C;SISTEMA CARDIOVASCULAR;C02C;AGENTES ANTIADRENÉRGICOS DE ACCIÓN PERIFÉRICA;C02CA;ANTAGONISTAS DE RECEPTORES ALFA-ADRENÉRGICOS;C02CA03;TRIMAZOSINA
C;SISTEMA CARDIOVASCULAR;C02C;AGENTES ANTIADRENÉRGICOS DE ACCIÓN PERIFÉRICA;C02CA;ANTAGONISTAS DE RECEPTORES ALFA-ADRENÉRGICOS;C02CA04;DOXAZOSINA
C;SISTEMA CARDIOVASCULAR;C02C;AGENTES ANTIADRENÉRGICOS DE ACCIÓN PERIFÉRICA;C02CA;ANTAGONISTAS DE RECEPTORES ALFA-ADRENÉRGICOS;C02CA06;URAPIDIL
C;SISTEMA CARDIOVASCULAR;C02C;AGENTES ANTIADRENÉRGICOS DE ACCIÓN PERIFÉRICA;C02CC;DERIVADOS DE LA GUANIDINA;C02CC01;BETANIDINA
C;SISTEMA CARDIOVASCULAR;C02C;AGENTES ANTIADRENÉRGICOS DE ACCIÓN PERIFÉRICA;C02CC;DERIVADOS DE LA GUANIDINA;C02CC02;GUANETIDINA
C;SISTEMA CARDIOVASCULAR;C02C;AGENTES ANTIADRENÉRGICOS DE ACCIÓN PERIFÉRICA;C02CC;DERIVADOS DE LA GUANIDINA;C02CC03;GUANOXANO
C;SISTEMA CARDIOVASCULAR;C02C;AGENTES ANTIADRENÉRGICOS DE ACCIÓN PERIFÉRICA;C02CC;DERIVADOS DE LA GUANIDINA;C02CC04;DEBRISOQUINA
C;SISTEMA CARDIOVASCULAR;C02C;AGENTES ANTIADRENÉRGICOS DE ACCIÓN PERIFÉRICA;C02CC;DERIVADOS DE LA GUANIDINA;C02CC05;GUANOCLORO
C;SISTEMA CARDIOVASCULAR;C02C;AGENTES ANTIADRENÉRGICOS DE ACCIÓN PERIFÉRICA;C02CC;DERIVADOS DE LA GUANIDINA;C02CC06;GUANAZODINA
C;SISTEMA CARDIOVASCULAR;C02C;AGENTES ANTIADRENÉRGICOS DE ACCIÓN PERIFÉRICA;C02CC;DERIVADOS DE LA GUANIDINA;C02CC07;GUANOXABENZO
C;SISTEMA CARDIOVASCULAR;C02D;AGENTES QUE ACTÚAN SOBRE EL MÚSCULO LISO ARTERIOLAR;C02DA;DERIVADOS TIAZÍDICOS;C02DA01;DIAZÓXIDO
C;SISTEMA CARDIOVASCULAR;C02D;AGENTES QUE ACTÚAN SOBRE EL MÚSCULO LISO ARTERIOLAR;C02DB;DERIVADOS  DE LA HIDRAZINOFTALACINA;C02DB01;DIHIDRALAZINA
C;SISTEMA CARDIOVASCULAR;C02D;AGENTES QUE ACTÚAN SOBRE EL MÚSCULO LISO ARTERIOLAR;C02DB;DERIVADOS  DE LA HIDRAZINOFTALACINA;C02DB02;HIDRALAZINA
C;SISTEMA CARDIOVASCULAR;C02D;AGENTES QUE ACTÚAN SOBRE EL MÚSCULO LISO ARTERIOLAR;C02DB;DERIVADOS  DE LA HIDRAZINOFTALACINA;C02DB03;ENDRALAZINA
C;SISTEMA CARDIOVASCULAR;C02D;AGENTES QUE ACTÚAN SOBRE EL MÚSCULO LISO ARTERIOLAR;C02DB;DERIVADOS  DE LA HIDRAZINOFTALACINA;C02DB04;CADRALAZINA
C;SISTEMA CARDIOVASCULAR;C02D;AGENTES QUE ACTÚAN SOBRE EL MÚSCULO LISO ARTERIOLAR;C02DC;DERIVADOS DE LA PIRIMIDINA;C02DC01;MINOXIDIL
C;SISTEMA CARDIOVASCULAR;C02D;AGENTES QUE ACTÚAN SOBRE EL MÚSCULO LISO ARTERIOLAR;C02DD;DERIVADOS DEL NITROFERRICIANURO;C02DD01;NITROPRUSIATO
C;SISTEMA CARDIOVASCULAR;C02D;AGENTES QUE ACTÚAN SOBRE EL MÚSCULO LISO ARTERIOLAR;C02DG;DERIVADOS DE LA GUANIDINA;C02DG01;PINACIDIL
C;SISTEMA CARDIOVASCULAR;C02K;OTROS ANTIHIPERTENSIVOS;C02KA;ALCALOIDES, EXCLUIDOS LOS DE LA RAUWOLFIA;C02KA01;VERATRO
C;SISTEMA CARDIOVASCULAR;C02K;OTROS ANTIHIPERTENSIVOS;C02KB;INHIBIDORES DE LA TIROSINA HIDROXILASA;C02KB01;METIROSINA
C;SISTEMA CARDIOVASCULAR;C02K;OTROS ANTIHIPERTENSIVOS;C02KC;INHIBIDORES DE LA MAO;C02KC01;PARGILINA
C;SISTEMA CARDIOVASCULAR;C02K;OTROS ANTIHIPERTENSIVOS;C02KD;ANTAGONISTAS DE LA SEROTONINA;C02KD01;KETANSERINA
C;SISTEMA CARDIOVASCULAR;C02K;OTROS ANTIHIPERTENSIVOS;C02KX;OTROS ANTIHIPERTENSIVOS;C02KX01;BOSENTANO
C;SISTEMA CARDIOVASCULAR;C02K;OTROS ANTIHIPERTENSIVOS;C02KX;OTROS ANTIHIPERTENSIVOS;C02KX02;AMBRISENTÁN
C;SISTEMA CARDIOVASCULAR;C02K;OTROS ANTIHIPERTENSIVOS;C02KX;OTROS ANTIHIPERTENSIVOS;C02KX03;SITAXENTÁN
C;SISTEMA CARDIOVASCULAR;C02K;OTROS ANTIHIPERTENSIVOS;C02KX;OTROS ANTIHIPERTENSIVOS;C02KX04;MACITENTÁN
C;SISTEMA CARDIOVASCULAR;C02L;ANTIHIPERTENSIVOS Y DIURÉTICOS EN COMBINACIÓN;C02LA;ALCALOIDES DE LA RAUWOLFIA Y DIURÉTICOS EN COMBINACIÓN;C02LA01;RESERPINA Y DIURÉTICOS
C;SISTEMA CARDIOVASCULAR;C02L;ANTIHIPERTENSIVOS Y DIURÉTICOS EN COMBINACIÓN;C02LA;ALCALOIDES DE LA RAUWOLFIA Y DIURÉTICOS EN COMBINACIÓN;C02LA02;RESCINAMINA Y DIURÉTICOS
C;SISTEMA CARDIOVASCULAR;C02L;ANTIHIPERTENSIVOS Y DIURÉTICOS EN COMBINACIÓN;C02LA;ALCALOIDES DE LA RAUWOLFIA Y DIURÉTICOS EN COMBINACIÓN;C02LA03;DESERPIDINA Y DIURÉTICOS
C;SISTEMA CARDIOVASCULAR;C02L;ANTIHIPERTENSIVOS Y DIURÉTICOS EN COMBINACIÓN;C02LA;ALCALOIDES DE LA RAUWOLFIA Y DIURÉTICOS EN COMBINACIÓN;C02LA04;METOSERPIDINA Y DIURÉTICOS
C;SISTEMA CARDIOVASCULAR;C02L;ANTIHIPERTENSIVOS Y DIURÉTICOS EN COMBINACIÓN;C02LA;ALCALOIDES DE LA RAUWOLFIA Y DIURÉTICOS EN COMBINACIÓN;C02LA07;BIETASERPINA Y DIURÉTICOS
C;SISTEMA CARDIOVASCULAR;C02L;ANTIHIPERTENSIVOS Y DIURÉTICOS EN COMBINACIÓN;C02LA;ALCALOIDES DE LA RAUWOLFIA Y DIURÉTICOS EN COMBINACIÓN;C02LA08;RAUWOLFIA, ALCALOIDES DE RAÍZ ENTERA, Y DIURÉTICOS
C;SISTEMA CARDIOVASCULAR;C02L;ANTIHIPERTENSIVOS Y DIURÉTICOS EN COMBINACIÓN;C02LA;ALCALOIDES DE LA RAUWOLFIA Y DIURÉTICOS EN COMBINACIÓN;C02LA09;SIROSINGOPINA Y DIURÉTICOS
C;SISTEMA CARDIOVASCULAR;C02L;ANTIHIPERTENSIVOS Y DIURÉTICOS EN COMBINACIÓN;C02LA;ALCALOIDES DE LA RAUWOLFIA Y DIURÉTICOS EN COMBINACIÓN;C02LA50;COMBINACIÓN DE ALCALOIDES DE LA RAUWOLFIA Y DIURÉTICOS, INCL. OTRAS COMBINACIONES
C;SISTEMA CARDIOVASCULAR;C02L;ANTIHIPERTENSIVOS Y DIURÉTICOS EN COMBINACIÓN;C02LA;ALCALOIDES DE LA RAUWOLFIA Y DIURÉTICOS EN COMBINACIÓN;C02LA51;RESERPINA Y DIURÉTICOS, COMBINACIONES CON OTRAS DROGAS
C;SISTEMA CARDIOVASCULAR;C02L;ANTIHIPERTENSIVOS Y DIURÉTICOS EN COMBINACIÓN;C02LA;ALCALOIDES DE LA RAUWOLFIA Y DIURÉTICOS EN COMBINACIÓN;C02LA52;RESCINAMINA Y DIURÉTICOS, COMBINACIONES CON OTRAS DROGAS
C;SISTEMA CARDIOVASCULAR;C02L;ANTIHIPERTENSIVOS Y DIURÉTICOS EN COMBINACIÓN;C02LA;ALCALOIDES DE LA RAUWOLFIA Y DIURÉTICOS EN COMBINACIÓN;C02LA71;RESERPINA Y DIURÉTICOS, COMBINACIONES CON PSICOLÉPTICOS
C;SISTEMA CARDIOVASCULAR;C02L;ANTIHIPERTENSIVOS Y DIURÉTICOS EN COMBINACIÓN;C02LB;METILDOPA Y DIURÉTICOS EN COMBINACIÓN;C02LB01;METILDOPA (LEVÓGIRA) Y DIURÉTICOS
C;SISTEMA CARDIOVASCULAR;C02L;ANTIHIPERTENSIVOS Y DIURÉTICOS EN COMBINACIÓN;C02LC;AGONISTAS DEL RECEPTOR DE IMIDAZOLINA Y DIURÉTICOS EN COMBINACIÓN;C02LC01;CLONIDINA Y DIURÉTICOS
C;SISTEMA CARDIOVASCULAR;C02L;ANTIHIPERTENSIVOS Y DIURÉTICOS EN COMBINACIÓN;C02LC;AGONISTAS DEL RECEPTOR DE IMIDAZOLINA Y DIURÉTICOS EN COMBINACIÓN;C02LC05;MOXONIDINA Y DIURÉTICOS
C;SISTEMA CARDIOVASCULAR;C02L;ANTIHIPERTENSIVOS Y DIURÉTICOS EN COMBINACIÓN;C02LC;AGONISTAS DEL RECEPTOR DE IMIDAZOLINA Y DIURÉTICOS EN COMBINACIÓN;C02LC51;CLONIDINA Y DIURÉTICOS, COMBINACIONES CON OTRAS DROGAS
C;SISTEMA CARDIOVASCULAR;C02L;ANTIHIPERTENSIVOS Y DIURÉTICOS EN COMBINACIÓN;C02LE;ANTAGONISTAS ALFA- ADRENÉRGICOS Y DIURÉTICOS;C02LE01;PRAZOSINA Y DIURÉTICOS
C;SISTEMA CARDIOVASCULAR;C02L;ANTIHIPERTENSIVOS Y DIURÉTICOS EN COMBINACIÓN;C02LF;DERIVADOS DE LA GUANIDINA Y DIURÉTICOS;C02LF01;GUANETIDINA Y DIURÉTICOS
C;SISTEMA CARDIOVASCULAR;C02L;ANTIHIPERTENSIVOS Y DIURÉTICOS EN COMBINACIÓN;C02LG;DERIVADOS DE LA HIDRAZINOFTALAZINA Y DIURÉTICOS;C02LG01;DIHIDRALAZINA Y DIURÉTICOS
C;SISTEMA CARDIOVASCULAR;C02L;ANTIHIPERTENSIVOS Y DIURÉTICOS EN COMBINACIÓN;C02LG;DERIVADOS DE LA HIDRAZINOFTALAZINA Y DIURÉTICOS;C02LG02;HIDRALAZINA Y DIURÉTICOS
C;SISTEMA CARDIOVASCULAR;C02L;ANTIHIPERTENSIVOS Y DIURÉTICOS EN COMBINACIÓN;C02LG;DERIVADOS DE LA HIDRAZINOFTALAZINA Y DIURÉTICOS;C02LG03;PICODRALAZINA Y DIURÉTICOS
C;SISTEMA CARDIOVASCULAR;C02L;ANTIHIPERTENSIVOS Y DIURÉTICOS EN COMBINACIÓN;C02LG;DERIVADOS DE LA HIDRAZINOFTALAZINA Y DIURÉTICOS;C02LG51;DIHIDRALAZINA Y DIURÉTICOS, COMBINACIONES CON OTRAS DROGAS
C;SISTEMA CARDIOVASCULAR;C02L;ANTIHIPERTENSIVOS Y DIURÉTICOS EN COMBINACIÓN;C02LG;DERIVADOS DE LA HIDRAZINOFTALAZINA Y DIURÉTICOS;C02LG73;PICODRALAZINA Y DIURÉTICOS, COMBINACIONES CON PSICOLÉPTICOS
C;SISTEMA CARDIOVASCULAR;C02L;ANTIHIPERTENSIVOS Y DIURÉTICOS EN COMBINACIÓN;C02LK;ALCALOIDES, EXCLUIDOS LOS DE LA RAUWOLFIA, EN COMBINACIÓN CON DIURÉTICOS;C02LK01;VERATRO Y DIURÉTICOS
C;SISTEMA CARDIOVASCULAR;C02L;ANTIHIPERTENSIVOS Y DIURÉTICOS EN COMBINACIÓN;C02LL;INHIBIDORES DE LA MAO Y DIURÉTICOS;C02LL01;PARGILINA Y DIURÉTICOS
C;SISTEMA CARDIOVASCULAR;C02L;ANTIHIPERTENSIVOS Y DIURÉTICOS EN COMBINACIÓN;C02LX;OTROS ANTIHIPERTENSIVOS Y DIURÉTICOS;C02LX01;PINACIDIL Y DIURÉTICOS
C;SISTEMA CARDIOVASCULAR;C03A;DIURÉTICOS DE TECHO BAJO: TIAZIDAS;C03AA;TIAZIDAS, MONOTERAPIA;C03AA01;BENDROFLUMETIAZIDA
C;SISTEMA CARDIOVASCULAR;C03A;DIURÉTICOS DE TECHO BAJO: TIAZIDAS;C03AA;TIAZIDAS, MONOTERAPIA;C03AA02;HIDROFLUMETIAZIDA
C;SISTEMA CARDIOVASCULAR;C03A;DIURÉTICOS DE TECHO BAJO: TIAZIDAS;C03AA;TIAZIDAS, MONOTERAPIA;C03AA03;HIDROCLOROTIAZIDA
C;SISTEMA CARDIOVASCULAR;C03A;DIURÉTICOS DE TECHO BAJO: TIAZIDAS;C03AA;TIAZIDAS, MONOTERAPIA;C03AA04;CLOROTIAZIDA
C;SISTEMA CARDIOVASCULAR;C03A;DIURÉTICOS DE TECHO BAJO: TIAZIDAS;C03AA;TIAZIDAS, MONOTERAPIA;C03AA05;POLITIAZIDA
C;SISTEMA CARDIOVASCULAR;C03A;DIURÉTICOS DE TECHO BAJO: TIAZIDAS;C03AA;TIAZIDAS, MONOTERAPIA;C03AA06;TRICLORMETIAZIDA
C;SISTEMA CARDIOVASCULAR;C03A;DIURÉTICOS DE TECHO BAJO: TIAZIDAS;C03AA;TIAZIDAS, MONOTERAPIA;C03AA07;CICLOPENTIAZIDA
C;SISTEMA CARDIOVASCULAR;C03A;DIURÉTICOS DE TECHO BAJO: TIAZIDAS;C03AA;TIAZIDAS, MONOTERAPIA;C03AA08;METICLOTIAZIDA
C;SISTEMA CARDIOVASCULAR;C03A;DIURÉTICOS DE TECHO BAJO: TIAZIDAS;C03AA;TIAZIDAS, MONOTERAPIA;C03AA09;CICLOTIAZIDA
C;SISTEMA CARDIOVASCULAR;C03A;DIURÉTICOS DE TECHO BAJO: TIAZIDAS;C03AA;TIAZIDAS, MONOTERAPIA;C03AA13;MEBUTIZIDA
C;SISTEMA CARDIOVASCULAR;C03A;DIURÉTICOS DE TECHO BAJO: TIAZIDAS;C03AB;TIAZIDAS Y POTASIO EN COMBINACIÓN;C03AB01;BENDROFLUMETIAZIDA Y POTASIO
C;SISTEMA CARDIOVASCULAR;C03A;DIURÉTICOS DE TECHO BAJO: TIAZIDAS;C03AB;TIAZIDAS Y POTASIO EN COMBINACIÓN;C03AB02;HIDROFLUMETIAZIDA Y POTASIO
C;SISTEMA CARDIOVASCULAR;C03A;DIURÉTICOS DE TECHO BAJO: TIAZIDAS;C03AB;TIAZIDAS Y POTASIO EN COMBINACIÓN;C03AB03;HIDROCLOROTIAZIDA Y POTASIO
C;SISTEMA CARDIOVASCULAR;C03A;DIURÉTICOS DE TECHO BAJO: TIAZIDAS;C03AB;TIAZIDAS Y POTASIO EN COMBINACIÓN;C03AB04;CLOROTIAZIDA Y POTASIO
C;SISTEMA CARDIOVASCULAR;C03A;DIURÉTICOS DE TECHO BAJO: TIAZIDAS;C03AB;TIAZIDAS Y POTASIO EN COMBINACIÓN;C03AB05;POLYTIAZIDE Y POTASIO
C;SISTEMA CARDIOVASCULAR;C03A;DIURÉTICOS DE TECHO BAJO: TIAZIDAS;C03AB;TIAZIDAS Y POTASIO EN COMBINACIÓN;C03AB06;TRICLORMETIAZIDA Y POTASIO
C;SISTEMA CARDIOVASCULAR;C03A;DIURÉTICOS DE TECHO BAJO: TIAZIDAS;C03AB;TIAZIDAS Y POTASIO EN COMBINACIÓN;C03AB07;CICLOPENTIAZIDA Y POTASIO
C;SISTEMA CARDIOVASCULAR;C03A;DIURÉTICOS DE TECHO BAJO: TIAZIDAS;C03AB;TIAZIDAS Y POTASIO EN COMBINACIÓN;C03AB08;METICLOTIAZIDA Y POTASIO
C;SISTEMA CARDIOVASCULAR;C03A;DIURÉTICOS DE TECHO BAJO: TIAZIDAS;C03AB;TIAZIDAS Y POTASIO EN COMBINACIÓN;C03AB09;CICLOTIAZIDA Y POTASIO
C;SISTEMA CARDIOVASCULAR;C03A;DIURÉTICOS DE TECHO BAJO: TIAZIDAS;C03AH;TIAZIDAS, COMBINACIONES CON PSICOLÉPTICOS Y/O ANALGÉSICOS;C03AH01;CLOROTIAZIDA, COMBINACIONES
C;SISTEMA CARDIOVASCULAR;C03A;DIURÉTICOS DE TECHO BAJO: TIAZIDAS;C03AH;TIAZIDAS, COMBINACIONES CON PSICOLÉPTICOS Y/O ANALGÉSICOS;C03AH02;HIDROFLUMETIAZIDA, COMBINACIONES
C;SISTEMA CARDIOVASCULAR;C03A;DIURÉTICOS DE TECHO BAJO: TIAZIDAS;C03AX;TIAZIDAS, COMBINACIONES CON OTRAS DROGAS;C03AX01;HIDROCLOROTIAZIDA, COMBINACIONES
C;SISTEMA CARDIOVASCULAR;C03B;DIURÉTICOS DE TECHO BAJO, EXCLUIDOS TIAZIDAS;C03BA;SULFONAMIDAS, MONOTERAPIA;C03BA02;QUINETAZONA
C;SISTEMA CARDIOVASCULAR;C03B;DIURÉTICOS DE TECHO BAJO, EXCLUIDOS TIAZIDAS;C03BA;SULFONAMIDAS, MONOTERAPIA;C03BA03;CLOPAMIDA
C;SISTEMA CARDIOVASCULAR;C03B;DIURÉTICOS DE TECHO BAJO, EXCLUIDOS TIAZIDAS;C03BA;SULFONAMIDAS, MONOTERAPIA;C03BA04;CLORTALIDONA
C;SISTEMA CARDIOVASCULAR;C03B;DIURÉTICOS DE TECHO BAJO, EXCLUIDOS TIAZIDAS;C03BA;SULFONAMIDAS, MONOTERAPIA;C03BA05;MEFRUSIDA
C;SISTEMA CARDIOVASCULAR;C03B;DIURÉTICOS DE TECHO BAJO, EXCLUIDOS TIAZIDAS;C03BA;SULFONAMIDAS, MONOTERAPIA;C03BA07;CLOFENAMIDA
C;SISTEMA CARDIOVASCULAR;C03B;DIURÉTICOS DE TECHO BAJO, EXCLUIDOS TIAZIDAS;C03BA;SULFONAMIDAS, MONOTERAPIA;C03BA08;METOLAZONA
C;SISTEMA CARDIOVASCULAR;C03B;DIURÉTICOS DE TECHO BAJO, EXCLUIDOS TIAZIDAS;C03BA;SULFONAMIDAS, MONOTERAPIA;C03BA09;METICRANO
C;SISTEMA CARDIOVASCULAR;C03B;DIURÉTICOS DE TECHO BAJO, EXCLUIDOS TIAZIDAS;C03BA;SULFONAMIDAS, MONOTERAPIA;C03BA10;XIPAMIDA
C;SISTEMA CARDIOVASCULAR;C03B;DIURÉTICOS DE TECHO BAJO, EXCLUIDOS TIAZIDAS;C03BA;SULFONAMIDAS, MONOTERAPIA;C03BA11;INDAPAMIDA
C;SISTEMA CARDIOVASCULAR;C03B;DIURÉTICOS DE TECHO BAJO, EXCLUIDOS TIAZIDAS;C03BA;SULFONAMIDAS, MONOTERAPIA;C03BA12;CLOREXOLONA
C;SISTEMA CARDIOVASCULAR;C03B;DIURÉTICOS DE TECHO BAJO, EXCLUIDOS TIAZIDAS;C03BA;SULFONAMIDAS, MONOTERAPIA;C03BA13;FENQUIZONA
C;SISTEMA CARDIOVASCULAR;C03B;DIURÉTICOS DE TECHO BAJO, EXCLUIDOS TIAZIDAS;C03BA;SULFONAMIDAS, MONOTERAPIA;C03BA82;CLOREXOLONA, COMBINACIONES CON PSICOLÉPTICOS
C;SISTEMA CARDIOVASCULAR;C03B;DIURÉTICOS DE TECHO BAJO, EXCLUIDOS TIAZIDAS;C03BB;SULFONAMIDAS Y POTASIO, EN COMBINACIÓN;C03BB02;QUINETAZONA Y POTASIO
C;SISTEMA CARDIOVASCULAR;C03B;DIURÉTICOS DE TECHO BAJO, EXCLUIDOS TIAZIDAS;C03BB;SULFONAMIDAS Y POTASIO, EN COMBINACIÓN;C03BB03;CLOPAMIDA Y POTASIO
C;SISTEMA CARDIOVASCULAR;C03B;DIURÉTICOS DE TECHO BAJO, EXCLUIDOS TIAZIDAS;C03BB;SULFONAMIDAS Y POTASIO, EN COMBINACIÓN;C03BB04;CLORTALIDONA Y POTASIO
C;SISTEMA CARDIOVASCULAR;C03B;DIURÉTICOS DE TECHO BAJO, EXCLUIDOS TIAZIDAS;C03BB;SULFONAMIDAS Y POTASIO, EN COMBINACIÓN;C03BB05;MEFRUSIDA Y POTASIO
C;SISTEMA CARDIOVASCULAR;C03B;DIURÉTICOS DE TECHO BAJO, EXCLUIDOS TIAZIDAS;C03BB;SULFONAMIDAS Y POTASIO, EN COMBINACIÓN;C03BB07;CLOFENAMIDA Y POTASIO
C;SISTEMA CARDIOVASCULAR;C03B;DIURÉTICOS DE TECHO BAJO, EXCLUIDOS TIAZIDAS;C03BC;DIURÉTICOS MERCURIALES;C03BC01;MERSALILO
C;SISTEMA CARDIOVASCULAR;C03B;DIURÉTICOS DE TECHO BAJO, EXCLUIDOS TIAZIDAS;C03BD;DERIVADOS DE LA XANTINA;C03BD01;TEOBROMINA
C;SISTEMA CARDIOVASCULAR;C03B;DIURÉTICOS DE TECHO BAJO, EXCLUIDOS TIAZIDAS;C03BX;OTROS DIURÉTICOS DE TECHO BAJO;C03BX03;CICLETANINA
C;SISTEMA CARDIOVASCULAR;C03C;DIURÉTICOS DE TECHO ALTO;C03CA;SULFONAMIDAS, MONOTERAPIA;C03CA01;FUROSEMIDA
C;SISTEMA CARDIOVASCULAR;C03C;DIURÉTICOS DE TECHO ALTO;C03CA;SULFONAMIDAS, MONOTERAPIA;C03CA02;BUMETANIDA
C;SISTEMA CARDIOVASCULAR;C03C;DIURÉTICOS DE TECHO ALTO;C03CA;SULFONAMIDAS, MONOTERAPIA;C03CA03;PIRETANIDA
C;SISTEMA CARDIOVASCULAR;C03C;DIURÉTICOS DE TECHO ALTO;C03CA;SULFONAMIDAS, MONOTERAPIA;C03CA04;TORASEMIDA
C;SISTEMA CARDIOVASCULAR;C03C;DIURÉTICOS DE TECHO ALTO;C03CB;SULFONAMIDAS Y POTASIO, EN COMBINACIÓN;C03CB01;FUROSEMIDA Y POTASIO
C;SISTEMA CARDIOVASCULAR;C03C;DIURÉTICOS DE TECHO ALTO;C03CB;SULFONAMIDAS Y POTASIO, EN COMBINACIÓN;C03CB02;BUMETANIDA Y POTASIO
C;SISTEMA CARDIOVASCULAR;C03C;DIURÉTICOS DE TECHO ALTO;C03CC;DERIVADOS DEL ÁCIDO ARILOXIACÉTICO;C03CC01;ÁCIDO ETACRÍNICO
C;SISTEMA CARDIOVASCULAR;C03C;DIURÉTICOS DE TECHO ALTO;C03CC;DERIVADOS DEL ÁCIDO ARILOXIACÉTICO;C03CC02;ÁCIDO TIENÍLICO
C;SISTEMA CARDIOVASCULAR;C03C;DIURÉTICOS DE TECHO ALTO;C03CD;DERIVADOS DE LA PIRAZOLONA;C03CD01;MUZOLIMINA
C;SISTEMA CARDIOVASCULAR;C03C;DIURÉTICOS DE TECHO ALTO;C03CX;OTROS DIURÉTICOS DE TECHO ALTO;C03CX01;ETOZOLINA
C;SISTEMA CARDIOVASCULAR;C03D;AGENTES AHORRADORES DE POTASIO;C03DA;ANTAGONISTAS DE LA ALDOSTERONA;C03DA01;ESPIRONOLACTONA
C;SISTEMA CARDIOVASCULAR;C03D;AGENTES AHORRADORES DE POTASIO;C03DA;ANTAGONISTAS DE LA ALDOSTERONA;C03DA02;CANRENOATO DE POTASIO
C;SISTEMA CARDIOVASCULAR;C03D;AGENTES AHORRADORES DE POTASIO;C03DA;ANTAGONISTAS DE LA ALDOSTERONA;C03DA03;CANRENONA
C;SISTEMA CARDIOVASCULAR;C03D;AGENTES AHORRADORES DE POTASIO;C03DA;ANTAGONISTAS DE LA ALDOSTERONA;C03DA04;EPLERENONA
C;SISTEMA CARDIOVASCULAR;C03D;AGENTES AHORRADORES DE POTASIO;C03DB;OTROS AGENTES AHORRADORES DE POTASIO;C03DB01;AMILORIDA
C;SISTEMA CARDIOVASCULAR;C03D;AGENTES AHORRADORES DE POTASIO;C03DB;OTROS AGENTES AHORRADORES DE POTASIO;C03DB02;TRIAMTERENO
C;SISTEMA CARDIOVASCULAR;C03E;DIURÉTICOS Y AGENTES AHORRADORES DE  POTASIO EN COMBINACIÓN;C03EA;DIURÉTICOS DE TECHO BAJO Y AGENTES AHORRADORES DE POTASIO;C03EA01;HIDROCLOROTIAZIDA Y AGENTES AHORRADORES DE POTASIO
C;SISTEMA CARDIOVASCULAR;C03E;DIURÉTICOS Y AGENTES AHORRADORES DE  POTASIO EN COMBINACIÓN;C03EA;DIURÉTICOS DE TECHO BAJO Y AGENTES AHORRADORES DE POTASIO;C03EA02;TRICLORMETIAZIDA Y AGENTES AHORRADORES DE POTASIO
C;SISTEMA CARDIOVASCULAR;C03E;DIURÉTICOS Y AGENTES AHORRADORES DE  POTASIO EN COMBINACIÓN;C03EA;DIURÉTICOS DE TECHO BAJO Y AGENTES AHORRADORES DE POTASIO;C03EA03;EPITIZIDA Y AGENTES AHORRADORES DE POTASIO
C;SISTEMA CARDIOVASCULAR;C03E;DIURÉTICOS Y AGENTES AHORRADORES DE  POTASIO EN COMBINACIÓN;C03EA;DIURÉTICOS DE TECHO BAJO Y AGENTES AHORRADORES DE POTASIO;C03EA04;ALTIZIDA Y AGENTES AHORRADORES DE POTASIO
C;SISTEMA CARDIOVASCULAR;C03E;DIURÉTICOS Y AGENTES AHORRADORES DE  POTASIO EN COMBINACIÓN;C03EA;DIURÉTICOS DE TECHO BAJO Y AGENTES AHORRADORES DE POTASIO;C03EA05;MEBUTIZIDA Y AGENTES AHORRADORES DE POTASIO
C;SISTEMA CARDIOVASCULAR;C03E;DIURÉTICOS Y AGENTES AHORRADORES DE  POTASIO EN COMBINACIÓN;C03EA;DIURÉTICOS DE TECHO BAJO Y AGENTES AHORRADORES DE POTASIO;C03EA06;CLORTALIDONA Y AGENTES AHORRADORES DE POTASIO
C;SISTEMA CARDIOVASCULAR;C03E;DIURÉTICOS Y AGENTES AHORRADORES DE  POTASIO EN COMBINACIÓN;C03EA;DIURÉTICOS DE TECHO BAJO Y AGENTES AHORRADORES DE POTASIO;C03EA07;CICLOPENTIAZIDA Y AGENTES AHORRADORES DE POTASIO
C;SISTEMA CARDIOVASCULAR;C03E;DIURÉTICOS Y AGENTES AHORRADORES DE  POTASIO EN COMBINACIÓN;C03EA;DIURÉTICOS DE TECHO BAJO Y AGENTES AHORRADORES DE POTASIO;C03EA12;METOLAZONA Y AGENTES AHORRADORES DE POTASIO
C;SISTEMA CARDIOVASCULAR;C03E;DIURÉTICOS Y AGENTES AHORRADORES DE  POTASIO EN COMBINACIÓN;C03EA;DIURÉTICOS DE TECHO BAJO Y AGENTES AHORRADORES DE POTASIO;C03EA13;BENDROFLUMETIAZIDA Y AGENTES AHORRADORES DE POTASIO
C;SISTEMA CARDIOVASCULAR;C03E;DIURÉTICOS Y AGENTES AHORRADORES DE  POTASIO EN COMBINACIÓN;C03EA;DIURÉTICOS DE TECHO BAJO Y AGENTES AHORRADORES DE POTASIO;C03EA14;BUTIZIDA Y AGENTES AHORRADORES DE POTASIO
C;SISTEMA CARDIOVASCULAR;C03E;DIURÉTICOS Y AGENTES AHORRADORES DE  POTASIO EN COMBINACIÓN;C03EB;DIURÉTICOS DE TECHO ALTO Y AGENTES AHORRADORES DE POTASIO;C03EB01;FUROSEMIDA Y AGENTES AHORRADORES DE POTASIO
C;SISTEMA CARDIOVASCULAR;C03E;DIURÉTICOS Y AGENTES AHORRADORES DE  POTASIO EN COMBINACIÓN;C03EB;DIURÉTICOS DE TECHO ALTO Y AGENTES AHORRADORES DE POTASIO;C03EB02;BUMETANIDA Y AGENTES AHORRADORES DE POTASIO
C;SISTEMA CARDIOVASCULAR;C03X;OTROS DIURÉTICOS;C03XA;ANTAGONISTAS DE LA VASOPRESINA;C03XA01;TOLVAPTÁN
C;SISTEMA CARDIOVASCULAR;C03X;OTROS DIURÉTICOS;C03XA;ANTAGONISTAS DE LA VASOPRESINA;C03XA02;CONIVAPTÁN
C;SISTEMA CARDIOVASCULAR;C04A;VASODILATADORES PERIFÉRICOS;C04AA;DERIVADOS DEL 2-AMINO-1-FENILETANOL;C04AA01;ISOXSUPRINA
C;SISTEMA CARDIOVASCULAR;C04A;VASODILATADORES PERIFÉRICOS;C04AA;DERIVADOS DEL 2-AMINO-1-FENILETANOL;C04AA02;BUFENINA
C;SISTEMA CARDIOVASCULAR;C04A;VASODILATADORES PERIFÉRICOS;C04AA;DERIVADOS DEL 2-AMINO-1-FENILETANOL;C04AA31;BAMETÁN
C;SISTEMA CARDIOVASCULAR;C04A;VASODILATADORES PERIFÉRICOS;C04AB;DERIVADOS DE LA IMIZADOLINA;C04AB01;FENTOLAMINA
C;SISTEMA CARDIOVASCULAR;C04A;VASODILATADORES PERIFÉRICOS;C04AB;DERIVADOS DE LA IMIZADOLINA;C04AB02;TOLAZOLINA
C;SISTEMA CARDIOVASCULAR;C04A;VASODILATADORES PERIFÉRICOS;C04AC;ÁCIDO NICOTÍNICO Y DERIVADOS;C04AC01;ÁCIDO NICOTÍNICO
C;SISTEMA CARDIOVASCULAR;C04A;VASODILATADORES PERIFÉRICOS;C04AC;ÁCIDO NICOTÍNICO Y DERIVADOS;C04AC02;NICOTINILO, ALCOHOL (PIRIDILCARBINOL)
C;SISTEMA CARDIOVASCULAR;C04A;VASODILATADORES PERIFÉRICOS;C04AC;ÁCIDO NICOTÍNICO Y DERIVADOS;C04AC03;NICOTINATO DE INOSITOL
C;SISTEMA CARDIOVASCULAR;C04A;VASODILATADORES PERIFÉRICOS;C04AC;ÁCIDO NICOTÍNICO Y DERIVADOS;C04AC07;CICLONICATO
C;SISTEMA CARDIOVASCULAR;C04A;VASODILATADORES PERIFÉRICOS;C04AD;DERIVADOS DE LA PURINA;C04AD01;PENTIFILINA
C;SISTEMA CARDIOVASCULAR;C04A;VASODILATADORES PERIFÉRICOS;C04AD;DERIVADOS DE LA PURINA;C04AD02;NICOTINATO DE XANTINOL
C;SISTEMA CARDIOVASCULAR;C04A;VASODILATADORES PERIFÉRICOS;C04AD;DERIVADOS DE LA PURINA;C04AD03;PENTOXIFILINA
C;SISTEMA CARDIOVASCULAR;C04A;VASODILATADORES PERIFÉRICOS;C04AD;DERIVADOS DE LA PURINA;C04AD04;ETOFILINA
C;SISTEMA CARDIOVASCULAR;C04A;VASODILATADORES PERIFÉRICOS;C04AE;ALCALOIDES DEL ERGOT;C04AE01;ERGOLOIDES MESILATOS
C;SISTEMA CARDIOVASCULAR;C04A;VASODILATADORES PERIFÉRICOS;C04AE;ALCALOIDES DEL ERGOT;C04AE02;NICERGOLINA
C;SISTEMA CARDIOVASCULAR;C04A;VASODILATADORES PERIFÉRICOS;C04AE;ALCALOIDES DEL ERGOT;C04AE04;DIHIDROERGOCRISTINA
C;SISTEMA CARDIOVASCULAR;C04A;VASODILATADORES PERIFÉRICOS;C04AE;ALCALOIDES DEL ERGOT;C04AE51;ERGOLOIDES MESILATOS, COMBINACIONES
C;SISTEMA CARDIOVASCULAR;C04A;VASODILATADORES PERIFÉRICOS;C04AE;ALCALOIDES DEL ERGOT;C04AE54;DIHIDROERGOCRISTINA, COMBINACIONES
C;SISTEMA CARDIOVASCULAR;C04A;VASODILATADORES PERIFÉRICOS;C04AF;ENZIMAS;C04AF01;KALIDINOGENASA
C;SISTEMA CARDIOVASCULAR;C04A;VASODILATADORES PERIFÉRICOS;C04AX;OTROS VASODILATADORES PERIFÉRICOS;C04AX01;CICLANDELATO
C;SISTEMA CARDIOVASCULAR;C04A;VASODILATADORES PERIFÉRICOS;C04AX;OTROS VASODILATADORES PERIFÉRICOS;C04AX02;FENOXIBENZAMINA
C;SISTEMA CARDIOVASCULAR;C04A;VASODILATADORES PERIFÉRICOS;C04AX;OTROS VASODILATADORES PERIFÉRICOS;C04AX07;VINCAMINA
C;SISTEMA CARDIOVASCULAR;C04A;VASODILATADORES PERIFÉRICOS;C04AX;OTROS VASODILATADORES PERIFÉRICOS;C04AX10;MOXISILITA
C;SISTEMA CARDIOVASCULAR;C04A;VASODILATADORES PERIFÉRICOS;C04AX;OTROS VASODILATADORES PERIFÉRICOS;C04AX11;BENCICLANO
C;SISTEMA CARDIOVASCULAR;C04A;VASODILATADORES PERIFÉRICOS;C04AX;OTROS VASODILATADORES PERIFÉRICOS;C04AX17;VINBURNINA
C;SISTEMA CARDIOVASCULAR;C04A;VASODILATADORES PERIFÉRICOS;C04AX;OTROS VASODILATADORES PERIFÉRICOS;C04AX19;SULOCTIDIL
C;SISTEMA CARDIOVASCULAR;C04A;VASODILATADORES PERIFÉRICOS;C04AX;OTROS VASODILATADORES PERIFÉRICOS;C04AX20;BUFLOMEDIL
C;SISTEMA CARDIOVASCULAR;C04A;VASODILATADORES PERIFÉRICOS;C04AX;OTROS VASODILATADORES PERIFÉRICOS;C04AX21;NAFTIDROFURILO
C;SISTEMA CARDIOVASCULAR;C04A;VASODILATADORES PERIFÉRICOS;C04AX;OTROS VASODILATADORES PERIFÉRICOS;C04AX23;BUTALAMINA
C;SISTEMA CARDIOVASCULAR;C04A;VASODILATADORES PERIFÉRICOS;C04AX;OTROS VASODILATADORES PERIFÉRICOS;C04AX24;VISNADINA
C;SISTEMA CARDIOVASCULAR;C04A;VASODILATADORES PERIFÉRICOS;C04AX;OTROS VASODILATADORES PERIFÉRICOS;C04AX26;CETIEDIL
C;SISTEMA CARDIOVASCULAR;C04A;VASODILATADORES PERIFÉRICOS;C04AX;OTROS VASODILATADORES PERIFÉRICOS;C04AX27;CINEPAZIDA
C;SISTEMA CARDIOVASCULAR;C04A;VASODILATADORES PERIFÉRICOS;C04AX;OTROS VASODILATADORES PERIFÉRICOS;C04AX28;IFENPRODIL
C;SISTEMA CARDIOVASCULAR;C04A;VASODILATADORES PERIFÉRICOS;C04AX;OTROS VASODILATADORES PERIFÉRICOS;C04AX30;AZAPETINA
C;SISTEMA CARDIOVASCULAR;C04A;VASODILATADORES PERIFÉRICOS;C04AX;OTROS VASODILATADORES PERIFÉRICOS;C04AX32;FASUDIL
C;SISTEMA CARDIOVASCULAR;C05A;AGENTES DE USO TÓPICO PARA EL TRATAMIENTO DE HEMORROIDES Y FISURAS ANALES;C05AA;CORTICOSTEROIDES;C05AA01;HIDROCORTISONA
C;SISTEMA CARDIOVASCULAR;C05A;AGENTES DE USO TÓPICO PARA EL TRATAMIENTO DE HEMORROIDES Y FISURAS ANALES;C05AA;CORTICOSTEROIDES;C05AA04;PREDNISOLONA
C;SISTEMA CARDIOVASCULAR;C05A;AGENTES DE USO TÓPICO PARA EL TRATAMIENTO DE HEMORROIDES Y FISURAS ANALES;C05AA;CORTICOSTEROIDES;C05AA05;BETAMETASONA
C;SISTEMA CARDIOVASCULAR;C05A;AGENTES DE USO TÓPICO PARA EL TRATAMIENTO DE HEMORROIDES Y FISURAS ANALES;C05AA;CORTICOSTEROIDES;C05AA06;FLUOROMETOLONA
C;SISTEMA CARDIOVASCULAR;C05A;AGENTES DE USO TÓPICO PARA EL TRATAMIENTO DE HEMORROIDES Y FISURAS ANALES;C05AA;CORTICOSTEROIDES;C05AA08;FLUOCORTOLONA
C;SISTEMA CARDIOVASCULAR;C05A;AGENTES DE USO TÓPICO PARA EL TRATAMIENTO DE HEMORROIDES Y FISURAS ANALES;C05AA;CORTICOSTEROIDES;C05AA09;DEXAMETASONA
C;SISTEMA CARDIOVASCULAR;C05A;AGENTES DE USO TÓPICO PARA EL TRATAMIENTO DE HEMORROIDES Y FISURAS ANALES;C05AA;CORTICOSTEROIDES;C05AA10;FLUOCINOLONA, ACETÓNIDO DE
C;SISTEMA CARDIOVASCULAR;C05A;AGENTES DE USO TÓPICO PARA EL TRATAMIENTO DE HEMORROIDES Y FISURAS ANALES;C05AA;CORTICOSTEROIDES;C05AA11;FLUOCINÓNIDA
C;SISTEMA CARDIOVASCULAR;C05A;AGENTES DE USO TÓPICO PARA EL TRATAMIENTO DE HEMORROIDES Y FISURAS ANALES;C05AA;CORTICOSTEROIDES;C05AA12;TRIAMCINOLONA
C;SISTEMA CARDIOVASCULAR;C05A;AGENTES DE USO TÓPICO PARA EL TRATAMIENTO DE HEMORROIDES Y FISURAS ANALES;C05AD;ANESTÉSICOS LOCALES;C05AD01;LIDOCAÍNA
C;SISTEMA CARDIOVASCULAR;C05A;AGENTES DE USO TÓPICO PARA EL TRATAMIENTO DE HEMORROIDES Y FISURAS ANALES;C05AD;ANESTÉSICOS LOCALES;C05AD02;TETRACAÍNA
C;SISTEMA CARDIOVASCULAR;C05A;AGENTES DE USO TÓPICO PARA EL TRATAMIENTO DE HEMORROIDES Y FISURAS ANALES;C05AD;ANESTÉSICOS LOCALES;C05AD03;BENZOCAÍNA
C;SISTEMA CARDIOVASCULAR;C05A;AGENTES DE USO TÓPICO PARA EL TRATAMIENTO DE HEMORROIDES Y FISURAS ANALES;C05AD;ANESTÉSICOS LOCALES;C05AD04;CINCOCAÍNA
C;SISTEMA CARDIOVASCULAR;C05A;AGENTES DE USO TÓPICO PARA EL TRATAMIENTO DE HEMORROIDES Y FISURAS ANALES;C05AD;ANESTÉSICOS LOCALES;C05AD05;PROCAÍNA
C;SISTEMA CARDIOVASCULAR;C05A;AGENTES DE USO TÓPICO PARA EL TRATAMIENTO DE HEMORROIDES Y FISURAS ANALES;C05AD;ANESTÉSICOS LOCALES;C05AD06;OXETACAÍNA
C;SISTEMA CARDIOVASCULAR;C05A;AGENTES DE USO TÓPICO PARA EL TRATAMIENTO DE HEMORROIDES Y FISURAS ANALES;C05AD;ANESTÉSICOS LOCALES;C05AD07;PRAMOCAÍNA
C;SISTEMA CARDIOVASCULAR;C05A;AGENTES DE USO TÓPICO PARA EL TRATAMIENTO DE HEMORROIDES Y FISURAS ANALES;C05AE;RELAJANTES MUSCULARES;C05AE01;TRINITRATO DE GLICERILO
C;SISTEMA CARDIOVASCULAR;C05A;AGENTES DE USO TÓPICO PARA EL TRATAMIENTO DE HEMORROIDES Y FISURAS ANALES;C05AE;RELAJANTES MUSCULARES;C05AE02;DINITRATO DE ISOSORBIDA
C;SISTEMA CARDIOVASCULAR;C05A;AGENTES DE USO TÓPICO PARA EL TRATAMIENTO DE HEMORROIDES Y FISURAS ANALES;C05AX;OTROS AGENTES DE USO TÓPICO PARA EL TRATAMIENTO DE HEMORROIDES Y FISURAS ANALES;C05AX01;ALUMINIO, PREPARADOS DE
C;SISTEMA CARDIOVASCULAR;C05A;AGENTES DE USO TÓPICO PARA EL TRATAMIENTO DE HEMORROIDES Y FISURAS ANALES;C05AX;OTROS AGENTES DE USO TÓPICO PARA EL TRATAMIENTO DE HEMORROIDES Y FISURAS ANALES;C05AX02;BISMUTO, PREPARADOS DE, COMBINACIONES CON
C;SISTEMA CARDIOVASCULAR;C05A;AGENTES DE USO TÓPICO PARA EL TRATAMIENTO DE HEMORROIDES Y FISURAS ANALES;C05AX;OTROS AGENTES DE USO TÓPICO PARA EL TRATAMIENTO DE HEMORROIDES Y FISURAS ANALES;C05AX03;OTRAS PREPARACIONES, COMBINACIONES
C;SISTEMA CARDIOVASCULAR;C05A;AGENTES DE USO TÓPICO PARA EL TRATAMIENTO DE HEMORROIDES Y FISURAS ANALES;C05AX;OTROS AGENTES DE USO TÓPICO PARA EL TRATAMIENTO DE HEMORROIDES Y FISURAS ANALES;C05AX04;ZINC, PREPARADOS CON
C;SISTEMA CARDIOVASCULAR;C05A;AGENTES DE USO TÓPICO PARA EL TRATAMIENTO DE HEMORROIDES Y FISURAS ANALES;C05AX;OTROS AGENTES DE USO TÓPICO PARA EL TRATAMIENTO DE HEMORROIDES Y FISURAS ANALES;C05AX05;TRIBENÓSIDO
C;SISTEMA CARDIOVASCULAR;C05B;TERAPIA ANTIVARICOSA;C05BA;HEPARINAS O HEPARINOIDES PARA USO TÓPICO;C05BA01;HEPARINOIDES ORGÁNICOS
C;SISTEMA CARDIOVASCULAR;C05B;TERAPIA ANTIVARICOSA;C05BA;HEPARINAS O HEPARINOIDES PARA USO TÓPICO;C05BA02;APOLATO DE SODIO
C;SISTEMA CARDIOVASCULAR;C05B;TERAPIA ANTIVARICOSA;C05BA;HEPARINAS O HEPARINOIDES PARA USO TÓPICO;C05BA03;HEPARINA
C;SISTEMA CARDIOVASCULAR;C05B;TERAPIA ANTIVARICOSA;C05BA;HEPARINAS O HEPARINOIDES PARA USO TÓPICO;C05BA04;PENTOSÁN POLISULFATO DE SODIO
C;SISTEMA CARDIOVASCULAR;C05B;TERAPIA ANTIVARICOSA;C05BA;HEPARINAS O HEPARINOIDES PARA USO TÓPICO;C05BA51;HEPARINOIDES, COMBINACIONES CON
C;SISTEMA CARDIOVASCULAR;C05B;TERAPIA ANTIVARICOSA;C05BA;HEPARINAS O HEPARINOIDES PARA USO TÓPICO;C05BA53;HEPARINA, COMBINACIONES CON
C;SISTEMA CARDIOVASCULAR;C05B;TERAPIA ANTIVARICOSA;C05BB;AGENTES ESCLEROSANTES PARA INYECCIÓN LOCAL;C05BB01;MONOETANOLAMINA, OLEATO DE
C;SISTEMA CARDIOVASCULAR;C05B;TERAPIA ANTIVARICOSA;C05BB;AGENTES ESCLEROSANTES PARA INYECCIÓN LOCAL;C05BB02;POLIDOCANOL
C;SISTEMA CARDIOVASCULAR;C05B;TERAPIA ANTIVARICOSA;C05BB;AGENTES ESCLEROSANTES PARA INYECCIÓN LOCAL;C05BB03;AZÚCAR INVERTIDA
C;SISTEMA CARDIOVASCULAR;C05B;TERAPIA ANTIVARICOSA;C05BB;AGENTES ESCLEROSANTES PARA INYECCIÓN LOCAL;C05BB04;TETRADECILSULFATO DE SODIO
C;SISTEMA CARDIOVASCULAR;C05B;TERAPIA ANTIVARICOSA;C05BB;AGENTES ESCLEROSANTES PARA INYECCIÓN LOCAL;C05BB05;FENOL
C;SISTEMA CARDIOVASCULAR;C05B;TERAPIA ANTIVARICOSA;C05BB;AGENTES ESCLEROSANTES PARA INYECCIÓN LOCAL;C05BB56;GLUCOSA, COMBINACIONES
C;SISTEMA CARDIOVASCULAR;C05B;TERAPIA ANTIVARICOSA;C05BX;OTROS AGENTES ESCLEROSANTES;C05BX01;DOBESILATO DE CALCIO
C;SISTEMA CARDIOVASCULAR;C05B;TERAPIA ANTIVARICOSA;C05BX;OTROS AGENTES ESCLEROSANTES;C05BX51;DOBESILATO DE CALCIO, COMBINACIONES CON
C;SISTEMA CARDIOVASCULAR;C05C;AGENTES ESTABILIZADORES DE CAPILARES;C05CA;BIOFLAVONIODES;C05CA01;RUTÓSIDO
C;SISTEMA CARDIOVASCULAR;C05C;AGENTES ESTABILIZADORES DE CAPILARES;C05CA;BIOFLAVONIODES;C05CA02;MONOXERUTINA
C;SISTEMA CARDIOVASCULAR;C05C;AGENTES ESTABILIZADORES DE CAPILARES;C05CA;BIOFLAVONIODES;C05CA03;DIOSMINA
C;SISTEMA CARDIOVASCULAR;C05C;AGENTES ESTABILIZADORES DE CAPILARES;C05CA;BIOFLAVONIODES;C05CA04;TROXERUTINA
C;SISTEMA CARDIOVASCULAR;C05C;AGENTES ESTABILIZADORES DE CAPILARES;C05CA;BIOFLAVONIODES;C05CA05;HIDROSMINA
C;SISTEMA CARDIOVASCULAR;C05C;AGENTES ESTABILIZADORES DE CAPILARES;C05CA;BIOFLAVONIODES;C05CA51;RUTÓSIDO, COMBINACIONES
C;SISTEMA CARDIOVASCULAR;C05C;AGENTES ESTABILIZADORES DE CAPILARES;C05CA;BIOFLAVONIODES;C05CA53;DIOSMINA, COMBINACIONES
C;SISTEMA CARDIOVASCULAR;C05C;AGENTES ESTABILIZADORES DE CAPILARES;C05CA;BIOFLAVONIODES;C05CA54;TROXERUTINA, COMBINACIONES
C;SISTEMA CARDIOVASCULAR;C05C;AGENTES ESTABILIZADORES DE CAPILARES;C05CX;OTROS AGENTES ESTABILIZADORES DE CAPILARES;C05CX01;TRIBENÓSIDO
C;SISTEMA CARDIOVASCULAR;C05C;AGENTES ESTABILIZADORES DE CAPILARES;C05CX;OTROS AGENTES ESTABILIZADORES DE CAPILARES;C05CX02;NAFTAZONA
C;SISTEMA CARDIOVASCULAR;C05C;AGENTES ESTABILIZADORES DE CAPILARES;C05CX;OTROS AGENTES ESTABILIZADORES DE CAPILARES;C05CX03;HIPPOCASTANI SEMEN
C;SISTEMA CARDIOVASCULAR;C07A;AGENTES BETA-BLOQUEANTES;C07AA;AGENTES BETA- BLOQUEANTES NO SELECTIVOS;C07AA01;ALPRENOLOL
C;SISTEMA CARDIOVASCULAR;C07A;AGENTES BETA-BLOQUEANTES;C07AA;AGENTES BETA- BLOQUEANTES NO SELECTIVOS;C07AA02;OXPRENOLOL
C;SISTEMA CARDIOVASCULAR;C07A;AGENTES BETA-BLOQUEANTES;C07AA;AGENTES BETA- BLOQUEANTES NO SELECTIVOS;C07AA03;PINDOLOL
C;SISTEMA CARDIOVASCULAR;C07A;AGENTES BETA-BLOQUEANTES;C07AA;AGENTES BETA- BLOQUEANTES NO SELECTIVOS;C07AA05;PROPRANOLOL
C;SISTEMA CARDIOVASCULAR;C07A;AGENTES BETA-BLOQUEANTES;C07AA;AGENTES BETA- BLOQUEANTES NO SELECTIVOS;C07AA06;TIMOLOL
C;SISTEMA CARDIOVASCULAR;C07A;AGENTES BETA-BLOQUEANTES;C07AA;AGENTES BETA- BLOQUEANTES NO SELECTIVOS;C07AA07;SOTALOL
C;SISTEMA CARDIOVASCULAR;C07A;AGENTES BETA-BLOQUEANTES;C07AA;AGENTES BETA- BLOQUEANTES NO SELECTIVOS;C07AA12;NADOLOL
C;SISTEMA CARDIOVASCULAR;C07A;AGENTES BETA-BLOQUEANTES;C07AA;AGENTES BETA- BLOQUEANTES NO SELECTIVOS;C07AA14;MEPINDOLOL
C;SISTEMA CARDIOVASCULAR;C07A;AGENTES BETA-BLOQUEANTES;C07AA;AGENTES BETA- BLOQUEANTES NO SELECTIVOS;C07AA15;CARTEOLOL
C;SISTEMA CARDIOVASCULAR;C07A;AGENTES BETA-BLOQUEANTES;C07AA;AGENTES BETA- BLOQUEANTES NO SELECTIVOS;C07AA16;TERTATOLOL
C;SISTEMA CARDIOVASCULAR;C07A;AGENTES BETA-BLOQUEANTES;C07AA;AGENTES BETA- BLOQUEANTES NO SELECTIVOS;C07AA17;BOPINDOLOL
C;SISTEMA CARDIOVASCULAR;C07A;AGENTES BETA-BLOQUEANTES;C07AA;AGENTES BETA- BLOQUEANTES NO SELECTIVOS;C07AA19;BUPRANOLOL
C;SISTEMA CARDIOVASCULAR;C07A;AGENTES BETA-BLOQUEANTES;C07AA;AGENTES BETA- BLOQUEANTES NO SELECTIVOS;C07AA23;PENBUTOLOL
C;SISTEMA CARDIOVASCULAR;C07A;AGENTES BETA-BLOQUEANTES;C07AA;AGENTES BETA- BLOQUEANTES NO SELECTIVOS;C07AA27;CLORANOLOL
C;SISTEMA CARDIOVASCULAR;C07A;AGENTES BETA-BLOQUEANTES;C07AA;AGENTES BETA- BLOQUEANTES NO SELECTIVOS;C07AA57;SOTALOL, COMBINACIONES
C;SISTEMA CARDIOVASCULAR;C07A;AGENTES BETA-BLOQUEANTES;C07AB;AGENTES BETA-BLOQUEANTES SELECTIVOS;C07AB01;PRACTOLOL
C;SISTEMA CARDIOVASCULAR;C07A;AGENTES BETA-BLOQUEANTES;C07AB;AGENTES BETA-BLOQUEANTES SELECTIVOS;C07AB02;METOPROLOL
C;SISTEMA CARDIOVASCULAR;C07A;AGENTES BETA-BLOQUEANTES;C07AB;AGENTES BETA-BLOQUEANTES SELECTIVOS;C07AB03;ATENOLOL
C;SISTEMA CARDIOVASCULAR;C07A;AGENTES BETA-BLOQUEANTES;C07AB;AGENTES BETA-BLOQUEANTES SELECTIVOS;C07AB04;ACEBUTOLOL
C;SISTEMA CARDIOVASCULAR;C07A;AGENTES BETA-BLOQUEANTES;C07AB;AGENTES BETA-BLOQUEANTES SELECTIVOS;C07AB05;BETAXOLOL
C;SISTEMA CARDIOVASCULAR;C07A;AGENTES BETA-BLOQUEANTES;C07AB;AGENTES BETA-BLOQUEANTES SELECTIVOS;C07AB06;BEVANTOLOL
C;SISTEMA CARDIOVASCULAR;C07A;AGENTES BETA-BLOQUEANTES;C07AB;AGENTES BETA-BLOQUEANTES SELECTIVOS;C07AB07;BISOPROLOL
C;SISTEMA CARDIOVASCULAR;C07A;AGENTES BETA-BLOQUEANTES;C07AB;AGENTES BETA-BLOQUEANTES SELECTIVOS;C07AB08;CELIPROLOL
C;SISTEMA CARDIOVASCULAR;C07A;AGENTES BETA-BLOQUEANTES;C07AB;AGENTES BETA-BLOQUEANTES SELECTIVOS;C07AB09;ESMOLOL
C;SISTEMA CARDIOVASCULAR;C07A;AGENTES BETA-BLOQUEANTES;C07AB;AGENTES BETA-BLOQUEANTES SELECTIVOS;C07AB10;EPANOLOL
C;SISTEMA CARDIOVASCULAR;C07A;AGENTES BETA-BLOQUEANTES;C07AB;AGENTES BETA-BLOQUEANTES SELECTIVOS;C07AB11;S-ATENOLOL
C;SISTEMA CARDIOVASCULAR;C07A;AGENTES BETA-BLOQUEANTES;C07AB;AGENTES BETA-BLOQUEANTES SELECTIVOS;C07AB12;NEBIVOLOL
C;SISTEMA CARDIOVASCULAR;C07A;AGENTES BETA-BLOQUEANTES;C07AB;AGENTES BETA-BLOQUEANTES SELECTIVOS;C07AB13;TALINOLOL
C;SISTEMA CARDIOVASCULAR;C07A;AGENTES BETA-BLOQUEANTES;C07AB;AGENTES BETA-BLOQUEANTES SELECTIVOS;C07AB52;METOPROLOL, COMBINACIONES
C;SISTEMA CARDIOVASCULAR;C07A;AGENTES BETA-BLOQUEANTES;C07AB;AGENTES BETA-BLOQUEANTES SELECTIVOS;C07AB57;BISOPROLOL, COMBINACIONES
C;SISTEMA CARDIOVASCULAR;C07A;AGENTES BETA-BLOQUEANTES;C07AG;AGENTES BLOQUEANTES ALFA Y BETA;C07AG01;LABETALOL
C;SISTEMA CARDIOVASCULAR;C07A;AGENTES BETA-BLOQUEANTES;C07AG;AGENTES BLOQUEANTES ALFA Y BETA;C07AG02;CARVEDILOL
C;SISTEMA CARDIOVASCULAR;C07B;AGENTES BETA-BLOQUEANTES Y TIAZIDAS;C07BA;AGENTES BETA-BLOQUEANTES NO SELECTIVOS Y TIAZIDAS;C07BA02;OXPRENOLOL Y TIAZIDAS
C;SISTEMA CARDIOVASCULAR;C07B;AGENTES BETA-BLOQUEANTES Y TIAZIDAS;C07BA;AGENTES BETA-BLOQUEANTES NO SELECTIVOS Y TIAZIDAS;C07BA05;PROPRANOLOL Y TIAZIDAS
C;SISTEMA CARDIOVASCULAR;C07B;AGENTES BETA-BLOQUEANTES Y TIAZIDAS;C07BA;AGENTES BETA-BLOQUEANTES NO SELECTIVOS Y TIAZIDAS;C07BA06;TIMOLOL Y TIAZIDAS
C;SISTEMA CARDIOVASCULAR;C07B;AGENTES BETA-BLOQUEANTES Y TIAZIDAS;C07BA;AGENTES BETA-BLOQUEANTES NO SELECTIVOS Y TIAZIDAS;C07BA07;SOTALOL Y TIAZIDAS
C;SISTEMA CARDIOVASCULAR;C07B;AGENTES BETA-BLOQUEANTES Y TIAZIDAS;C07BA;AGENTES BETA-BLOQUEANTES NO SELECTIVOS Y TIAZIDAS;C07BA12;NADOLOL Y TIAZIDAS
C;SISTEMA CARDIOVASCULAR;C07B;AGENTES BETA-BLOQUEANTES Y TIAZIDAS;C07BA;AGENTES BETA-BLOQUEANTES NO SELECTIVOS Y TIAZIDAS;C07BA68;METIPRANOLOL Y TIAZIDAS, COMBINACIONES
C;SISTEMA CARDIOVASCULAR;C07B;AGENTES BETA-BLOQUEANTES Y TIAZIDAS;C07BB;AGENTES BETA-BLOQUEANTES SELECTIVOS Y TIAZIDAS;C07BB02;METOPROLOL Y TIAZIDAS
C;SISTEMA CARDIOVASCULAR;C07B;AGENTES BETA-BLOQUEANTES Y TIAZIDAS;C07BB;AGENTES BETA-BLOQUEANTES SELECTIVOS Y TIAZIDAS;C07BB03;ATENOLOL Y TIAZIDAS
C;SISTEMA CARDIOVASCULAR;C07B;AGENTES BETA-BLOQUEANTES Y TIAZIDAS;C07BB;AGENTES BETA-BLOQUEANTES SELECTIVOS Y TIAZIDAS;C07BB04;ACEBUTOLOL Y TIAZIDAS
C;SISTEMA CARDIOVASCULAR;C07B;AGENTES BETA-BLOQUEANTES Y TIAZIDAS;C07BB;AGENTES BETA-BLOQUEANTES SELECTIVOS Y TIAZIDAS;C07BB06;BEVANTOLOL Y TIAZIDAS
C;SISTEMA CARDIOVASCULAR;C07B;AGENTES BETA-BLOQUEANTES Y TIAZIDAS;C07BB;AGENTES BETA-BLOQUEANTES SELECTIVOS Y TIAZIDAS;C07BB07;BISOPROLOL Y TIAZIDAS
C;SISTEMA CARDIOVASCULAR;C07B;AGENTES BETA-BLOQUEANTES Y TIAZIDAS;C07BB;AGENTES BETA-BLOQUEANTES SELECTIVOS Y TIAZIDAS;C07BB12;NEBIVOLOL Y TIAZIDAS
C;SISTEMA CARDIOVASCULAR;C07B;AGENTES BETA-BLOQUEANTES Y TIAZIDAS;C07BB;AGENTES BETA-BLOQUEANTES SELECTIVOS Y TIAZIDAS;C07BB52;METOPROLOL Y TIAZIDAS, COMBINACIONES
C;SISTEMA CARDIOVASCULAR;C07B;AGENTES BETA-BLOQUEANTES Y TIAZIDAS;C07BG;AGENTES BLOQUEANTES ALFA Y BETA Y TIAZIDAS;C07BG01;LABETALOL Y TIAZIDAS
C;SISTEMA CARDIOVASCULAR;C07C;AGENTES BETA-BLOQUEANTES Y OTROS DIURÉTICOS;C07CA;AGENTES BETA- BLOQUEANTES NO SELECTIVOS Y OTROS DIURÉTICOS;C07CA02;OXPRENOLOL Y OTROS DIURÉTICOS
C;SISTEMA CARDIOVASCULAR;C07C;AGENTES BETA-BLOQUEANTES Y OTROS DIURÉTICOS;C07CA;AGENTES BETA- BLOQUEANTES NO SELECTIVOS Y OTROS DIURÉTICOS;C07CA03;PINDOLOL Y OTROS DIURÉTICOS
C;SISTEMA CARDIOVASCULAR;C07C;AGENTES BETA-BLOQUEANTES Y OTROS DIURÉTICOS;C07CA;AGENTES BETA- BLOQUEANTES NO SELECTIVOS Y OTROS DIURÉTICOS;C07CA17;BOPINDOLOL Y OTROS DIURÉTICOS
C;SISTEMA CARDIOVASCULAR;C07C;AGENTES BETA-BLOQUEANTES Y OTROS DIURÉTICOS;C07CA;AGENTES BETA- BLOQUEANTES NO SELECTIVOS Y OTROS DIURÉTICOS;C07CA23;PENBUTOLOL Y OTROS DIURÉTICOS
C;SISTEMA CARDIOVASCULAR;C07C;AGENTES BETA-BLOQUEANTES Y OTROS DIURÉTICOS;C07CB;AGENTES BETA-BLOQUEANTES SELECTIVOS Y OTROS DIURÉTICOS;C07CB02;METOPROLOL Y OTROS DIURÉTICOS
C;SISTEMA CARDIOVASCULAR;C07C;AGENTES BETA-BLOQUEANTES Y OTROS DIURÉTICOS;C07CB;AGENTES BETA-BLOQUEANTES SELECTIVOS Y OTROS DIURÉTICOS;C07CB03;ATENOLOL Y OTROS DIURÉTICOS
C;SISTEMA CARDIOVASCULAR;C07C;AGENTES BETA-BLOQUEANTES Y OTROS DIURÉTICOS;C07CB;AGENTES BETA-BLOQUEANTES SELECTIVOS Y OTROS DIURÉTICOS;C07CB53;ATENOLOL Y OTROS DIURÉTICOS, COMBINACIONES
C;SISTEMA CARDIOVASCULAR;C07C;AGENTES BETA-BLOQUEANTES Y OTROS DIURÉTICOS;C07CG;AGENTES BLOQUEANTES ALFA Y BETA Y OTROS DIURÉTICOS;C07CG01;LABETALOL Y OTROS DIURÉTICOS
C;SISTEMA CARDIOVASCULAR;C07D;AGENTES BETA-BLOQUEANTES, TIAZIDAS Y OTROS DIURÉTICOS;C07DA;AGENTES BETA-BLOQUEANTES NO SELECTIVOS, TIAZIDAS Y OTROS DIURÉTICOS;C07DA06;TIMOLOL, TIAZIDAS Y OTROS DIURÉTICOS
C;SISTEMA CARDIOVASCULAR;C07D;AGENTES BETA-BLOQUEANTES, TIAZIDAS Y OTROS DIURÉTICOS;C07DB;AGENTES BETA-BLOQUEANTES SELECTIVOS, TIAZIDAS Y OTROS DIURÉTICOS;C07DB01;ATENOLOL, TIAZIDAS Y OTROS DIURÉTICOS
C;SISTEMA CARDIOVASCULAR;C07F;AGENTES BETA-BLOQUEANTES Y OTROS ANTIHIPERTENSIVOS;C07FA;AGENTES BETA-BLOQUEANTES NO SELECTIVOS Y OTROS ANTIHIPERTENSIVOS;C07FA05;PROPRANOLOL Y OTROS ANTIHIPERTENSIVOS
C;SISTEMA CARDIOVASCULAR;C07F;AGENTES BETA-BLOQUEANTES Y OTROS ANTIHIPERTENSIVOS;C07FB;AGENTES BETA-BLOQUEANTES SELECTIVOS Y OTROS ANIHIPERTENSIVOS;C07FB02;METOPROLOL Y OTROS ANTIHIPERTENSIVOS
C;SISTEMA CARDIOVASCULAR;C07F;AGENTES BETA-BLOQUEANTES Y OTROS ANTIHIPERTENSIVOS;C07FB;AGENTES BETA-BLOQUEANTES SELECTIVOS Y OTROS ANIHIPERTENSIVOS;C07FB03;ATENOLOL Y OTROS ANTIHIPERTENSIVOS
C;SISTEMA CARDIOVASCULAR;C07F;AGENTES BETA-BLOQUEANTES Y OTROS ANTIHIPERTENSIVOS;C07FB;AGENTES BETA-BLOQUEANTES SELECTIVOS Y OTROS ANIHIPERTENSIVOS;C07FB07;BISOPROLOL Y OTROS ANTIHIPERTENSIVOS
C;SISTEMA CARDIOVASCULAR;C08C;BLOQUEANTES SELECTIVOS DE CANALES DE CALCIO CON EFECTOS PRINCIPALMENTE VASCULARES;C08CA;DERIVADOS DE LA  DIHIDROPIRIDINA;C08CA01;AMLODIPINA
C;SISTEMA CARDIOVASCULAR;C08C;BLOQUEANTES SELECTIVOS DE CANALES DE CALCIO CON EFECTOS PRINCIPALMENTE VASCULARES;C08CA;DERIVADOS DE LA  DIHIDROPIRIDINA;C08CA02;FELODIPINA
C;SISTEMA CARDIOVASCULAR;C08C;BLOQUEANTES SELECTIVOS DE CANALES DE CALCIO CON EFECTOS PRINCIPALMENTE VASCULARES;C08CA;DERIVADOS DE LA  DIHIDROPIRIDINA;C08CA03;ISRADIPINA
C;SISTEMA CARDIOVASCULAR;C08C;BLOQUEANTES SELECTIVOS DE CANALES DE CALCIO CON EFECTOS PRINCIPALMENTE VASCULARES;C08CA;DERIVADOS DE LA  DIHIDROPIRIDINA;C08CA04;NICARDIPINA
C;SISTEMA CARDIOVASCULAR;C08C;BLOQUEANTES SELECTIVOS DE CANALES DE CALCIO CON EFECTOS PRINCIPALMENTE VASCULARES;C08CA;DERIVADOS DE LA  DIHIDROPIRIDINA;C08CA05;NIFEDIPINA
C;SISTEMA CARDIOVASCULAR;C08C;BLOQUEANTES SELECTIVOS DE CANALES DE CALCIO CON EFECTOS PRINCIPALMENTE VASCULARES;C08CA;DERIVADOS DE LA  DIHIDROPIRIDINA;C08CA06;NIMODIPINA
C;SISTEMA CARDIOVASCULAR;C08C;BLOQUEANTES SELECTIVOS DE CANALES DE CALCIO CON EFECTOS PRINCIPALMENTE VASCULARES;C08CA;DERIVADOS DE LA  DIHIDROPIRIDINA;C08CA07;NISOLDIPINA
C;SISTEMA CARDIOVASCULAR;C08C;BLOQUEANTES SELECTIVOS DE CANALES DE CALCIO CON EFECTOS PRINCIPALMENTE VASCULARES;C08CA;DERIVADOS DE LA  DIHIDROPIRIDINA;C08CA08;NITRENDIPINA
C;SISTEMA CARDIOVASCULAR;C08C;BLOQUEANTES SELECTIVOS DE CANALES DE CALCIO CON EFECTOS PRINCIPALMENTE VASCULARES;C08CA;DERIVADOS DE LA  DIHIDROPIRIDINA;C08CA09;LACIDIPINA
C;SISTEMA CARDIOVASCULAR;C08C;BLOQUEANTES SELECTIVOS DE CANALES DE CALCIO CON EFECTOS PRINCIPALMENTE VASCULARES;C08CA;DERIVADOS DE LA  DIHIDROPIRIDINA;C08CA10;NILVADIPINA
C;SISTEMA CARDIOVASCULAR;C08C;BLOQUEANTES SELECTIVOS DE CANALES DE CALCIO CON EFECTOS PRINCIPALMENTE VASCULARES;C08CA;DERIVADOS DE LA  DIHIDROPIRIDINA;C08CA11;MANIDIPINA
C;SISTEMA CARDIOVASCULAR;C08C;BLOQUEANTES SELECTIVOS DE CANALES DE CALCIO CON EFECTOS PRINCIPALMENTE VASCULARES;C08CA;DERIVADOS DE LA  DIHIDROPIRIDINA;C08CA12;BARNIDIPINA
C;SISTEMA CARDIOVASCULAR;C08C;BLOQUEANTES SELECTIVOS DE CANALES DE CALCIO CON EFECTOS PRINCIPALMENTE VASCULARES;C08CA;DERIVADOS DE LA  DIHIDROPIRIDINA;C08CA13;LERCANIDIPINA
C;SISTEMA CARDIOVASCULAR;C08C;BLOQUEANTES SELECTIVOS DE CANALES DE CALCIO CON EFECTOS PRINCIPALMENTE VASCULARES;C08CA;DERIVADOS DE LA  DIHIDROPIRIDINA;C08CA14;CILNIDIPINA
C;SISTEMA CARDIOVASCULAR;C08C;BLOQUEANTES SELECTIVOS DE CANALES DE CALCIO CON EFECTOS PRINCIPALMENTE VASCULARES;C08CA;DERIVADOS DE LA  DIHIDROPIRIDINA;C08CA15;BENIDIPINO
C;SISTEMA CARDIOVASCULAR;C08C;BLOQUEANTES SELECTIVOS DE CANALES DE CALCIO CON EFECTOS PRINCIPALMENTE VASCULARES;C08CA;DERIVADOS DE LA  DIHIDROPIRIDINA;C08CA16;CLEVIDIPINO
C;SISTEMA CARDIOVASCULAR;C08C;BLOQUEANTES SELECTIVOS DE CANALES DE CALCIO CON EFECTOS PRINCIPALMENTE VASCULARES;C08CA;DERIVADOS DE LA  DIHIDROPIRIDINA;C08CA55;NIFEDIPINA, COMBINACIONES
C;SISTEMA CARDIOVASCULAR;C08C;BLOQUEANTES SELECTIVOS DE CANALES DE CALCIO CON EFECTOS PRINCIPALMENTE VASCULARES;C08CX;OTROS BLOQUEANTES SELECTIVOS DE LOS CANALES DE CALCIO CON EFECTOS PRINCIPALMENTE VASCULARES;C08CX01;MIBEFRADIL
C;SISTEMA CARDIOVASCULAR;C08D;BLOQUEANTES SELECTIVOS DE CANALES DE CALCIO CON EFECTOS CARDÍACOS DIRECTOS;C08DA;DERIVADOS DE LA FENILALQUILAMINA;C08DA01;VERAPAMILO
C;SISTEMA CARDIOVASCULAR;C08D;BLOQUEANTES SELECTIVOS DE CANALES DE CALCIO CON EFECTOS CARDÍACOS DIRECTOS;C08DA;DERIVADOS DE LA FENILALQUILAMINA;C08DA02;GALOPAMILO
C;SISTEMA CARDIOVASCULAR;C08D;BLOQUEANTES SELECTIVOS DE CANALES DE CALCIO CON EFECTOS CARDÍACOS DIRECTOS;C08DA;DERIVADOS DE LA FENILALQUILAMINA;C08DA51;VERAPAMILO, COMBINACIONES
C;SISTEMA CARDIOVASCULAR;C08D;BLOQUEANTES SELECTIVOS DE CANALES DE CALCIO CON EFECTOS CARDÍACOS DIRECTOS;C08DB;DERIVADOS DE LA  BENZOTIAZEPINA;C08DB01;DILTIAZEM
C;SISTEMA CARDIOVASCULAR;C08E;BLOQUEANTES NO SELECTIVOS DE CANALES DE CALCIO;C08EA;DERIVADOS DE LA FENILALQUILAMINA;C08EA01;FENDILINA
C;SISTEMA CARDIOVASCULAR;C08E;BLOQUEANTES NO SELECTIVOS DE CANALES DE CALCIO;C08EA;DERIVADOS DE LA FENILALQUILAMINA;C08EA02;BEPRIDIL
C;SISTEMA CARDIOVASCULAR;C08E;BLOQUEANTES NO SELECTIVOS DE CANALES DE CALCIO;C08EX;OTROS BLOQUEANTES NO SELECTIVOS DE CANALES DE CALCIO;C08EX01;LIDOFLAZINA
C;SISTEMA CARDIOVASCULAR;C08E;BLOQUEANTES NO SELECTIVOS DE CANALES DE CALCIO;C08EX;OTROS BLOQUEANTES NO SELECTIVOS DE CANALES DE CALCIO;C08EX02;PERHEXILINA
C;SISTEMA CARDIOVASCULAR;C08G;BLOQUEANTES DE CANALES DE CALCIO Y DIURÉTICOS;C08GA;BLOQUEANTES DE CANALES DE CALCIO Y DIURÉTICOS;C08GA01;NIFEDIPINA Y DIURÉTICOS
C;SISTEMA CARDIOVASCULAR;C08G;BLOQUEANTES DE CANALES DE CALCIO Y DIURÉTICOS;C08GA;BLOQUEANTES DE CANALES DE CALCIO Y DIURÉTICOS;C08GA02;AMLODIPINO Y DIURÉTICOS
C;SISTEMA CARDIOVASCULAR;C09A;INHIBIDORES DE LA ECA, MONOTERAPIA;C09AA;INHIBIDORES DE LA ECA, MONODROGAS;C09AA01;CAPTOPRIL
C;SISTEMA CARDIOVASCULAR;C09A;INHIBIDORES DE LA ECA, MONOTERAPIA;C09AA;INHIBIDORES DE LA ECA, MONODROGAS;C09AA02;ENALAPRIL
C;SISTEMA CARDIOVASCULAR;C09A;INHIBIDORES DE LA ECA, MONOTERAPIA;C09AA;INHIBIDORES DE LA ECA, MONODROGAS;C09AA03;LISINOPRIL
C;SISTEMA CARDIOVASCULAR;C09A;INHIBIDORES DE LA ECA, MONOTERAPIA;C09AA;INHIBIDORES DE LA ECA, MONODROGAS;C09AA04;PERINDOPRIL
C;SISTEMA CARDIOVASCULAR;C09A;INHIBIDORES DE LA ECA, MONOTERAPIA;C09AA;INHIBIDORES DE LA ECA, MONODROGAS;C09AA05;RAMIPRIL
C;SISTEMA CARDIOVASCULAR;C09A;INHIBIDORES DE LA ECA, MONOTERAPIA;C09AA;INHIBIDORES DE LA ECA, MONODROGAS;C09AA06;QUINAPRIL
C;SISTEMA CARDIOVASCULAR;C09A;INHIBIDORES DE LA ECA, MONOTERAPIA;C09AA;INHIBIDORES DE LA ECA, MONODROGAS;C09AA07;BENAZEPRIL
C;SISTEMA CARDIOVASCULAR;C09A;INHIBIDORES DE LA ECA, MONOTERAPIA;C09AA;INHIBIDORES DE LA ECA, MONODROGAS;C09AA08;CILAZAPRIL
C;SISTEMA CARDIOVASCULAR;C09A;INHIBIDORES DE LA ECA, MONOTERAPIA;C09AA;INHIBIDORES DE LA ECA, MONODROGAS;C09AA09;FOSINOPRIL
C;SISTEMA CARDIOVASCULAR;C09A;INHIBIDORES DE LA ECA, MONOTERAPIA;C09AA;INHIBIDORES DE LA ECA, MONODROGAS;C09AA10;TRANDOLAPRIL
C;SISTEMA CARDIOVASCULAR;C09A;INHIBIDORES DE LA ECA, MONOTERAPIA;C09AA;INHIBIDORES DE LA ECA, MONODROGAS;C09AA11;ESPIRAPRIL
C;SISTEMA CARDIOVASCULAR;C09A;INHIBIDORES DE LA ECA, MONOTERAPIA;C09AA;INHIBIDORES DE LA ECA, MONODROGAS;C09AA12;DELAPRIL
C;SISTEMA CARDIOVASCULAR;C09A;INHIBIDORES DE LA ECA, MONOTERAPIA;C09AA;INHIBIDORES DE LA ECA, MONODROGAS;C09AA13;MOEXIPRIL
C;SISTEMA CARDIOVASCULAR;C09A;INHIBIDORES DE LA ECA, MONOTERAPIA;C09AA;INHIBIDORES DE LA ECA, MONODROGAS;C09AA14;TEMOCAPRIL
C;SISTEMA CARDIOVASCULAR;C09A;INHIBIDORES DE LA ECA, MONOTERAPIA;C09AA;INHIBIDORES DE LA ECA, MONODROGAS;C09AA15;ZOFENOPRIL
C;SISTEMA CARDIOVASCULAR;C09A;INHIBIDORES DE LA ECA, MONOTERAPIA;C09AA;INHIBIDORES DE LA ECA, MONODROGAS;C09AA16;IMIDAPRIL
C;SISTEMA CARDIOVASCULAR;C09B;INHIBIDORES DE LA ECA, COMBINACIONES;C09BA;INHIBIDORES DE LA ECA  Y  DIURÉTICOS;C09BA01;CAPTOPRIL Y DIURÉTICOS
C;SISTEMA CARDIOVASCULAR;C09B;INHIBIDORES DE LA ECA, COMBINACIONES;C09BA;INHIBIDORES DE LA ECA  Y  DIURÉTICOS;C09BA02;ENALAPRIL Y DIURÉTICOS
C;SISTEMA CARDIOVASCULAR;C09B;INHIBIDORES DE LA ECA, COMBINACIONES;C09BA;INHIBIDORES DE LA ECA  Y  DIURÉTICOS;C09BA03;LISINOPRIL Y DIURÉTICOS
C;SISTEMA CARDIOVASCULAR;C09B;INHIBIDORES DE LA ECA, COMBINACIONES;C09BA;INHIBIDORES DE LA ECA  Y  DIURÉTICOS;C09BA04;PERINDOPRIL Y DIURÉTICOS
C;SISTEMA CARDIOVASCULAR;C09B;INHIBIDORES DE LA ECA, COMBINACIONES;C09BA;INHIBIDORES DE LA ECA  Y  DIURÉTICOS;C09BA05;RAMIPRIL Y DIURÉTICOS
C;SISTEMA CARDIOVASCULAR;C09B;INHIBIDORES DE LA ECA, COMBINACIONES;C09BA;INHIBIDORES DE LA ECA  Y  DIURÉTICOS;C09BA06;QUINAPRIL Y DIURÉTICOS
C;SISTEMA CARDIOVASCULAR;C09B;INHIBIDORES DE LA ECA, COMBINACIONES;C09BA;INHIBIDORES DE LA ECA  Y  DIURÉTICOS;C09BA07;BENAZEPRIL Y DIURÉTICOS
C;SISTEMA CARDIOVASCULAR;C09B;INHIBIDORES DE LA ECA, COMBINACIONES;C09BA;INHIBIDORES DE LA ECA  Y  DIURÉTICOS;C09BA08;CILAZAPRIL Y DIURÉTICOS
C;SISTEMA CARDIOVASCULAR;C09B;INHIBIDORES DE LA ECA, COMBINACIONES;C09BA;INHIBIDORES DE LA ECA  Y  DIURÉTICOS;C09BA09;FOSINOPRIL Y DIURÉTICOS
C;SISTEMA CARDIOVASCULAR;C09B;INHIBIDORES DE LA ECA, COMBINACIONES;C09BA;INHIBIDORES DE LA ECA  Y  DIURÉTICOS;C09BA12;DELAPRIL Y DIURÉTICOS
C;SISTEMA CARDIOVASCULAR;C09B;INHIBIDORES DE LA ECA, COMBINACIONES;C09BA;INHIBIDORES DE LA ECA  Y  DIURÉTICOS;C09BA13;MOEXIPRIL Y DIURÉTICOS
C;SISTEMA CARDIOVASCULAR;C09B;INHIBIDORES DE LA ECA, COMBINACIONES;C09BA;INHIBIDORES DE LA ECA  Y  DIURÉTICOS;C09BA15;ZOFENOPRIL Y DIURÉTICOS
C;SISTEMA CARDIOVASCULAR;C09B;INHIBIDORES DE LA ECA, COMBINACIONES;C09BB;INHIBIDORES DE LA ECA  Y BLOQUEANTES DE CANALES DE CALCIO;C09BB02;ENALAPRIL Y LERCANIDIPINO
C;SISTEMA CARDIOVASCULAR;C09B;INHIBIDORES DE LA ECA, COMBINACIONES;C09BB;INHIBIDORES DE LA ECA  Y BLOQUEANTES DE CANALES DE CALCIO;C09BB03;LISINOPRIL Y AMLODIPINO
C;SISTEMA CARDIOVASCULAR;C09B;INHIBIDORES DE LA ECA, COMBINACIONES;C09BB;INHIBIDORES DE LA ECA  Y BLOQUEANTES DE CANALES DE CALCIO;C09BB04;PERINDOPRIL Y AMLODIPINO
C;SISTEMA CARDIOVASCULAR;C09B;INHIBIDORES DE LA ECA, COMBINACIONES;C09BB;INHIBIDORES DE LA ECA  Y BLOQUEANTES DE CANALES DE CALCIO;C09BB05;RAMIPRIL Y FELODIPINA
C;SISTEMA CARDIOVASCULAR;C09B;INHIBIDORES DE LA ECA, COMBINACIONES;C09BB;INHIBIDORES DE LA ECA  Y BLOQUEANTES DE CANALES DE CALCIO;C09BB06;ENALAPRIL Y NITRENDIPINO
C;SISTEMA CARDIOVASCULAR;C09B;INHIBIDORES DE LA ECA, COMBINACIONES;C09BB;INHIBIDORES DE LA ECA  Y BLOQUEANTES DE CANALES DE CALCIO;C09BB07;RAMIPRIL Y AMLODIPINO
C;SISTEMA CARDIOVASCULAR;C09B;INHIBIDORES DE LA ECA, COMBINACIONES;C09BB;INHIBIDORES DE LA ECA  Y BLOQUEANTES DE CANALES DE CALCIO;C09BB10;TRANDOLAPRIL Y VERAPAMILO
C;SISTEMA CARDIOVASCULAR;C09B;INHIBIDORES DE LA ECA, COMBINACIONES;C09BB;INHIBIDORES DE LA ECA  Y BLOQUEANTES DE CANALES DE CALCIO;C09BB12;DELAPRIL Y MANIDIPINA
C;SISTEMA CARDIOVASCULAR;C09B;INHIBIDORES DE LA ECA, COMBINACIONES;C09BX;INHIBIDORES DE LA ECA, OTRAS COMBINACIONES;C09BX01;PERINDOPRIL, AMLODIPINO E INDAPAMIDA
C;SISTEMA CARDIOVASCULAR;C09C;ANTAGONISTAS DE ANGIOTENSINA II, MONODROGAS;C09CA;ANTAGONISTAS DE ANGIOTENSINA II, MONOTERAPIA;C09CA01;LOSARTÁN
C;SISTEMA CARDIOVASCULAR;C09C;ANTAGONISTAS DE ANGIOTENSINA II, MONODROGAS;C09CA;ANTAGONISTAS DE ANGIOTENSINA II, MONOTERAPIA;C09CA02;EPROSARTÁN
C;SISTEMA CARDIOVASCULAR;C09C;ANTAGONISTAS DE ANGIOTENSINA II, MONODROGAS;C09CA;ANTAGONISTAS DE ANGIOTENSINA II, MONOTERAPIA;C09CA03;VALSARTÁN
C;SISTEMA CARDIOVASCULAR;C09C;ANTAGONISTAS DE ANGIOTENSINA II, MONODROGAS;C09CA;ANTAGONISTAS DE ANGIOTENSINA II, MONOTERAPIA;C09CA04;IRBESARTÁN
C;SISTEMA CARDIOVASCULAR;C09C;ANTAGONISTAS DE ANGIOTENSINA II, MONODROGAS;C09CA;ANTAGONISTAS DE ANGIOTENSINA II, MONOTERAPIA;C09CA05;TASOSARTÁN
C;SISTEMA CARDIOVASCULAR;C09C;ANTAGONISTAS DE ANGIOTENSINA II, MONODROGAS;C09CA;ANTAGONISTAS DE ANGIOTENSINA II, MONOTERAPIA;C09CA06;CANDESARTÁN
C;SISTEMA CARDIOVASCULAR;C09C;ANTAGONISTAS DE ANGIOTENSINA II, MONODROGAS;C09CA;ANTAGONISTAS DE ANGIOTENSINA II, MONOTERAPIA;C09CA07;TELMISARTÁN
C;SISTEMA CARDIOVASCULAR;C09C;ANTAGONISTAS DE ANGIOTENSINA II, MONODROGAS;C09CA;ANTAGONISTAS DE ANGIOTENSINA II, MONOTERAPIA;C09CA08;OLMESARTÁN MEDOXOMILO
C;SISTEMA CARDIOVASCULAR;C09C;ANTAGONISTAS DE ANGIOTENSINA II, MONODROGAS;C09CA;ANTAGONISTAS DE ANGIOTENSINA II, MONOTERAPIA;C09CA09;AZILSARTÁN MEDOXOMILO
C;SISTEMA CARDIOVASCULAR;C09D;ANTAGONISTAS DE ANGIOTENSINA II, COMBINACIONES;C09DA;ANTAGONISTAS DE ANGIOTENSINA II Y DIURÉTICOS;C09DA01;LOSARTÁN Y DIURÉTICOS
C;SISTEMA CARDIOVASCULAR;C09D;ANTAGONISTAS DE ANGIOTENSINA II, COMBINACIONES;C09DA;ANTAGONISTAS DE ANGIOTENSINA II Y DIURÉTICOS;C09DA02;EPROSARTÁN Y DIURÉTICOS
C;SISTEMA CARDIOVASCULAR;C09D;ANTAGONISTAS DE ANGIOTENSINA II, COMBINACIONES;C09DA;ANTAGONISTAS DE ANGIOTENSINA II Y DIURÉTICOS;C09DA03;VALSARTÁN Y DIURÉTICOS
C;SISTEMA CARDIOVASCULAR;C09D;ANTAGONISTAS DE ANGIOTENSINA II, COMBINACIONES;C09DA;ANTAGONISTAS DE ANGIOTENSINA II Y DIURÉTICOS;C09DA04;IRBESARTAN Y DIURÉTICOS
C;SISTEMA CARDIOVASCULAR;C09D;ANTAGONISTAS DE ANGIOTENSINA II, COMBINACIONES;C09DA;ANTAGONISTAS DE ANGIOTENSINA II Y DIURÉTICOS;C09DA06;CANDESARTÁN Y DIURÉTICOS
C;SISTEMA CARDIOVASCULAR;C09D;ANTAGONISTAS DE ANGIOTENSINA II, COMBINACIONES;C09DA;ANTAGONISTAS DE ANGIOTENSINA II Y DIURÉTICOS;C09DA07;TELMISARTÁN Y DIURÉTICOS
C;SISTEMA CARDIOVASCULAR;C09D;ANTAGONISTAS DE ANGIOTENSINA II, COMBINACIONES;C09DA;ANTAGONISTAS DE ANGIOTENSINA II Y DIURÉTICOS;C09DA08;OLMESARTÁN MEDOXOMILO Y DIURÉTICOS
C;SISTEMA CARDIOVASCULAR;C09D;ANTAGONISTAS DE ANGIOTENSINA II, COMBINACIONES;C09DB;ANTAGONISTAS DE ANGIOTENSINA II Y BLOQUEADORES DE CANALES DE CALCIO;C09DB01;VALSARTÁN Y AMLODIPINO
C;SISTEMA CARDIOVASCULAR;C09D;ANTAGONISTAS DE ANGIOTENSINA II, COMBINACIONES;C09DB;ANTAGONISTAS DE ANGIOTENSINA II Y BLOQUEADORES DE CANALES DE CALCIO;C09DB02;OLMESARTÁN MEDOXOMILO Y AMLODIPINO
C;SISTEMA CARDIOVASCULAR;C09D;ANTAGONISTAS DE ANGIOTENSINA II, COMBINACIONES;C09DB;ANTAGONISTAS DE ANGIOTENSINA II Y BLOQUEADORES DE CANALES DE CALCIO;C09DB04;TELMISARTÁN Y AMLODIPINO
C;SISTEMA CARDIOVASCULAR;C09D;ANTAGONISTAS DE ANGIOTENSINA II, COMBINACIONES;C09DB;ANTAGONISTAS DE ANGIOTENSINA II Y BLOQUEADORES DE CANALES DE CALCIO;C09DB05;IRBESARTÁN Y AMLODIPINO
C;SISTEMA CARDIOVASCULAR;C09D;ANTAGONISTAS DE ANGIOTENSINA II, COMBINACIONES;C09DB;ANTAGONISTAS DE ANGIOTENSINA II Y BLOQUEADORES DE CANALES DE CALCIO;C09DB06;LOSARTÁN Y AMLODIPINO
C;SISTEMA CARDIOVASCULAR;C09D;ANTAGONISTAS DE ANGIOTENSINA II, COMBINACIONES;C09DB;ANTAGONISTAS DE ANGIOTENSINA II Y BLOQUEADORES DE CANALES DE CALCIO;C09DB07;CANDESARTÁN Y AMLODIPINO
C;SISTEMA CARDIOVASCULAR;C09D;ANTAGONISTAS DE ANGIOTENSINA II, COMBINACIONES;C09DX;ANTAGONISTAS DE LA ANGIOTENSINA II, OTRAS COMBINACIONES;C09DX01;VALSARTÁN, AMLODIPINO Y HIDROCLOROTIAZIDA
C;SISTEMA CARDIOVASCULAR;C09D;ANTAGONISTAS DE ANGIOTENSINA II, COMBINACIONES;C09DX;ANTAGONISTAS DE LA ANGIOTENSINA II, OTRAS COMBINACIONES;C09DX02;VALSARTÁN Y ALISKIRENO
C;SISTEMA CARDIOVASCULAR;C09D;ANTAGONISTAS DE ANGIOTENSINA II, COMBINACIONES;C09DX;ANTAGONISTAS DE LA ANGIOTENSINA II, OTRAS COMBINACIONES;C09DX03;OLMESARTÁN MEDOXOMILO, AMLODIPINO Y HIDROCLOROTIAZIDA
C;SISTEMA CARDIOVASCULAR;C09X;OTROS AGENTES QUE ACTÚAN SOBRE  EL SISTEMA RENINA-ANGIOTENSINA;C09XA;INHIBIDORES DE LA RENINA;C09XA01;REMIKIRENO
C;SISTEMA CARDIOVASCULAR;C09X;OTROS AGENTES QUE ACTÚAN SOBRE  EL SISTEMA RENINA-ANGIOTENSINA;C09XA;INHIBIDORES DE LA RENINA;C09XA02;ALISKIRENO
C;SISTEMA CARDIOVASCULAR;C09X;OTROS AGENTES QUE ACTÚAN SOBRE  EL SISTEMA RENINA-ANGIOTENSINA;C09XA;INHIBIDORES DE LA RENINA;C09XA52;ALISKIRENO Y HIDROCLOROTIAZIDA
C;SISTEMA CARDIOVASCULAR;C09X;OTROS AGENTES QUE ACTÚAN SOBRE  EL SISTEMA RENINA-ANGIOTENSINA;C09XA;INHIBIDORES DE LA RENINA;C09XA53;ALISKIRENO Y AMLODIPINO
C;SISTEMA CARDIOVASCULAR;C09X;OTROS AGENTES QUE ACTÚAN SOBRE  EL SISTEMA RENINA-ANGIOTENSINA;C09XA;INHIBIDORES DE LA RENINA;C09XA54;ALISKIRENO, AMLODIPINO Y HIDROCLOROTIAZIDA
C;SISTEMA CARDIOVASCULAR;C10A;AGENTES MODIFICADORES DE LOS LÍPIDOS, MONOTERAPIA;C10AA;INHIBIDORES DE LA HMG COA REDUCTASA;C10AA01;SIMVASTATINA
C;SISTEMA CARDIOVASCULAR;C10A;AGENTES MODIFICADORES DE LOS LÍPIDOS, MONOTERAPIA;C10AA;INHIBIDORES DE LA HMG COA REDUCTASA;C10AA02;LOVASTATINA
C;SISTEMA CARDIOVASCULAR;C10A;AGENTES MODIFICADORES DE LOS LÍPIDOS, MONOTERAPIA;C10AA;INHIBIDORES DE LA HMG COA REDUCTASA;C10AA03;PRAVASTATINA
C;SISTEMA CARDIOVASCULAR;C10A;AGENTES MODIFICADORES DE LOS LÍPIDOS, MONOTERAPIA;C10AA;INHIBIDORES DE LA HMG COA REDUCTASA;C10AA04;FLUVASTATINA
C;SISTEMA CARDIOVASCULAR;C10A;AGENTES MODIFICADORES DE LOS LÍPIDOS, MONOTERAPIA;C10AA;INHIBIDORES DE LA HMG COA REDUCTASA;C10AA05;ATORVASTATINA
C;SISTEMA CARDIOVASCULAR;C10A;AGENTES MODIFICADORES DE LOS LÍPIDOS, MONOTERAPIA;C10AA;INHIBIDORES DE LA HMG COA REDUCTASA;C10AA06;CERIVASTATINA
C;SISTEMA CARDIOVASCULAR;C10A;AGENTES MODIFICADORES DE LOS LÍPIDOS, MONOTERAPIA;C10AA;INHIBIDORES DE LA HMG COA REDUCTASA;C10AA07;ROSUVASTATINA
C;SISTEMA CARDIOVASCULAR;C10A;AGENTES MODIFICADORES DE LOS LÍPIDOS, MONOTERAPIA;C10AA;INHIBIDORES DE LA HMG COA REDUCTASA;C10AA08;PITAVASTATINA
C;SISTEMA CARDIOVASCULAR;C10A;AGENTES MODIFICADORES DE LOS LÍPIDOS, MONOTERAPIA;C10AB;FIBRATOS;C10AB01;CLOFIBRATO
C;SISTEMA CARDIOVASCULAR;C10A;AGENTES MODIFICADORES DE LOS LÍPIDOS, MONOTERAPIA;C10AB;FIBRATOS;C10AB02;BEZAFIBRATO
C;SISTEMA CARDIOVASCULAR;C10A;AGENTES MODIFICADORES DE LOS LÍPIDOS, MONOTERAPIA;C10AB;FIBRATOS;C10AB03;CLOFIBRATO ALUMINIO
C;SISTEMA CARDIOVASCULAR;C10A;AGENTES MODIFICADORES DE LOS LÍPIDOS, MONOTERAPIA;C10AB;FIBRATOS;C10AB04;GEMFIBROZILO
C;SISTEMA CARDIOVASCULAR;C10A;AGENTES MODIFICADORES DE LOS LÍPIDOS, MONOTERAPIA;C10AB;FIBRATOS;C10AB05;FENOFIBRATO
C;SISTEMA CARDIOVASCULAR;C10A;AGENTES MODIFICADORES DE LOS LÍPIDOS, MONOTERAPIA;C10AB;FIBRATOS;C10AB06;SINFIBRATO
C;SISTEMA CARDIOVASCULAR;C10A;AGENTES MODIFICADORES DE LOS LÍPIDOS, MONOTERAPIA;C10AB;FIBRATOS;C10AB07;RONIFIBRATO
C;SISTEMA CARDIOVASCULAR;C10A;AGENTES MODIFICADORES DE LOS LÍPIDOS, MONOTERAPIA;C10AB;FIBRATOS;C10AB08;CIPROFIBRATO
C;SISTEMA CARDIOVASCULAR;C10A;AGENTES MODIFICADORES DE LOS LÍPIDOS, MONOTERAPIA;C10AB;FIBRATOS;C10AB09;ETOFIBRATO
C;SISTEMA CARDIOVASCULAR;C10A;AGENTES MODIFICADORES DE LOS LÍPIDOS, MONOTERAPIA;C10AB;FIBRATOS;C10AB10;CLOFIBRIDA
C;SISTEMA CARDIOVASCULAR;C10A;AGENTES MODIFICADORES DE LOS LÍPIDOS, MONOTERAPIA;C10AB;FIBRATOS;C10AB11;FENOFIBRATO DE COLINA
C;SISTEMA CARDIOVASCULAR;C10A;AGENTES MODIFICADORES DE LOS LÍPIDOS, MONOTERAPIA;C10AC;SECUESTRADORES DE ÁCIDOS BILIARES;C10AC01;COLESTIRAMINA
C;SISTEMA CARDIOVASCULAR;C10A;AGENTES MODIFICADORES DE LOS LÍPIDOS, MONOTERAPIA;C10AC;SECUESTRADORES DE ÁCIDOS BILIARES;C10AC02;COLESTIPOL
C;SISTEMA CARDIOVASCULAR;C10A;AGENTES MODIFICADORES DE LOS LÍPIDOS, MONOTERAPIA;C10AC;SECUESTRADORES DE ÁCIDOS BILIARES;C10AC03;COLEXTRÁN
C;SISTEMA CARDIOVASCULAR;C10A;AGENTES MODIFICADORES DE LOS LÍPIDOS, MONOTERAPIA;C10AC;SECUESTRADORES DE ÁCIDOS BILIARES;C10AC04;COLESEVELAM
C;SISTEMA CARDIOVASCULAR;C10A;AGENTES MODIFICADORES DE LOS LÍPIDOS, MONOTERAPIA;C10AD;ÁCIDO NICOTÍNICO Y DERIVADOS;C10AD01;NICERITROL
C;SISTEMA CARDIOVASCULAR;C10A;AGENTES MODIFICADORES DE LOS LÍPIDOS, MONOTERAPIA;C10AD;ÁCIDO NICOTÍNICO Y DERIVADOS;C10AD02;ÁCIDO NICOTÍNICO
C;SISTEMA CARDIOVASCULAR;C10A;AGENTES MODIFICADORES DE LOS LÍPIDOS, MONOTERAPIA;C10AD;ÁCIDO NICOTÍNICO Y DERIVADOS;C10AD03;NICOFURANOSA
C;SISTEMA CARDIOVASCULAR;C10A;AGENTES MODIFICADORES DE LOS LÍPIDOS, MONOTERAPIA;C10AD;ÁCIDO NICOTÍNICO Y DERIVADOS;C10AD04;NICOTINATO DE ALUMINIO
C;SISTEMA CARDIOVASCULAR;C10A;AGENTES MODIFICADORES DE LOS LÍPIDOS, MONOTERAPIA;C10AD;ÁCIDO NICOTÍNICO Y DERIVADOS;C10AD05;NICOTINIL ALCOHOL (PIRIDILCARBINOL)
C;SISTEMA CARDIOVASCULAR;C10A;AGENTES MODIFICADORES DE LOS LÍPIDOS, MONOTERAPIA;C10AD;ÁCIDO NICOTÍNICO Y DERIVADOS;C10AD06;ACIPIMOX
C;SISTEMA CARDIOVASCULAR;C10A;AGENTES MODIFICADORES DE LOS LÍPIDOS, MONOTERAPIA;C10AD;ÁCIDO NICOTÍNICO Y DERIVADOS;C10AD52;ÁCIDO NICOTÍNICO, COMBINACIONES
C;SISTEMA CARDIOVASCULAR;C10A;AGENTES MODIFICADORES DE LOS LÍPIDOS, MONOTERAPIA;C10AX;OTROS AGENTES MODIFICADORES DE LOS LÍPIDOS;C10AX01;DEXTROTIROXINA
C;SISTEMA CARDIOVASCULAR;C10A;AGENTES MODIFICADORES DE LOS LÍPIDOS, MONOTERAPIA;C10AX;OTROS AGENTES MODIFICADORES DE LOS LÍPIDOS;C10AX02;PROBUCOL
C;SISTEMA CARDIOVASCULAR;C10A;AGENTES MODIFICADORES DE LOS LÍPIDOS, MONOTERAPIA;C10AX;OTROS AGENTES MODIFICADORES DE LOS LÍPIDOS;C10AX03;TIADENOL
C;SISTEMA CARDIOVASCULAR;C10A;AGENTES MODIFICADORES DE LOS LÍPIDOS, MONOTERAPIA;C10AX;OTROS AGENTES MODIFICADORES DE LOS LÍPIDOS;C10AX05;MEGLUTOL
C;SISTEMA CARDIOVASCULAR;C10A;AGENTES MODIFICADORES DE LOS LÍPIDOS, MONOTERAPIA;C10AX;OTROS AGENTES MODIFICADORES DE LOS LÍPIDOS;C10AX06;TRIGLICÉRIDOS OMEGA-3 INCLUÍDOS OTROS ÉSTERES Y ÁCIDOS
C;SISTEMA CARDIOVASCULAR;C10A;AGENTES MODIFICADORES DE LOS LÍPIDOS, MONOTERAPIA;C10AX;OTROS AGENTES MODIFICADORES DE LOS LÍPIDOS;C10AX07;MAGNESIO PIRIDOXAL 5-FOSFATO GLUTAMATO
C;SISTEMA CARDIOVASCULAR;C10A;AGENTES MODIFICADORES DE LOS LÍPIDOS, MONOTERAPIA;C10AX;OTROS AGENTES MODIFICADORES DE LOS LÍPIDOS;C10AX08;POLICOSANOL
C;SISTEMA CARDIOVASCULAR;C10A;AGENTES MODIFICADORES DE LOS LÍPIDOS, MONOTERAPIA;C10AX;OTROS AGENTES MODIFICADORES DE LOS LÍPIDOS;C10AX09;EZETIMIBA
C;SISTEMA CARDIOVASCULAR;C10A;AGENTES MODIFICADORES DE LOS LÍPIDOS, MONOTERAPIA;C10AX;OTROS AGENTES MODIFICADORES DE LOS LÍPIDOS;C10AX10;ALIPOGÉN TIPARVOVEC
C;SISTEMA CARDIOVASCULAR;C10A;AGENTES MODIFICADORES DE LOS LÍPIDOS, MONOTERAPIA;C10AX;OTROS AGENTES MODIFICADORES DE LOS LÍPIDOS;C10AX11;MIPOMERSÉN
C;SISTEMA CARDIOVASCULAR;C10A;AGENTES MODIFICADORES DE LOS LÍPIDOS, MONOTERAPIA;C10AX;OTROS AGENTES MODIFICADORES DE LOS LÍPIDOS;C10AX12;LOMITAPIDA
C;SISTEMA CARDIOVASCULAR;C10B;AGENTES MODIFICADORES DE LOS LÍPIDOS, COMBINACIONES;C10BA;INHIBIDORES DE LA HMG COA REDUCTASA EN COMBINACIÓN CON OTROS AGENTES MODIFICADORES DE LOS LÍPIDOS;C10BA01;LOVASTATINA Y ÁCIDO NICOTÍNICO
C;SISTEMA CARDIOVASCULAR;C10B;AGENTES MODIFICADORES DE LOS LÍPIDOS, COMBINACIONES;C10BA;INHIBIDORES DE LA HMG COA REDUCTASA EN COMBINACIÓN CON OTROS AGENTES MODIFICADORES DE LOS LÍPIDOS;C10BA02;SIMVASTATINA Y EZETIMIBE
C;SISTEMA CARDIOVASCULAR;C10B;AGENTES MODIFICADORES DE LOS LÍPIDOS, COMBINACIONES;C10BA;INHIBIDORES DE LA HMG COA REDUCTASA EN COMBINACIÓN CON OTROS AGENTES MODIFICADORES DE LOS LÍPIDOS;C10BA03;PRAVASTATINA Y FENOFIBRATO
C;SISTEMA CARDIOVASCULAR;C10B;AGENTES MODIFICADORES DE LOS LÍPIDOS, COMBINACIONES;C10BA;INHIBIDORES DE LA HMG COA REDUCTASA EN COMBINACIÓN CON OTROS AGENTES MODIFICADORES DE LOS LÍPIDOS;C10BA04;SIMVASTATINA Y FENOFIBRATO
C;SISTEMA CARDIOVASCULAR;C10B;AGENTES MODIFICADORES DE LOS LÍPIDOS, COMBINACIONES;C10BA;INHIBIDORES DE LA HMG COA REDUCTASA EN COMBINACIÓN CON OTROS AGENTES MODIFICADORES DE LOS LÍPIDOS;C10BA05;ATORVASTATINA Y EZETIMIBE
C;SISTEMA CARDIOVASCULAR;C10B;AGENTES MODIFICADORES DE LOS LÍPIDOS, COMBINACIONES;C10BA;INHIBIDORES DE LA HMG COA REDUCTASA EN COMBINACIÓN CON OTROS AGENTES MODIFICADORES DE LOS LÍPIDOS;C10BA06;ROSUVASTATINA Y EZETIMIBA
C;SISTEMA CARDIOVASCULAR;C10B;AGENTES MODIFICADORES DE LOS LÍPIDOS, COMBINACIONES;C10BX;INHIBIDORES DE LA HMG COA REDUCTASA, OTRAS COMBINACIONES;C10BX01;SIMVASTATINA Y ÁCIDO ACETILSALICÍLICO
C;SISTEMA CARDIOVASCULAR;C10B;AGENTES MODIFICADORES DE LOS LÍPIDOS, COMBINACIONES;C10BX;INHIBIDORES DE LA HMG COA REDUCTASA, OTRAS COMBINACIONES;C10BX02;PRAVASTATINA Y ÁCIDO ACETILSALICÍLICO
C;SISTEMA CARDIOVASCULAR;C10B;AGENTES MODIFICADORES DE LOS LÍPIDOS, COMBINACIONES;C10BX;INHIBIDORES DE LA HMG COA REDUCTASA, OTRAS COMBINACIONES;C10BX03;ATORVASTATINA Y AMLODIPINA
C;SISTEMA CARDIOVASCULAR;C10B;AGENTES MODIFICADORES DE LOS LÍPIDOS, COMBINACIONES;C10BX;INHIBIDORES DE LA HMG COA REDUCTASA, OTRAS COMBINACIONES;C10BX04;SIMVASTATINA, ÁCIDO ACETILSALICÍLICO Y RAMIPRIL
C;SISTEMA CARDIOVASCULAR;C10B;AGENTES MODIFICADORES DE LOS LÍPIDOS, COMBINACIONES;C10BX;INHIBIDORES DE LA HMG COA REDUCTASA, OTRAS COMBINACIONES;C10BX05;ROSUVASTATINA Y ÁCIDO ACETILSALICÍLICO
D;DERMATOLÓGICOS;D01A;ANTIFÚNGICOS PARA USO TÓPICO;D01AA;ANTIBIÓTICOS;D01AA01;NISTATINA
D;DERMATOLÓGICOS;D01A;ANTIFÚNGICOS PARA USO TÓPICO;D01AA;ANTIBIÓTICOS;D01AA02;NATAMICINA
D;DERMATOLÓGICOS;D01A;ANTIFÚNGICOS PARA USO TÓPICO;D01AA;ANTIBIÓTICOS;D01AA03;HACHIMICINA
D;DERMATOLÓGICOS;D01A;ANTIFÚNGICOS PARA USO TÓPICO;D01AA;ANTIBIÓTICOS;D01AA04;PECILOCINA
D;DERMATOLÓGICOS;D01A;ANTIFÚNGICOS PARA USO TÓPICO;D01AA;ANTIBIÓTICOS;D01AA06;MEPARTRICINA
D;DERMATOLÓGICOS;D01A;ANTIFÚNGICOS PARA USO TÓPICO;D01AA;ANTIBIÓTICOS;D01AA07;PIRROLNITRINA
D;DERMATOLÓGICOS;D01A;ANTIFÚNGICOS PARA USO TÓPICO;D01AA;ANTIBIÓTICOS;D01AA08;GRISEOFULVINA
D;DERMATOLÓGICOS;D01A;ANTIFÚNGICOS PARA USO TÓPICO;D01AA;ANTIBIÓTICOS;D01AA20;COMBINACIONES
D;DERMATOLÓGICOS;D01A;ANTIFÚNGICOS PARA USO TÓPICO;D01AC;DERIVADOS IMIDAZÓLICOS Y TRIAZÓLICOS;D01AC01;CLOTRIMAZOL
D;DERMATOLÓGICOS;D01A;ANTIFÚNGICOS PARA USO TÓPICO;D01AC;DERIVADOS IMIDAZÓLICOS Y TRIAZÓLICOS;D01AC02;MICONAZOL
D;DERMATOLÓGICOS;D01A;ANTIFÚNGICOS PARA USO TÓPICO;D01AC;DERIVADOS IMIDAZÓLICOS Y TRIAZÓLICOS;D01AC03;ECONAZOL
D;DERMATOLÓGICOS;D01A;ANTIFÚNGICOS PARA USO TÓPICO;D01AC;DERIVADOS IMIDAZÓLICOS Y TRIAZÓLICOS;D01AC04;CLORMIDAZOL
D;DERMATOLÓGICOS;D01A;ANTIFÚNGICOS PARA USO TÓPICO;D01AC;DERIVADOS IMIDAZÓLICOS Y TRIAZÓLICOS;D01AC05;ISOCONAZOL
D;DERMATOLÓGICOS;D01A;ANTIFÚNGICOS PARA USO TÓPICO;D01AC;DERIVADOS IMIDAZÓLICOS Y TRIAZÓLICOS;D01AC06;TIABENDAZOL
D;DERMATOLÓGICOS;D01A;ANTIFÚNGICOS PARA USO TÓPICO;D01AC;DERIVADOS IMIDAZÓLICOS Y TRIAZÓLICOS;D01AC07;TIOCONAZOL
D;DERMATOLÓGICOS;D01A;ANTIFÚNGICOS PARA USO TÓPICO;D01AC;DERIVADOS IMIDAZÓLICOS Y TRIAZÓLICOS;D01AC08;KETOCONAZOL
D;DERMATOLÓGICOS;D01A;ANTIFÚNGICOS PARA USO TÓPICO;D01AC;DERIVADOS IMIDAZÓLICOS Y TRIAZÓLICOS;D01AC09;SULCONAZOL
D;DERMATOLÓGICOS;D01A;ANTIFÚNGICOS PARA USO TÓPICO;D01AC;DERIVADOS IMIDAZÓLICOS Y TRIAZÓLICOS;D01AC10;BIFONAZOL
D;DERMATOLÓGICOS;D01A;ANTIFÚNGICOS PARA USO TÓPICO;D01AC;DERIVADOS IMIDAZÓLICOS Y TRIAZÓLICOS;D01AC11;OXICONAZOL
D;DERMATOLÓGICOS;D01A;ANTIFÚNGICOS PARA USO TÓPICO;D01AC;DERIVADOS IMIDAZÓLICOS Y TRIAZÓLICOS;D01AC12;FENTICONAZOL
D;DERMATOLÓGICOS;D01A;ANTIFÚNGICOS PARA USO TÓPICO;D01AC;DERIVADOS IMIDAZÓLICOS Y TRIAZÓLICOS;D01AC13;OMOCONAZOL
D;DERMATOLÓGICOS;D01A;ANTIFÚNGICOS PARA USO TÓPICO;D01AC;DERIVADOS IMIDAZÓLICOS Y TRIAZÓLICOS;D01AC14;SERTACONAZOL
D;DERMATOLÓGICOS;D01A;ANTIFÚNGICOS PARA USO TÓPICO;D01AC;DERIVADOS IMIDAZÓLICOS Y TRIAZÓLICOS;D01AC15;FLUCONAZOL
D;DERMATOLÓGICOS;D01A;ANTIFÚNGICOS PARA USO TÓPICO;D01AC;DERIVADOS IMIDAZÓLICOS Y TRIAZÓLICOS;D01AC16;FLUTRIMAZOL
D;DERMATOLÓGICOS;D01A;ANTIFÚNGICOS PARA USO TÓPICO;D01AC;DERIVADOS IMIDAZÓLICOS Y TRIAZÓLICOS;D01AC17;EBERCONAZOL
D;DERMATOLÓGICOS;D01A;ANTIFÚNGICOS PARA USO TÓPICO;D01AC;DERIVADOS IMIDAZÓLICOS Y TRIAZÓLICOS;D01AC20;COMBINACIONES
D;DERMATOLÓGICOS;D01A;ANTIFÚNGICOS PARA USO TÓPICO;D01AC;DERIVADOS IMIDAZÓLICOS Y TRIAZÓLICOS;D01AC52;MICONAZOL, COMBINACIONES
D;DERMATOLÓGICOS;D01A;ANTIFÚNGICOS PARA USO TÓPICO;D01AC;DERIVADOS IMIDAZÓLICOS Y TRIAZÓLICOS;D01AC60;BIFONAZOL, COMBINACIONES
D;DERMATOLÓGICOS;D01A;ANTIFÚNGICOS PARA USO TÓPICO;D01AE;OTROS PREPARADOS ANTIFÚNGICOS PARA USO TÓPICO;D01AE01;BROMOCLOROSALICILANILIDA
D;DERMATOLÓGICOS;D01A;ANTIFÚNGICOS PARA USO TÓPICO;D01AE;OTROS PREPARADOS ANTIFÚNGICOS PARA USO TÓPICO;D01AE02;METILROSANILINA
D;DERMATOLÓGICOS;D01A;ANTIFÚNGICOS PARA USO TÓPICO;D01AE;OTROS PREPARADOS ANTIFÚNGICOS PARA USO TÓPICO;D01AE03;TRIBROMOMETACRESOL
D;DERMATOLÓGICOS;D01A;ANTIFÚNGICOS PARA USO TÓPICO;D01AE;OTROS PREPARADOS ANTIFÚNGICOS PARA USO TÓPICO;D01AE04;ÁCIDO UNDECILÉNICO
D;DERMATOLÓGICOS;D01A;ANTIFÚNGICOS PARA USO TÓPICO;D01AE;OTROS PREPARADOS ANTIFÚNGICOS PARA USO TÓPICO;D01AE05;POLINOXILINA
D;DERMATOLÓGICOS;D01A;ANTIFÚNGICOS PARA USO TÓPICO;D01AE;OTROS PREPARADOS ANTIFÚNGICOS PARA USO TÓPICO;D01AE06;2-(4-CLORFENOXI)-ETANOL
D;DERMATOLÓGICOS;D01A;ANTIFÚNGICOS PARA USO TÓPICO;D01AE;OTROS PREPARADOS ANTIFÚNGICOS PARA USO TÓPICO;D01AE07;CLORFENESINA
D;DERMATOLÓGICOS;D01A;ANTIFÚNGICOS PARA USO TÓPICO;D01AE;OTROS PREPARADOS ANTIFÚNGICOS PARA USO TÓPICO;D01AE08;TICLATONA
D;DERMATOLÓGICOS;D01A;ANTIFÚNGICOS PARA USO TÓPICO;D01AE;OTROS PREPARADOS ANTIFÚNGICOS PARA USO TÓPICO;D01AE09;SULBENTINA
D;DERMATOLÓGICOS;D01A;ANTIFÚNGICOS PARA USO TÓPICO;D01AE;OTROS PREPARADOS ANTIFÚNGICOS PARA USO TÓPICO;D01AE10;HIDROXIBENZOATO DE ETILO
D;DERMATOLÓGICOS;D01A;ANTIFÚNGICOS PARA USO TÓPICO;D01AE;OTROS PREPARADOS ANTIFÚNGICOS PARA USO TÓPICO;D01AE11;HALOPROGINA
D;DERMATOLÓGICOS;D01A;ANTIFÚNGICOS PARA USO TÓPICO;D01AE;OTROS PREPARADOS ANTIFÚNGICOS PARA USO TÓPICO;D01AE12;ÁCIDO SALICÍLICO
D;DERMATOLÓGICOS;D01A;ANTIFÚNGICOS PARA USO TÓPICO;D01AE;OTROS PREPARADOS ANTIFÚNGICOS PARA USO TÓPICO;D01AE13;SULFURO DE SELENIO
D;DERMATOLÓGICOS;D01A;ANTIFÚNGICOS PARA USO TÓPICO;D01AE;OTROS PREPARADOS ANTIFÚNGICOS PARA USO TÓPICO;D01AE14;CICLOPIROX
D;DERMATOLÓGICOS;D01A;ANTIFÚNGICOS PARA USO TÓPICO;D01AE;OTROS PREPARADOS ANTIFÚNGICOS PARA USO TÓPICO;D01AE15;TERBINAFINA
D;DERMATOLÓGICOS;D01A;ANTIFÚNGICOS PARA USO TÓPICO;D01AE;OTROS PREPARADOS ANTIFÚNGICOS PARA USO TÓPICO;D01AE16;AMOROLFINA
D;DERMATOLÓGICOS;D01A;ANTIFÚNGICOS PARA USO TÓPICO;D01AE;OTROS PREPARADOS ANTIFÚNGICOS PARA USO TÓPICO;D01AE17;DIMAZOL
D;DERMATOLÓGICOS;D01A;ANTIFÚNGICOS PARA USO TÓPICO;D01AE;OTROS PREPARADOS ANTIFÚNGICOS PARA USO TÓPICO;D01AE18;TOLNAFTATO
D;DERMATOLÓGICOS;D01A;ANTIFÚNGICOS PARA USO TÓPICO;D01AE;OTROS PREPARADOS ANTIFÚNGICOS PARA USO TÓPICO;D01AE19;TOLCICLATO
D;DERMATOLÓGICOS;D01A;ANTIFÚNGICOS PARA USO TÓPICO;D01AE;OTROS PREPARADOS ANTIFÚNGICOS PARA USO TÓPICO;D01AE20;COMBINACIONES
D;DERMATOLÓGICOS;D01A;ANTIFÚNGICOS PARA USO TÓPICO;D01AE;OTROS PREPARADOS ANTIFÚNGICOS PARA USO TÓPICO;D01AE21;FLUCITOSINA
D;DERMATOLÓGICOS;D01A;ANTIFÚNGICOS PARA USO TÓPICO;D01AE;OTROS PREPARADOS ANTIFÚNGICOS PARA USO TÓPICO;D01AE22;NAFTIFINA
D;DERMATOLÓGICOS;D01A;ANTIFÚNGICOS PARA USO TÓPICO;D01AE;OTROS PREPARADOS ANTIFÚNGICOS PARA USO TÓPICO;D01AE23;BUTENAFINA
D;DERMATOLÓGICOS;D01A;ANTIFÚNGICOS PARA USO TÓPICO;D01AE;OTROS PREPARADOS ANTIFÚNGICOS PARA USO TÓPICO;D01AE54;ÁCIDO UNDECILÉNICO, COMBINACIONES
D;DERMATOLÓGICOS;D01B;ANTIFÚNGICOS PARA USO SISTÉMICO;D01BA;ANTIFÚNGICOS PARA USO SISTÉMICO;D01BA01;GRISEOFULVINA
D;DERMATOLÓGICOS;D01B;ANTIFÚNGICOS PARA USO SISTÉMICO;D01BA;ANTIFÚNGICOS PARA USO SISTÉMICO;D01BA02;TERBINAFINA
D;DERMATOLÓGICOS;D02A;EMOLIENTES Y PROTECTORES;D02AE;PRODUCTOS CON UREA;D02AE01;UREA
D;DERMATOLÓGICOS;D02A;EMOLIENTES Y PROTECTORES;D02AE;PRODUCTOS CON UREA;D02AE51;UREA, COMBINACIONES CON
D;DERMATOLÓGICOS;D02B;PROTECTORES CONTRA LA RADIACIÓN UV;D02BA;PROTECTORES CONTRA LA RADIACIÓN UV PARA USO TÓPICO;D02BA01;ÁCIDO AMINOBENZOICO
D;DERMATOLÓGICOS;D02B;PROTECTORES CONTRA LA RADIACIÓN UV;D02BA;PROTECTORES CONTRA LA RADIACIÓN UV PARA USO TÓPICO;D02BA02;OCTINOXATO
D;DERMATOLÓGICOS;D02B;PROTECTORES CONTRA LA RADIACIÓN UV;D02BB;PROTECTORES CONTRA LA RADIACIÓN UV PARA USO SISTÉMICO;D02BB01;BETACAROTENO
D;DERMATOLÓGICOS;D02B;PROTECTORES CONTRA LA RADIACIÓN UV;D02BB;PROTECTORES CONTRA LA RADIACIÓN UV PARA USO SISTÉMICO;D02BB02;ALFAMELANOTIDA
D;DERMATOLÓGICOS;D03A;CICATRIZANTES;D03AX;OTROS CICATRIZANTES;D03AX01;IODO CADEXÓMERO
D;DERMATOLÓGICOS;D03A;CICATRIZANTES;D03AX;OTROS CICATRIZANTES;D03AX02;DEXTRANÓMERO
D;DERMATOLÓGICOS;D03A;CICATRIZANTES;D03AX;OTROS CICATRIZANTES;D03AX03;DEXPANTENOL
D;DERMATOLÓGICOS;D03A;CICATRIZANTES;D03AX;OTROS CICATRIZANTES;D03AX04;PANTOTENATO DE CALCIO
D;DERMATOLÓGICOS;D03A;CICATRIZANTES;D03AX;OTROS CICATRIZANTES;D03AX05;ÁCIDO HIALURÓNICO
D;DERMATOLÓGICOS;D03A;CICATRIZANTES;D03AX;OTROS CICATRIZANTES;D03AX06;BECAPLERMINA
D;DERMATOLÓGICOS;D03A;CICATRIZANTES;D03AX;OTROS CICATRIZANTES;D03AX09;CRILANÓMERO
D;DERMATOLÓGICOS;D03A;CICATRIZANTES;D03AX;OTROS CICATRIZANTES;D03AX10;ENOXOLONA
D;DERMATOLÓGICOS;D03A;CICATRIZANTES;D03AX;OTROS CICATRIZANTES;D03AX11;CLORITO DE SODIO
D;DERMATOLÓGICOS;D03B;ENZIMAS;D03BA;ENZIMAS PROTEOLÍTICAS;D03BA01;TRIPSINA
D;DERMATOLÓGICOS;D03B;ENZIMAS;D03BA;ENZIMAS PROTEOLÍTICAS;D03BA02;COLAGENASA
D;DERMATOLÓGICOS;D03B;ENZIMAS;D03BA;ENZIMAS PROTEOLÍTICAS;D03BA52;COLAGENASA, COMBINACIONES
D;DERMATOLÓGICOS;D04A;ANTIPRURIGINOSOS, INCL. ANTIHISTAMÍNÍCOS, ANESTÉSICOS, ETC.;D04AA;ANTIHISTAMÍNICOS PARA USO TÓPICO;D04AA01;TONZILAMINA
D;DERMATOLÓGICOS;D04A;ANTIPRURIGINOSOS, INCL. ANTIHISTAMÍNÍCOS, ANESTÉSICOS, ETC.;D04AA;ANTIHISTAMÍNICOS PARA USO TÓPICO;D04AA02;MEPIRAMINA
D;DERMATOLÓGICOS;D04A;ANTIPRURIGINOSOS, INCL. ANTIHISTAMÍNÍCOS, ANESTÉSICOS, ETC.;D04AA;ANTIHISTAMÍNICOS PARA USO TÓPICO;D04AA03;TENALIDINA
D;DERMATOLÓGICOS;D04A;ANTIPRURIGINOSOS, INCL. ANTIHISTAMÍNÍCOS, ANESTÉSICOS, ETC.;D04AA;ANTIHISTAMÍNICOS PARA USO TÓPICO;D04AA04;TRIPELENAMINA
D;DERMATOLÓGICOS;D04A;ANTIPRURIGINOSOS, INCL. ANTIHISTAMÍNÍCOS, ANESTÉSICOS, ETC.;D04AA;ANTIHISTAMÍNICOS PARA USO TÓPICO;D04AA09;CLOROPIRAMINA
D;DERMATOLÓGICOS;D04A;ANTIPRURIGINOSOS, INCL. ANTIHISTAMÍNÍCOS, ANESTÉSICOS, ETC.;D04AA;ANTIHISTAMÍNICOS PARA USO TÓPICO;D04AA10;PROMETAZINA
D;DERMATOLÓGICOS;D04A;ANTIPRURIGINOSOS, INCL. ANTIHISTAMÍNÍCOS, ANESTÉSICOS, ETC.;D04AA;ANTIHISTAMÍNICOS PARA USO TÓPICO;D04AA12;TOLPROPAMINA
D;DERMATOLÓGICOS;D04A;ANTIPRURIGINOSOS, INCL. ANTIHISTAMÍNÍCOS, ANESTÉSICOS, ETC.;D04AA;ANTIHISTAMÍNICOS PARA USO TÓPICO;D04AA13;DIMETINDENO
D;DERMATOLÓGICOS;D04A;ANTIPRURIGINOSOS, INCL. ANTIHISTAMÍNÍCOS, ANESTÉSICOS, ETC.;D04AA;ANTIHISTAMÍNICOS PARA USO TÓPICO;D04AA14;CLEMASTINA
D;DERMATOLÓGICOS;D04A;ANTIPRURIGINOSOS, INCL. ANTIHISTAMÍNÍCOS, ANESTÉSICOS, ETC.;D04AA;ANTIHISTAMÍNICOS PARA USO TÓPICO;D04AA15;BAMIPINA
D;DERMATOLÓGICOS;D04A;ANTIPRURIGINOSOS, INCL. ANTIHISTAMÍNÍCOS, ANESTÉSICOS, ETC.;D04AA;ANTIHISTAMÍNICOS PARA USO TÓPICO;D04AA22;ISOTIPENDILO
D;DERMATOLÓGICOS;D04A;ANTIPRURIGINOSOS, INCL. ANTIHISTAMÍNÍCOS, ANESTÉSICOS, ETC.;D04AA;ANTIHISTAMÍNICOS PARA USO TÓPICO;D04AA32;DIFENHIDRAMINA
D;DERMATOLÓGICOS;D04A;ANTIPRURIGINOSOS, INCL. ANTIHISTAMÍNÍCOS, ANESTÉSICOS, ETC.;D04AA;ANTIHISTAMÍNICOS PARA USO TÓPICO;D04AA33;DIFENHIDRAMINA, METILBROMURO DE
D;DERMATOLÓGICOS;D04A;ANTIPRURIGINOSOS, INCL. ANTIHISTAMÍNÍCOS, ANESTÉSICOS, ETC.;D04AA;ANTIHISTAMÍNICOS PARA USO TÓPICO;D04AA34;CLORFENOXAMINA
D;DERMATOLÓGICOS;D04A;ANTIPRURIGINOSOS, INCL. ANTIHISTAMÍNÍCOS, ANESTÉSICOS, ETC.;D04AB;ANESTÉSICOS PARA USO TÓPICO;D04AB01;LIDOCAÍNA
D;DERMATOLÓGICOS;D04A;ANTIPRURIGINOSOS, INCL. ANTIHISTAMÍNÍCOS, ANESTÉSICOS, ETC.;D04AB;ANESTÉSICOS PARA USO TÓPICO;D04AB02;CINCOCAÍNA
D;DERMATOLÓGICOS;D04A;ANTIPRURIGINOSOS, INCL. ANTIHISTAMÍNÍCOS, ANESTÉSICOS, ETC.;D04AB;ANESTÉSICOS PARA USO TÓPICO;D04AB03;OXIBUPROCAÍNA
D;DERMATOLÓGICOS;D04A;ANTIPRURIGINOSOS, INCL. ANTIHISTAMÍNÍCOS, ANESTÉSICOS, ETC.;D04AB;ANESTÉSICOS PARA USO TÓPICO;D04AB04;BENZOCAÍNA
D;DERMATOLÓGICOS;D04A;ANTIPRURIGINOSOS, INCL. ANTIHISTAMÍNÍCOS, ANESTÉSICOS, ETC.;D04AB;ANESTÉSICOS PARA USO TÓPICO;D04AB05;QUINISOCAÍNA
D;DERMATOLÓGICOS;D04A;ANTIPRURIGINOSOS, INCL. ANTIHISTAMÍNÍCOS, ANESTÉSICOS, ETC.;D04AB;ANESTÉSICOS PARA USO TÓPICO;D04AB06;TETRACAÍNA
D;DERMATOLÓGICOS;D04A;ANTIPRURIGINOSOS, INCL. ANTIHISTAMÍNÍCOS, ANESTÉSICOS, ETC.;D04AB;ANESTÉSICOS PARA USO TÓPICO;D04AB07;PRAMOCAÍNA
D;DERMATOLÓGICOS;D05A;ANTIPSORIÁSICOS PARA USO TÓPICO;D05AC;DERIVADOS DEL ANTRACENO;D05AC01;DITRANOL
D;DERMATOLÓGICOS;D05A;ANTIPSORIÁSICOS PARA USO TÓPICO;D05AC;DERIVADOS DEL ANTRACENO;D05AC51;DITRANOL, COMBINACIONES
D;DERMATOLÓGICOS;D05A;ANTIPSORIÁSICOS PARA USO TÓPICO;D05AD;PSORALENOS PARA USO TÓPICO;D05AD01;TRIOXISALENO
D;DERMATOLÓGICOS;D05A;ANTIPSORIÁSICOS PARA USO TÓPICO;D05AD;PSORALENOS PARA USO TÓPICO;D05AD02;METOXSALENO
D;DERMATOLÓGICOS;D05A;ANTIPSORIÁSICOS PARA USO TÓPICO;D05AX;OTROS ANTIPSORIÁTICOS PARA USO TÓPICO;D05AX01;ÁCIDO FUMÁRICO
D;DERMATOLÓGICOS;D05A;ANTIPSORIÁSICOS PARA USO TÓPICO;D05AX;OTROS ANTIPSORIÁTICOS PARA USO TÓPICO;D05AX02;CALCIPOTRIOL
D;DERMATOLÓGICOS;D05A;ANTIPSORIÁSICOS PARA USO TÓPICO;D05AX;OTROS ANTIPSORIÁTICOS PARA USO TÓPICO;D05AX03;CALCITRIOL
D;DERMATOLÓGICOS;D05A;ANTIPSORIÁSICOS PARA USO TÓPICO;D05AX;OTROS ANTIPSORIÁTICOS PARA USO TÓPICO;D05AX04;TACALCITOL
D;DERMATOLÓGICOS;D05A;ANTIPSORIÁSICOS PARA USO TÓPICO;D05AX;OTROS ANTIPSORIÁTICOS PARA USO TÓPICO;D05AX05;TAZAROTENO
D;DERMATOLÓGICOS;D05A;ANTIPSORIÁSICOS PARA USO TÓPICO;D05AX;OTROS ANTIPSORIÁTICOS PARA USO TÓPICO;D05AX52;CALCIPOTRIOL, COMBINACIONES
D;DERMATOLÓGICOS;D05B;ANTIPSORIÁSICOS PARA USO SISTÉMICO;D05BA;PSORALENOS PARA USO SISTÉMICO;D05BA01;TRIOXISALENO
D;DERMATOLÓGICOS;D05B;ANTIPSORIÁSICOS PARA USO SISTÉMICO;D05BA;PSORALENOS PARA USO SISTÉMICO;D05BA02;METOXSALENO
D;DERMATOLÓGICOS;D05B;ANTIPSORIÁSICOS PARA USO SISTÉMICO;D05BA;PSORALENOS PARA USO SISTÉMICO;D05BA03;BERGAPTENO
D;DERMATOLÓGICOS;D05B;ANTIPSORIÁSICOS PARA USO SISTÉMICO;D05BB;RETINOIDES PARA EL TRATAMIENTO DE LA PSORIASIS;D05BB01;ETRETINATO
D;DERMATOLÓGICOS;D05B;ANTIPSORIÁSICOS PARA USO SISTÉMICO;D05BB;RETINOIDES PARA EL TRATAMIENTO DE LA PSORIASIS;D05BB02;ACITRETINA
D;DERMATOLÓGICOS;D05B;ANTIPSORIÁSICOS PARA USO SISTÉMICO;D05BX;OTROS ANTIPSORIÁTICOS PARA USO SISTÉMICO;D05BX51;ÁCIDO FUMÁRICO, DERIVADOS DEL, COMBINACIONES
D;DERMATOLÓGICOS;D06A;ANTIBIÓTICOS PARA USO TÓPICO;D06AA;TETRACICLINA Y DERIVADOS;D06AA01;DEMECLOCICLINA
D;DERMATOLÓGICOS;D06A;ANTIBIÓTICOS PARA USO TÓPICO;D06AA;TETRACICLINA Y DERIVADOS;D06AA02;CLORTETRACICLINA
D;DERMATOLÓGICOS;D06A;ANTIBIÓTICOS PARA USO TÓPICO;D06AA;TETRACICLINA Y DERIVADOS;D06AA03;OXITETRACICLINA
D;DERMATOLÓGICOS;D06A;ANTIBIÓTICOS PARA USO TÓPICO;D06AA;TETRACICLINA Y DERIVADOS;D06AA04;TETRACICLINA
D;DERMATOLÓGICOS;D06A;ANTIBIÓTICOS PARA USO TÓPICO;D06AX;OTROS ANTIBIÓTICOS PARA USO TÓPICO;D06AX01;ÁCIDO FUSÍDICO
D;DERMATOLÓGICOS;D06A;ANTIBIÓTICOS PARA USO TÓPICO;D06AX;OTROS ANTIBIÓTICOS PARA USO TÓPICO;D06AX02;CLORANFENICOL
D;DERMATOLÓGICOS;D06A;ANTIBIÓTICOS PARA USO TÓPICO;D06AX;OTROS ANTIBIÓTICOS PARA USO TÓPICO;D06AX04;NEOMICINA
D;DERMATOLÓGICOS;D06A;ANTIBIÓTICOS PARA USO TÓPICO;D06AX;OTROS ANTIBIÓTICOS PARA USO TÓPICO;D06AX05;BACITRACINA
D;DERMATOLÓGICOS;D06A;ANTIBIÓTICOS PARA USO TÓPICO;D06AX;OTROS ANTIBIÓTICOS PARA USO TÓPICO;D06AX07;GENTAMICINA
D;DERMATOLÓGICOS;D06A;ANTIBIÓTICOS PARA USO TÓPICO;D06AX;OTROS ANTIBIÓTICOS PARA USO TÓPICO;D06AX08;TIROTRICINA
D;DERMATOLÓGICOS;D06A;ANTIBIÓTICOS PARA USO TÓPICO;D06AX;OTROS ANTIBIÓTICOS PARA USO TÓPICO;D06AX09;MUPIROCINA
D;DERMATOLÓGICOS;D06A;ANTIBIÓTICOS PARA USO TÓPICO;D06AX;OTROS ANTIBIÓTICOS PARA USO TÓPICO;D06AX10;VIRGINIAMICINA
D;DERMATOLÓGICOS;D06A;ANTIBIÓTICOS PARA USO TÓPICO;D06AX;OTROS ANTIBIÓTICOS PARA USO TÓPICO;D06AX11;RIFAXIMINA
D;DERMATOLÓGICOS;D06A;ANTIBIÓTICOS PARA USO TÓPICO;D06AX;OTROS ANTIBIÓTICOS PARA USO TÓPICO;D06AX12;AMIKACINA
D;DERMATOLÓGICOS;D06A;ANTIBIÓTICOS PARA USO TÓPICO;D06AX;OTROS ANTIBIÓTICOS PARA USO TÓPICO;D06AX13;RETAPAMULINA
D;DERMATOLÓGICOS;D06B;QUIMIOTERÁPICOS PARA USO TÓPICO;D06BA;SULFONAMIDAS;D06BA01;SULFADIAZINA DE PLATA
D;DERMATOLÓGICOS;D06B;QUIMIOTERÁPICOS PARA USO TÓPICO;D06BA;SULFONAMIDAS;D06BA02;SULFATIAZOL
D;DERMATOLÓGICOS;D06B;QUIMIOTERÁPICOS PARA USO TÓPICO;D06BA;SULFONAMIDAS;D06BA03;MAFENIDA
D;DERMATOLÓGICOS;D06B;QUIMIOTERÁPICOS PARA USO TÓPICO;D06BA;SULFONAMIDAS;D06BA04;SULFAMETIZOL
D;DERMATOLÓGICOS;D06B;QUIMIOTERÁPICOS PARA USO TÓPICO;D06BA;SULFONAMIDAS;D06BA05;SULFANILAMIDA
D;DERMATOLÓGICOS;D06B;QUIMIOTERÁPICOS PARA USO TÓPICO;D06BA;SULFONAMIDAS;D06BA06;SULFAMERAZINA
D;DERMATOLÓGICOS;D06B;QUIMIOTERÁPICOS PARA USO TÓPICO;D06BA;SULFONAMIDAS;D06BA51;SULFADIAZINA DE PLATA, COMBINACIONES
D;DERMATOLÓGICOS;D06B;QUIMIOTERÁPICOS PARA USO TÓPICO;D06BB;ANTIVIRALES;D06BB01;IDOXURIDINA
D;DERMATOLÓGICOS;D06B;QUIMIOTERÁPICOS PARA USO TÓPICO;D06BB;ANTIVIRALES;D06BB02;TROMANTADINA
D;DERMATOLÓGICOS;D06B;QUIMIOTERÁPICOS PARA USO TÓPICO;D06BB;ANTIVIRALES;D06BB03;ACICLOVIR
D;DERMATOLÓGICOS;D06B;QUIMIOTERÁPICOS PARA USO TÓPICO;D06BB;ANTIVIRALES;D06BB04;PODOFILOTOXINA
D;DERMATOLÓGICOS;D06B;QUIMIOTERÁPICOS PARA USO TÓPICO;D06BB;ANTIVIRALES;D06BB05;INOSINA
D;DERMATOLÓGICOS;D06B;QUIMIOTERÁPICOS PARA USO TÓPICO;D06BB;ANTIVIRALES;D06BB06;PENCICLOVIR
D;DERMATOLÓGICOS;D06B;QUIMIOTERÁPICOS PARA USO TÓPICO;D06BB;ANTIVIRALES;D06BB07;LISOZIMA
D;DERMATOLÓGICOS;D06B;QUIMIOTERÁPICOS PARA USO TÓPICO;D06BB;ANTIVIRALES;D06BB08;IBACITABINA
D;DERMATOLÓGICOS;D06B;QUIMIOTERÁPICOS PARA USO TÓPICO;D06BB;ANTIVIRALES;D06BB09;EDOXUDINA
D;DERMATOLÓGICOS;D06B;QUIMIOTERÁPICOS PARA USO TÓPICO;D06BB;ANTIVIRALES;D06BB10;IMIQUIMOD
D;DERMATOLÓGICOS;D06B;QUIMIOTERÁPICOS PARA USO TÓPICO;D06BB;ANTIVIRALES;D06BB11;DOCOSANOL
D;DERMATOLÓGICOS;D06B;QUIMIOTERÁPICOS PARA USO TÓPICO;D06BB;ANTIVIRALES;D06BB12;SINECATECHINES
D;DERMATOLÓGICOS;D06B;QUIMIOTERÁPICOS PARA USO TÓPICO;D06BB;ANTIVIRALES;D06BB53;ACICLOVIR, COMBINACIONES
D;DERMATOLÓGICOS;D06B;QUIMIOTERÁPICOS PARA USO TÓPICO;D06BX;OTROS QUIMIOTERÁPICOS;D06BX01;METRONIDAZOL
D;DERMATOLÓGICOS;D06B;QUIMIOTERÁPICOS PARA USO TÓPICO;D06BX;OTROS QUIMIOTERÁPICOS;D06BX02;MEBUTATO DE INGENOL
D;DERMATOLÓGICOS;D07A;CORTICOSTEROIDES, MONOTERAPIA;D07AA;CORTICOSTEROIDES DE BAJA POTENCIA (GRUPO I);D07AA01;METILPREDNISOLONA
D;DERMATOLÓGICOS;D07A;CORTICOSTEROIDES, MONOTERAPIA;D07AA;CORTICOSTEROIDES DE BAJA POTENCIA (GRUPO I);D07AA02;HIDROCORTISONA
D;DERMATOLÓGICOS;D07A;CORTICOSTEROIDES, MONOTERAPIA;D07AA;CORTICOSTEROIDES DE BAJA POTENCIA (GRUPO I);D07AA03;PREDNISOLONA
D;DERMATOLÓGICOS;D07A;CORTICOSTEROIDES, MONOTERAPIA;D07AB;CORTICOSTEROIDES MODERADAMENTE POTENTES (GRUPO II);D07AB01;CLOBETASONA
D;DERMATOLÓGICOS;D07A;CORTICOSTEROIDES, MONOTERAPIA;D07AB;CORTICOSTEROIDES MODERADAMENTE POTENTES (GRUPO II);D07AB02;HIDROCORTISONA, BUTIRATO DE
D;DERMATOLÓGICOS;D07A;CORTICOSTEROIDES, MONOTERAPIA;D07AB;CORTICOSTEROIDES MODERADAMENTE POTENTES (GRUPO II);D07AB03;FLUMETASONA
D;DERMATOLÓGICOS;D07A;CORTICOSTEROIDES, MONOTERAPIA;D07AB;CORTICOSTEROIDES MODERADAMENTE POTENTES (GRUPO II);D07AB04;FLUOCORTINA
D;DERMATOLÓGICOS;D07A;CORTICOSTEROIDES, MONOTERAPIA;D07AB;CORTICOSTEROIDES MODERADAMENTE POTENTES (GRUPO II);D07AB05;FLUPEROLONA
D;DERMATOLÓGICOS;D07A;CORTICOSTEROIDES, MONOTERAPIA;D07AB;CORTICOSTEROIDES MODERADAMENTE POTENTES (GRUPO II);D07AB06;FLUOROMETOLONA
D;DERMATOLÓGICOS;D07A;CORTICOSTEROIDES, MONOTERAPIA;D07AB;CORTICOSTEROIDES MODERADAMENTE POTENTES (GRUPO II);D07AB07;FLUPREDNIDENO
D;DERMATOLÓGICOS;D07A;CORTICOSTEROIDES, MONOTERAPIA;D07AB;CORTICOSTEROIDES MODERADAMENTE POTENTES (GRUPO II);D07AB08;DESONIDA
D;DERMATOLÓGICOS;D07A;CORTICOSTEROIDES, MONOTERAPIA;D07AB;CORTICOSTEROIDES MODERADAMENTE POTENTES (GRUPO II);D07AB09;TRIAMCINOLONA
D;DERMATOLÓGICOS;D07A;CORTICOSTEROIDES, MONOTERAPIA;D07AB;CORTICOSTEROIDES MODERADAMENTE POTENTES (GRUPO II);D07AB10;ALCLOMETASONA
D;DERMATOLÓGICOS;D07A;CORTICOSTEROIDES, MONOTERAPIA;D07AB;CORTICOSTEROIDES MODERADAMENTE POTENTES (GRUPO II);D07AB11;HIDROCORTISONA, BUTEPRATO DE
D;DERMATOLÓGICOS;D07A;CORTICOSTEROIDES, MONOTERAPIA;D07AB;CORTICOSTEROIDES MODERADAMENTE POTENTES (GRUPO II);D07AB19;DEXAMETASONA
D;DERMATOLÓGICOS;D07A;CORTICOSTEROIDES, MONOTERAPIA;D07AB;CORTICOSTEROIDES MODERADAMENTE POTENTES (GRUPO II);D07AB21;CLOCORTOLONA
D;DERMATOLÓGICOS;D07A;CORTICOSTEROIDES, MONOTERAPIA;D07AB;CORTICOSTEROIDES MODERADAMENTE POTENTES (GRUPO II);D07AB30;COMBINACIONES DE CORTICOSTEROIDES
D;DERMATOLÓGICOS;D07A;CORTICOSTEROIDES, MONOTERAPIA;D07AC;CORTICOSTEROIDES  POTENTES (GRUPO III);D07AC01;BETAMETASONA
D;DERMATOLÓGICOS;D07A;CORTICOSTEROIDES, MONOTERAPIA;D07AC;CORTICOSTEROIDES  POTENTES (GRUPO III);D07AC02;FLUCLOROLONA
D;DERMATOLÓGICOS;D07A;CORTICOSTEROIDES, MONOTERAPIA;D07AC;CORTICOSTEROIDES  POTENTES (GRUPO III);D07AC03;DESOXIMETASONA
D;DERMATOLÓGICOS;D07A;CORTICOSTEROIDES, MONOTERAPIA;D07AC;CORTICOSTEROIDES  POTENTES (GRUPO III);D07AC04;FLUOCINOLONA, ACETÓNIDO DE
D;DERMATOLÓGICOS;D07A;CORTICOSTEROIDES, MONOTERAPIA;D07AC;CORTICOSTEROIDES  POTENTES (GRUPO III);D07AC05;FLUOCORTOLONA
D;DERMATOLÓGICOS;D07A;CORTICOSTEROIDES, MONOTERAPIA;D07AC;CORTICOSTEROIDES  POTENTES (GRUPO III);D07AC06;DIFLUCORTOLONA
D;DERMATOLÓGICOS;D07A;CORTICOSTEROIDES, MONOTERAPIA;D07AC;CORTICOSTEROIDES  POTENTES (GRUPO III);D07AC07;FLUDROXICORTIDA
D;DERMATOLÓGICOS;D07A;CORTICOSTEROIDES, MONOTERAPIA;D07AC;CORTICOSTEROIDES  POTENTES (GRUPO III);D07AC08;FLUOCINÓNIDA
D;DERMATOLÓGICOS;D07A;CORTICOSTEROIDES, MONOTERAPIA;D07AC;CORTICOSTEROIDES  POTENTES (GRUPO III);D07AC09;BUDESONIDA
D;DERMATOLÓGICOS;D07A;CORTICOSTEROIDES, MONOTERAPIA;D07AC;CORTICOSTEROIDES  POTENTES (GRUPO III);D07AC10;DIFLORASONA
D;DERMATOLÓGICOS;D07A;CORTICOSTEROIDES, MONOTERAPIA;D07AC;CORTICOSTEROIDES  POTENTES (GRUPO III);D07AC11;AMCINÓNIDA
D;DERMATOLÓGICOS;D07A;CORTICOSTEROIDES, MONOTERAPIA;D07AC;CORTICOSTEROIDES  POTENTES (GRUPO III);D07AC12;HALOMETASONA
D;DERMATOLÓGICOS;D07A;CORTICOSTEROIDES, MONOTERAPIA;D07AC;CORTICOSTEROIDES  POTENTES (GRUPO III);D07AC13;MOMETASONA
D;DERMATOLÓGICOS;D07A;CORTICOSTEROIDES, MONOTERAPIA;D07AC;CORTICOSTEROIDES  POTENTES (GRUPO III);D07AC14;METILPREDNISOLONA, ACEPONATO DE
D;DERMATOLÓGICOS;D07A;CORTICOSTEROIDES, MONOTERAPIA;D07AC;CORTICOSTEROIDES  POTENTES (GRUPO III);D07AC15;BECLOMETASONA
D;DERMATOLÓGICOS;D07A;CORTICOSTEROIDES, MONOTERAPIA;D07AC;CORTICOSTEROIDES  POTENTES (GRUPO III);D07AC16;HIDROCORTISONA, ACEPONATO DE
D;DERMATOLÓGICOS;D07A;CORTICOSTEROIDES, MONOTERAPIA;D07AC;CORTICOSTEROIDES  POTENTES (GRUPO III);D07AC17;FLUTICASONA
D;DERMATOLÓGICOS;D07A;CORTICOSTEROIDES, MONOTERAPIA;D07AC;CORTICOSTEROIDES  POTENTES (GRUPO III);D07AC18;PREDNICARBATO
D;DERMATOLÓGICOS;D07A;CORTICOSTEROIDES, MONOTERAPIA;D07AC;CORTICOSTEROIDES  POTENTES (GRUPO III);D07AC19;DIFLUPREDNATO
D;DERMATOLÓGICOS;D07A;CORTICOSTEROIDES, MONOTERAPIA;D07AC;CORTICOSTEROIDES  POTENTES (GRUPO III);D07AC21;ULOBETASOL
D;DERMATOLÓGICOS;D07A;CORTICOSTEROIDES, MONOTERAPIA;D07AD;CORTICOSTEROIDES MUY POTENTES (GRUPO IV);D07AD01;CLOBETASOL
D;DERMATOLÓGICOS;D07A;CORTICOSTEROIDES, MONOTERAPIA;D07AD;CORTICOSTEROIDES MUY POTENTES (GRUPO IV);D07AD02;HALCINONIDA
D;DERMATOLÓGICOS;D07B;CORTICOSTEROIDES EN COMBINACIÓN CON ANTISÉPTICOS;D07BA;CORTICOSTEROIDES DE BAJA POTENCIA EN COMBINACIÓN CON ANTISÉPTICOS;D07BA01;PREDNISOLONA CON ANTISÉPTICOS
D;DERMATOLÓGICOS;D07B;CORTICOSTEROIDES EN COMBINACIÓN CON ANTISÉPTICOS;D07BA;CORTICOSTEROIDES DE BAJA POTENCIA EN COMBINACIÓN CON ANTISÉPTICOS;D07BA04;HIDROCORTISONA CON ANTISÉPTICOS
D;DERMATOLÓGICOS;D07B;CORTICOSTEROIDES EN COMBINACIÓN CON ANTISÉPTICOS;D07BB;CORTICOSTEROIDES MODERADAMENTE POTENTES EN COMBINACIÓN CON ANTISÉPTICOS;D07BB01;FLUMETASONA CON ANTISÉPTICOS
D;DERMATOLÓGICOS;D07B;CORTICOSTEROIDES EN COMBINACIÓN CON ANTISÉPTICOS;D07BB;CORTICOSTEROIDES MODERADAMENTE POTENTES EN COMBINACIÓN CON ANTISÉPTICOS;D07BB02;DESONIDA CON ANTISÉPTICOS
D;DERMATOLÓGICOS;D07B;CORTICOSTEROIDES EN COMBINACIÓN CON ANTISÉPTICOS;D07BB;CORTICOSTEROIDES MODERADAMENTE POTENTES EN COMBINACIÓN CON ANTISÉPTICOS;D07BB03;TRIAMCINOLONA CON ANTISÉPTICOS
D;DERMATOLÓGICOS;D07B;CORTICOSTEROIDES EN COMBINACIÓN CON ANTISÉPTICOS;D07BB;CORTICOSTEROIDES MODERADAMENTE POTENTES EN COMBINACIÓN CON ANTISÉPTICOS;D07BB04;HIDROCORTISONA, BUTIRATO DE, CON ANTISÉPTICOS
D;DERMATOLÓGICOS;D07B;CORTICOSTEROIDES EN COMBINACIÓN CON ANTISÉPTICOS;D07BC;CORTICOSTEROIDES  POTENTES EN COMBINACIÓN CON ANTISÉPTICOS;D07BC01;BETAMETASONA CON ANTISÉPTICOS
D;DERMATOLÓGICOS;D07B;CORTICOSTEROIDES EN COMBINACIÓN CON ANTISÉPTICOS;D07BC;CORTICOSTEROIDES  POTENTES EN COMBINACIÓN CON ANTISÉPTICOS;D07BC02;FLUOCINOLONA, ACETÓNIDO DE, CON ANTISÉPTICOS
D;DERMATOLÓGICOS;D07B;CORTICOSTEROIDES EN COMBINACIÓN CON ANTISÉPTICOS;D07BC;CORTICOSTEROIDES  POTENTES EN COMBINACIÓN CON ANTISÉPTICOS;D07BC03;FLUOCORTOLONA CON ANTISÉPTICOS
D;DERMATOLÓGICOS;D07B;CORTICOSTEROIDES EN COMBINACIÓN CON ANTISÉPTICOS;D07BC;CORTICOSTEROIDES  POTENTES EN COMBINACIÓN CON ANTISÉPTICOS;D07BC04;DIFLUCORTOLONA CON ANTISÉPTICOS
D;DERMATOLÓGICOS;D07C;CORTICOSTEROIDES EN COMBINACIÓN CON ANTIBIÓTICOS;D07CA;CORTICOSTEROIDES DE BAJA  POTENCIA EN COMBINACIÓN CON ANTIBIÓTICOS;D07CA01;HIDROCORTISONA CON ANTIBIÓTICOS
D;DERMATOLÓGICOS;D07C;CORTICOSTEROIDES EN COMBINACIÓN CON ANTIBIÓTICOS;D07CA;CORTICOSTEROIDES DE BAJA  POTENCIA EN COMBINACIÓN CON ANTIBIÓTICOS;D07CA02;METILPREDNISOLONA CON ANTIBIÓTICOS
D;DERMATOLÓGICOS;D07C;CORTICOSTEROIDES EN COMBINACIÓN CON ANTIBIÓTICOS;D07CA;CORTICOSTEROIDES DE BAJA  POTENCIA EN COMBINACIÓN CON ANTIBIÓTICOS;D07CA03;PREDNISOLONA CON ANTIBIÓTICOS
D;DERMATOLÓGICOS;D07C;CORTICOSTEROIDES EN COMBINACIÓN CON ANTIBIÓTICOS;D07CB;CORTICOSTEROIDES MODERADAMENTE POTENTES EN COMBINACIÓN CON ANTIBIÓTICOS;D07CB01;TRIAMCINOLONA CON ANTIBIÓTICOS
D;DERMATOLÓGICOS;D07C;CORTICOSTEROIDES EN COMBINACIÓN CON ANTIBIÓTICOS;D07CB;CORTICOSTEROIDES MODERADAMENTE POTENTES EN COMBINACIÓN CON ANTIBIÓTICOS;D07CB02;FLUPREDNIDENO CON ANTIBIÓTICOS
D;DERMATOLÓGICOS;D07C;CORTICOSTEROIDES EN COMBINACIÓN CON ANTIBIÓTICOS;D07CB;CORTICOSTEROIDES MODERADAMENTE POTENTES EN COMBINACIÓN CON ANTIBIÓTICOS;D07CB03;FLUOROMETOLONA CON ANTIBIÓTICOS
D;DERMATOLÓGICOS;D07C;CORTICOSTEROIDES EN COMBINACIÓN CON ANTIBIÓTICOS;D07CB;CORTICOSTEROIDES MODERADAMENTE POTENTES EN COMBINACIÓN CON ANTIBIÓTICOS;D07CB04;DEXAMETASONA CON ANTIBIÓTICOS
D;DERMATOLÓGICOS;D07C;CORTICOSTEROIDES EN COMBINACIÓN CON ANTIBIÓTICOS;D07CB;CORTICOSTEROIDES MODERADAMENTE POTENTES EN COMBINACIÓN CON ANTIBIÓTICOS;D07CB05;FLUMETASONA CON ANTIBIÓTICOS
D;DERMATOLÓGICOS;D07C;CORTICOSTEROIDES EN COMBINACIÓN CON ANTIBIÓTICOS;D07CC;CORTICOSTEROIDES POTENTES EN COMBINACIÓN CON ANTIBIÓTICOS;D07CC01;BETAMETASONA CON ANTIBIÓTICOS
D;DERMATOLÓGICOS;D07C;CORTICOSTEROIDES EN COMBINACIÓN CON ANTIBIÓTICOS;D07CC;CORTICOSTEROIDES POTENTES EN COMBINACIÓN CON ANTIBIÓTICOS;D07CC02;FLUOCINOLONA CON ANTIBIÓTICOS
D;DERMATOLÓGICOS;D07C;CORTICOSTEROIDES EN COMBINACIÓN CON ANTIBIÓTICOS;D07CC;CORTICOSTEROIDES POTENTES EN COMBINACIÓN CON ANTIBIÓTICOS;D07CC03;FLUDROXICORTIDA CON ANTIBIÓTICOS
D;DERMATOLÓGICOS;D07C;CORTICOSTEROIDES EN COMBINACIÓN CON ANTIBIÓTICOS;D07CC;CORTICOSTEROIDES POTENTES EN COMBINACIÓN CON ANTIBIÓTICOS;D07CC04;BECLOMETASONA CON ANTIBIÓTICOS
D;DERMATOLÓGICOS;D07C;CORTICOSTEROIDES EN COMBINACIÓN CON ANTIBIÓTICOS;D07CC;CORTICOSTEROIDES POTENTES EN COMBINACIÓN CON ANTIBIÓTICOS;D07CC05;FLUOCINÓNIDA CON ANTIBIÓTICOS
D;DERMATOLÓGICOS;D07C;CORTICOSTEROIDES EN COMBINACIÓN CON ANTIBIÓTICOS;D07CC;CORTICOSTEROIDES POTENTES EN COMBINACIÓN CON ANTIBIÓTICOS;D07CC06;FLUOCORTOLONA CON ANTIBIÓTICOS
D;DERMATOLÓGICOS;D07C;CORTICOSTEROIDES EN COMBINACIÓN CON ANTIBIÓTICOS;D07CD;CORTICOSTEROIDES MUY POTENTES EN COMBINACIÓN CON ANTIBIÓTICOS;D07CD01;CLOBETASOL CON ANTIBIÓTICOS
D;DERMATOLÓGICOS;D07X;CORTICOSTEROIDES, OTRAS COMBINACIONES;D07XA;CORTICOSTEROIDES DE BAJA POTENCIA, OTRAS COMBINACIONES;D07XA01;HIDROCORTISONA
D;DERMATOLÓGICOS;D07X;CORTICOSTEROIDES, OTRAS COMBINACIONES;D07XA;CORTICOSTEROIDES DE BAJA POTENCIA, OTRAS COMBINACIONES;D07XA02;PREDNISOLONA
D;DERMATOLÓGICOS;D07X;CORTICOSTEROIDES, OTRAS COMBINACIONES;D07XB;CORTICOSTEROIDES MODERADAMENTE POTENTES, OTRAS COMBINACIONES;D07XB01;FLUMETASONA
D;DERMATOLÓGICOS;D07X;CORTICOSTEROIDES, OTRAS COMBINACIONES;D07XB;CORTICOSTEROIDES MODERADAMENTE POTENTES, OTRAS COMBINACIONES;D07XB02;TRIAMCINOLONA
D;DERMATOLÓGICOS;D07X;CORTICOSTEROIDES, OTRAS COMBINACIONES;D07XB;CORTICOSTEROIDES MODERADAMENTE POTENTES, OTRAS COMBINACIONES;D07XB03;FLUPREDNIDENO
D;DERMATOLÓGICOS;D07X;CORTICOSTEROIDES, OTRAS COMBINACIONES;D07XB;CORTICOSTEROIDES MODERADAMENTE POTENTES, OTRAS COMBINACIONES;D07XB04;FLUOROMETOLONA
D;DERMATOLÓGICOS;D07X;CORTICOSTEROIDES, OTRAS COMBINACIONES;D07XB;CORTICOSTEROIDES MODERADAMENTE POTENTES, OTRAS COMBINACIONES;D07XB05;DEXAMETASONA
D;DERMATOLÓGICOS;D07X;CORTICOSTEROIDES, OTRAS COMBINACIONES;D07XB;CORTICOSTEROIDES MODERADAMENTE POTENTES, OTRAS COMBINACIONES;D07XB30;COMBINACIONES DE CORTICOSTEROIDES
D;DERMATOLÓGICOS;D07X;CORTICOSTEROIDES, OTRAS COMBINACIONES;D07XC;CORTICOSTEROIDES  POTENTES, OTRAS COMBINACIONES;D07XC01;BETAMETASONA
D;DERMATOLÓGICOS;D07X;CORTICOSTEROIDES, OTRAS COMBINACIONES;D07XC;CORTICOSTEROIDES  POTENTES, OTRAS COMBINACIONES;D07XC02;DESOXIMETASONA
D;DERMATOLÓGICOS;D07X;CORTICOSTEROIDES, OTRAS COMBINACIONES;D07XC;CORTICOSTEROIDES  POTENTES, OTRAS COMBINACIONES;D07XC03;MOMETASONA
D;DERMATOLÓGICOS;D07X;CORTICOSTEROIDES, OTRAS COMBINACIONES;D07XC;CORTICOSTEROIDES  POTENTES, OTRAS COMBINACIONES;D07XC04;DIFLUCORTOLONA
D;DERMATOLÓGICOS;D08A;ANTISÉPTICOS Y DESINFECTANTES;D08AA;DERIVADOS DE LA ACRIDINA;D08AA01;ETACRIDINA, LACTATO DE
D;DERMATOLÓGICOS;D08A;ANTISÉPTICOS Y DESINFECTANTES;D08AA;DERIVADOS DE LA ACRIDINA;D08AA02;AMINOACRIDINA
D;DERMATOLÓGICOS;D08A;ANTISÉPTICOS Y DESINFECTANTES;D08AA;DERIVADOS DE LA ACRIDINA;D08AA03;EUFLAVINA
D;DERMATOLÓGICOS;D08A;ANTISÉPTICOS Y DESINFECTANTES;D08AC;BIGUANIDAS Y AMIDINAS;D08AC01;DIBROMPROPAMIDINA
D;DERMATOLÓGICOS;D08A;ANTISÉPTICOS Y DESINFECTANTES;D08AC;BIGUANIDAS Y AMIDINAS;D08AC02;CLORHEXIDINA
D;DERMATOLÓGICOS;D08A;ANTISÉPTICOS Y DESINFECTANTES;D08AC;BIGUANIDAS Y AMIDINAS;D08AC03;PROPAMIDINA
D;DERMATOLÓGICOS;D08A;ANTISÉPTICOS Y DESINFECTANTES;D08AC;BIGUANIDAS Y AMIDINAS;D08AC04;HEXAMIDINA
D;DERMATOLÓGICOS;D08A;ANTISÉPTICOS Y DESINFECTANTES;D08AC;BIGUANIDAS Y AMIDINAS;D08AC05;POLIHEXANIDA
D;DERMATOLÓGICOS;D08A;ANTISÉPTICOS Y DESINFECTANTES;D08AC;BIGUANIDAS Y AMIDINAS;D08AC52;CLORHEXIDINA, COMBINACIONES
D;DERMATOLÓGICOS;D08A;ANTISÉPTICOS Y DESINFECTANTES;D08AE;FENOL Y DERIVADOS;D08AE01;HEXACLOROFENO
D;DERMATOLÓGICOS;D08A;ANTISÉPTICOS Y DESINFECTANTES;D08AE;FENOL Y DERIVADOS;D08AE02;POLICRESULENO
D;DERMATOLÓGICOS;D08A;ANTISÉPTICOS Y DESINFECTANTES;D08AE;FENOL Y DERIVADOS;D08AE03;FENOL
D;DERMATOLÓGICOS;D08A;ANTISÉPTICOS Y DESINFECTANTES;D08AE;FENOL Y DERIVADOS;D08AE04;TRICLOSÁN
D;DERMATOLÓGICOS;D08A;ANTISÉPTICOS Y DESINFECTANTES;D08AE;FENOL Y DERIVADOS;D08AE05;CLOROXILENOL
D;DERMATOLÓGICOS;D08A;ANTISÉPTICOS Y DESINFECTANTES;D08AE;FENOL Y DERIVADOS;D08AE06;BIFENILOL
D;DERMATOLÓGICOS;D08A;ANTISÉPTICOS Y DESINFECTANTES;D08AF;DERIVADOS DEL NITROFURANO;D08AF01;NITROFURAL
D;DERMATOLÓGICOS;D08A;ANTISÉPTICOS Y DESINFECTANTES;D08AG;PRODUCTOS CON IODO;D08AG01;IODO/OCTILFENOXIPOLIGLICOLETER
D;DERMATOLÓGICOS;D08A;ANTISÉPTICOS Y DESINFECTANTES;D08AG;PRODUCTOS CON IODO;D08AG02;IODO POVIDONA
D;DERMATOLÓGICOS;D08A;ANTISÉPTICOS Y DESINFECTANTES;D08AG;PRODUCTOS CON IODO;D08AG03;IODO
D;DERMATOLÓGICOS;D08A;ANTISÉPTICOS Y DESINFECTANTES;D08AG;PRODUCTOS CON IODO;D08AG04;DIIODOHIDROXIPROPANO
D;DERMATOLÓGICOS;D08A;ANTISÉPTICOS Y DESINFECTANTES;D08AH;DERIVADOS DE LA QUINOLINA;D08AH01;DECUALINIO
D;DERMATOLÓGICOS;D08A;ANTISÉPTICOS Y DESINFECTANTES;D08AH;DERIVADOS DE LA QUINOLINA;D08AH02;CLORQUINALDOL
D;DERMATOLÓGICOS;D08A;ANTISÉPTICOS Y DESINFECTANTES;D08AH;DERIVADOS DE LA QUINOLINA;D08AH03;OXIQUINOLINA
D;DERMATOLÓGICOS;D08A;ANTISÉPTICOS Y DESINFECTANTES;D08AH;DERIVADOS DE LA QUINOLINA;D08AH30;CLIOQUINOL
D;DERMATOLÓGICOS;D08A;ANTISÉPTICOS Y DESINFECTANTES;D08AJ;COMPUESTOS DE AMONIO CUATERNARIO;D08AJ01;BENZALCONIO
D;DERMATOLÓGICOS;D08A;ANTISÉPTICOS Y DESINFECTANTES;D08AJ;COMPUESTOS DE AMONIO CUATERNARIO;D08AJ02;CETRIMONIO
D;DERMATOLÓGICOS;D08A;ANTISÉPTICOS Y DESINFECTANTES;D08AJ;COMPUESTOS DE AMONIO CUATERNARIO;D08AJ03;CETILPIRIDINIO
D;DERMATOLÓGICOS;D08A;ANTISÉPTICOS Y DESINFECTANTES;D08AJ;COMPUESTOS DE AMONIO CUATERNARIO;D08AJ04;CETRIMIDA
D;DERMATOLÓGICOS;D08A;ANTISÉPTICOS Y DESINFECTANTES;D08AJ;COMPUESTOS DE AMONIO CUATERNARIO;D08AJ05;CLORURO DE BENZOXONIO
D;DERMATOLÓGICOS;D08A;ANTISÉPTICOS Y DESINFECTANTES;D08AJ;COMPUESTOS DE AMONIO CUATERNARIO;D08AJ06;CLORURO DE DIDECILDIMETILAMONIO
D;DERMATOLÓGICOS;D08A;ANTISÉPTICOS Y DESINFECTANTES;D08AJ;COMPUESTOS DE AMONIO CUATERNARIO;D08AJ08;CLORURO DE BENCETONIO
D;DERMATOLÓGICOS;D08A;ANTISÉPTICOS Y DESINFECTANTES;D08AJ;COMPUESTOS DE AMONIO CUATERNARIO;D08AJ57;OCTENIDINA, COMBINACIONES
D;DERMATOLÓGICOS;D08A;ANTISÉPTICOS Y DESINFECTANTES;D08AJ;COMPUESTOS DE AMONIO CUATERNARIO;D08AJ58;CLORURO DE BENCETONIO, COMBINACIONES
D;DERMATOLÓGICOS;D08A;ANTISÉPTICOS Y DESINFECTANTES;D08AJ;COMPUESTOS DE AMONIO CUATERNARIO;D08AJ59;DODECLONIO BROMURO DE, COMBINACIONES
D;DERMATOLÓGICOS;D08A;ANTISÉPTICOS Y DESINFECTANTES;D08AK;PRODUCTOS MERCURIALES;D08AK01;MERCÚRICO AMIDOCLORURO
D;DERMATOLÓGICOS;D08A;ANTISÉPTICOS Y DESINFECTANTES;D08AK;PRODUCTOS MERCURIALES;D08AK02;FENILMERCÚRICO BORATO
D;DERMATOLÓGICOS;D08A;ANTISÉPTICOS Y DESINFECTANTES;D08AK;PRODUCTOS MERCURIALES;D08AK03;MERCÚRICO CLORURO
D;DERMATOLÓGICOS;D08A;ANTISÉPTICOS Y DESINFECTANTES;D08AK;PRODUCTOS MERCURIALES;D08AK04;MERCUROCROMO
D;DERMATOLÓGICOS;D08A;ANTISÉPTICOS Y DESINFECTANTES;D08AK;PRODUCTOS MERCURIALES;D08AK05;MERCURIO METÁLICO
D;DERMATOLÓGICOS;D08A;ANTISÉPTICOS Y DESINFECTANTES;D08AK;PRODUCTOS MERCURIALES;D08AK06;TIOMERSAL
D;DERMATOLÓGICOS;D08A;ANTISÉPTICOS Y DESINFECTANTES;D08AK;PRODUCTOS MERCURIALES;D08AK30;MERCÚRICO IODURO
D;DERMATOLÓGICOS;D08A;ANTISÉPTICOS Y DESINFECTANTES;D08AL;COMPUESTOS DE PLATA;D08AL01;NITRATO DE PLATA
D;DERMATOLÓGICOS;D08A;ANTISÉPTICOS Y DESINFECTANTES;D08AL;COMPUESTOS DE PLATA;D08AL30;PLATA
D;DERMATOLÓGICOS;D08A;ANTISÉPTICOS Y DESINFECTANTES;D08AX;OTROS ANTISÉPTICOS Y DESINFECTANTES;D08AX01;PERÓXIDO DE HIDRÓGENO
D;DERMATOLÓGICOS;D08A;ANTISÉPTICOS Y DESINFECTANTES;D08AX;OTROS ANTISÉPTICOS Y DESINFECTANTES;D08AX02;EOSINA
D;DERMATOLÓGICOS;D08A;ANTISÉPTICOS Y DESINFECTANTES;D08AX;OTROS ANTISÉPTICOS Y DESINFECTANTES;D08AX03;PROPANOL
D;DERMATOLÓGICOS;D08A;ANTISÉPTICOS Y DESINFECTANTES;D08AX;OTROS ANTISÉPTICOS Y DESINFECTANTES;D08AX04;TOSILCLORAMIDA DE SODIO
D;DERMATOLÓGICOS;D08A;ANTISÉPTICOS Y DESINFECTANTES;D08AX;OTROS ANTISÉPTICOS Y DESINFECTANTES;D08AX05;ISOPROPANOL
D;DERMATOLÓGICOS;D08A;ANTISÉPTICOS Y DESINFECTANTES;D08AX;OTROS ANTISÉPTICOS Y DESINFECTANTES;D08AX06;PERMANGANATO DE POTASIO
D;DERMATOLÓGICOS;D08A;ANTISÉPTICOS Y DESINFECTANTES;D08AX;OTROS ANTISÉPTICOS Y DESINFECTANTES;D08AX07;HIPOCLORITO DE SODIO
D;DERMATOLÓGICOS;D08A;ANTISÉPTICOS Y DESINFECTANTES;D08AX;OTROS ANTISÉPTICOS Y DESINFECTANTES;D08AX08;ETANOL
D;DERMATOLÓGICOS;D08A;ANTISÉPTICOS Y DESINFECTANTES;D08AX;OTROS ANTISÉPTICOS Y DESINFECTANTES;D08AX53;PROPANOL, COMBINACIONES
D;DERMATOLÓGICOS;D09A;APÓSITOS CON MEDICAMENTOS;D09AA;APÓSITOS CON POMADA CON ANTIINFECCIOSOS;D09AA01;FRAMICETINA
D;DERMATOLÓGICOS;D09A;APÓSITOS CON MEDICAMENTOS;D09AA;APÓSITOS CON POMADA CON ANTIINFECCIOSOS;D09AA02;ÁCIDO FUSÍDICO
D;DERMATOLÓGICOS;D09A;APÓSITOS CON MEDICAMENTOS;D09AA;APÓSITOS CON POMADA CON ANTIINFECCIOSOS;D09AA03;NITROFURAL
D;DERMATOLÓGICOS;D09A;APÓSITOS CON MEDICAMENTOS;D09AA;APÓSITOS CON POMADA CON ANTIINFECCIOSOS;D09AA04;FENILMERCÚRICO NITRATO
D;DERMATOLÓGICOS;D09A;APÓSITOS CON MEDICAMENTOS;D09AA;APÓSITOS CON POMADA CON ANTIINFECCIOSOS;D09AA05;BENZODODECINIO
D;DERMATOLÓGICOS;D09A;APÓSITOS CON MEDICAMENTOS;D09AA;APÓSITOS CON POMADA CON ANTIINFECCIOSOS;D09AA06;TRICLOSÁN
D;DERMATOLÓGICOS;D09A;APÓSITOS CON MEDICAMENTOS;D09AA;APÓSITOS CON POMADA CON ANTIINFECCIOSOS;D09AA07;CETILPIRIDINIO
D;DERMATOLÓGICOS;D09A;APÓSITOS CON MEDICAMENTOS;D09AA;APÓSITOS CON POMADA CON ANTIINFECCIOSOS;D09AA08;CLORHIDRATO DE ALUMINIO
D;DERMATOLÓGICOS;D09A;APÓSITOS CON MEDICAMENTOS;D09AA;APÓSITOS CON POMADA CON ANTIINFECCIOSOS;D09AA09;IODO POVIDONA
D;DERMATOLÓGICOS;D09A;APÓSITOS CON MEDICAMENTOS;D09AA;APÓSITOS CON POMADA CON ANTIINFECCIOSOS;D09AA10;CLIOQUINOL
D;DERMATOLÓGICOS;D09A;APÓSITOS CON MEDICAMENTOS;D09AA;APÓSITOS CON POMADA CON ANTIINFECCIOSOS;D09AA11;BENZALCONIO
D;DERMATOLÓGICOS;D09A;APÓSITOS CON MEDICAMENTOS;D09AA;APÓSITOS CON POMADA CON ANTIINFECCIOSOS;D09AA12;CLORHEXIDINA
D;DERMATOLÓGICOS;D09A;APÓSITOS CON MEDICAMENTOS;D09AA;APÓSITOS CON POMADA CON ANTIINFECCIOSOS;D09AA13;IODOFORM
D;DERMATOLÓGICOS;D09A;APÓSITOS CON MEDICAMENTOS;D09AB;VENDAJES CON ZINC;D09AB01;ZINC, VENDAJES CON, SIN SUPLEMENTOS
D;DERMATOLÓGICOS;D09A;APÓSITOS CON MEDICAMENTOS;D09AB;VENDAJES CON ZINC;D09AB02;ZINC, VENDAJES CON, CON SUPLEMENTOS
D;DERMATOLÓGICOS;D10A;PREPARADOS ANTIACNÉ PARA USO TÓPICO;D10AA;COMBINACIONES CON CORTICOSTEROIDES PARA EL TRATAMIENTO DEL ACNÉ;D10AA01;FLUOROMETOLONA
D;DERMATOLÓGICOS;D10A;PREPARADOS ANTIACNÉ PARA USO TÓPICO;D10AA;COMBINACIONES CON CORTICOSTEROIDES PARA EL TRATAMIENTO DEL ACNÉ;D10AA02;METILPREDNISOLONA
D;DERMATOLÓGICOS;D10A;PREPARADOS ANTIACNÉ PARA USO TÓPICO;D10AA;COMBINACIONES CON CORTICOSTEROIDES PARA EL TRATAMIENTO DEL ACNÉ;D10AA03;DEXAMETASONA
D;DERMATOLÓGICOS;D10A;PREPARADOS ANTIACNÉ PARA USO TÓPICO;D10AB;PREPARADOS QUE CONTIENEN AZUFRE;D10AB01;BITIONOL
D;DERMATOLÓGICOS;D10A;PREPARADOS ANTIACNÉ PARA USO TÓPICO;D10AB;PREPARADOS QUE CONTIENEN AZUFRE;D10AB02;AZUFRE
D;DERMATOLÓGICOS;D10A;PREPARADOS ANTIACNÉ PARA USO TÓPICO;D10AB;PREPARADOS QUE CONTIENEN AZUFRE;D10AB03;TIOXOLONA
D;DERMATOLÓGICOS;D10A;PREPARADOS ANTIACNÉ PARA USO TÓPICO;D10AB;PREPARADOS QUE CONTIENEN AZUFRE;D10AB05;MESULFENO
D;DERMATOLÓGICOS;D10A;PREPARADOS ANTIACNÉ PARA USO TÓPICO;D10AD;RETINOIDES PARA USO TÓPICO EN ACNÉ;D10AD01;TRETINOÍNA
D;DERMATOLÓGICOS;D10A;PREPARADOS ANTIACNÉ PARA USO TÓPICO;D10AD;RETINOIDES PARA USO TÓPICO EN ACNÉ;D10AD02;RETINOL
D;DERMATOLÓGICOS;D10A;PREPARADOS ANTIACNÉ PARA USO TÓPICO;D10AD;RETINOIDES PARA USO TÓPICO EN ACNÉ;D10AD03;ADAPALENO
D;DERMATOLÓGICOS;D10A;PREPARADOS ANTIACNÉ PARA USO TÓPICO;D10AD;RETINOIDES PARA USO TÓPICO EN ACNÉ;D10AD04;ISOTRETINOÍNA
D;DERMATOLÓGICOS;D10A;PREPARADOS ANTIACNÉ PARA USO TÓPICO;D10AD;RETINOIDES PARA USO TÓPICO EN ACNÉ;D10AD05;MOTRETINIDA
D;DERMATOLÓGICOS;D10A;PREPARADOS ANTIACNÉ PARA USO TÓPICO;D10AD;RETINOIDES PARA USO TÓPICO EN ACNÉ;D10AD51;TRETINOÍNA, COMBINACIONES
D;DERMATOLÓGICOS;D10A;PREPARADOS ANTIACNÉ PARA USO TÓPICO;D10AD;RETINOIDES PARA USO TÓPICO EN ACNÉ;D10AD53;ADAPALENO, COMBINACIONES
D;DERMATOLÓGICOS;D10A;PREPARADOS ANTIACNÉ PARA USO TÓPICO;D10AD;RETINOIDES PARA USO TÓPICO EN ACNÉ;D10AD54;ISOTRETINOÍNA, COMBINACIONES
D;DERMATOLÓGICOS;D10A;PREPARADOS ANTIACNÉ PARA USO TÓPICO;D10AE;PERÓXIDOS;D10AE01;PERÓXIDO DE BENZOÍLO
D;DERMATOLÓGICOS;D10A;PREPARADOS ANTIACNÉ PARA USO TÓPICO;D10AE;PERÓXIDOS;D10AE51;PERÓXIDO DE BENZOÍLO, COMBINACIONES
D;DERMATOLÓGICOS;D10A;PREPARADOS ANTIACNÉ PARA USO TÓPICO;D10AF;ANTIINFECCIOSOS PARA EL TRATAMIENTO DEL ACNÉ;D10AF01;CLINDAMICINA
D;DERMATOLÓGICOS;D10A;PREPARADOS ANTIACNÉ PARA USO TÓPICO;D10AF;ANTIINFECCIOSOS PARA EL TRATAMIENTO DEL ACNÉ;D10AF02;ERITROMICINA
D;DERMATOLÓGICOS;D10A;PREPARADOS ANTIACNÉ PARA USO TÓPICO;D10AF;ANTIINFECCIOSOS PARA EL TRATAMIENTO DEL ACNÉ;D10AF03;CLORANFENICOL
D;DERMATOLÓGICOS;D10A;PREPARADOS ANTIACNÉ PARA USO TÓPICO;D10AF;ANTIINFECCIOSOS PARA EL TRATAMIENTO DEL ACNÉ;D10AF04;MECLOCICLINA
D;DERMATOLÓGICOS;D10A;PREPARADOS ANTIACNÉ PARA USO TÓPICO;D10AF;ANTIINFECCIOSOS PARA EL TRATAMIENTO DEL ACNÉ;D10AF51;CLINDAMICINA, COMBINACIONES
D;DERMATOLÓGICOS;D10A;PREPARADOS ANTIACNÉ PARA USO TÓPICO;D10AF;ANTIINFECCIOSOS PARA EL TRATAMIENTO DEL ACNÉ;D10AF52;ERITROMICINA, COMBINACIONES CON
D;DERMATOLÓGICOS;D10A;PREPARADOS ANTIACNÉ PARA USO TÓPICO;D10AX;OTROS PREPARADOS ANTIACNÉ PARA USO TÓPICO;D10AX01;CLORURO DE ALUMINIO
D;DERMATOLÓGICOS;D10A;PREPARADOS ANTIACNÉ PARA USO TÓPICO;D10AX;OTROS PREPARADOS ANTIACNÉ PARA USO TÓPICO;D10AX02;RESORCINOL
D;DERMATOLÓGICOS;D10A;PREPARADOS ANTIACNÉ PARA USO TÓPICO;D10AX;OTROS PREPARADOS ANTIACNÉ PARA USO TÓPICO;D10AX03;ÁCIDO AZELAICO
D;DERMATOLÓGICOS;D10A;PREPARADOS ANTIACNÉ PARA USO TÓPICO;D10AX;OTROS PREPARADOS ANTIACNÉ PARA USO TÓPICO;D10AX04;ÓXIDO DE ALUMINO
D;DERMATOLÓGICOS;D10A;PREPARADOS ANTIACNÉ PARA USO TÓPICO;D10AX;OTROS PREPARADOS ANTIACNÉ PARA USO TÓPICO;D10AX05;DAPSONA
D;DERMATOLÓGICOS;D10A;PREPARADOS ANTIACNÉ PARA USO TÓPICO;D10AX;OTROS PREPARADOS ANTIACNÉ PARA USO TÓPICO;D10AX30;VARIAS COMBINACIONES
D;DERMATOLÓGICOS;D10B;PREPARADOS ANTIACNÉ PARA USO SISTÉMICO;D10BA;RETINOIDES PARA EL TRATAMIENTO DEL  ACNÉ;D10BA01;ISOTRETINOÍNA
D;DERMATOLÓGICOS;D10B;PREPARADOS ANTIACNÉ PARA USO SISTÉMICO;D10BX;OTROS PREPARADOS ANTI-ACNÉ PARA USO SISTÉMICO;D10BX01;ICTASOL
D;DERMATOLÓGICOS;D11A;OTROS PREPARADOS DERMATOLÓGICOS;D11AC;CHAMPÚES  MEDICINALES;D11AC01;CETRIMIDA
D;DERMATOLÓGICOS;D11A;OTROS PREPARADOS DERMATOLÓGICOS;D11AC;CHAMPÚES  MEDICINALES;D11AC02;CADMIO, COMPUESTOS CON
D;DERMATOLÓGICOS;D11A;OTROS PREPARADOS DERMATOLÓGICOS;D11AC;CHAMPÚES  MEDICINALES;D11AC03;SELENIO, COMPUESTOS CON
D;DERMATOLÓGICOS;D11A;OTROS PREPARADOS DERMATOLÓGICOS;D11AC;CHAMPÚES  MEDICINALES;D11AC06;IODO POVIDONA
D;DERMATOLÓGICOS;D11A;OTROS PREPARADOS DERMATOLÓGICOS;D11AC;CHAMPÚES  MEDICINALES;D11AC08;AZUFRE, COMPUESTOS CON
D;DERMATOLÓGICOS;D11A;OTROS PREPARADOS DERMATOLÓGICOS;D11AC;CHAMPÚES  MEDICINALES;D11AC09;XENISALATO
D;DERMATOLÓGICOS;D11A;OTROS PREPARADOS DERMATOLÓGICOS;D11AC;CHAMPÚES  MEDICINALES;D11AC30;OTROS
D;DERMATOLÓGICOS;D11A;OTROS PREPARADOS DERMATOLÓGICOS;D11AE;ANDRÓGENOS PARA USO TÓPICO;D11AE01;METANDIENONA
D;DERMATOLÓGICOS;D11A;OTROS PREPARADOS DERMATOLÓGICOS;D11AH;AGENTES DE LA DERMATITIS, EXCEPTUANDO LOS CORTICOSTEROIDES;D11AH01;TACROLIMO
D;DERMATOLÓGICOS;D11A;OTROS PREPARADOS DERMATOLÓGICOS;D11AH;AGENTES DE LA DERMATITIS, EXCEPTUANDO LOS CORTICOSTEROIDES;D11AH02;PIMECROLIMUS
D;DERMATOLÓGICOS;D11A;OTROS PREPARADOS DERMATOLÓGICOS;D11AH;AGENTES DE LA DERMATITIS, EXCEPTUANDO LOS CORTICOSTEROIDES;D11AH03;ÁCIDO CROMOGLÍCICO
D;DERMATOLÓGICOS;D11A;OTROS PREPARADOS DERMATOLÓGICOS;D11AH;AGENTES DE LA DERMATITIS, EXCEPTUANDO LOS CORTICOSTEROIDES;D11AH04;ALITRETINOÍNA
D;DERMATOLÓGICOS;D11A;OTROS PREPARADOS DERMATOLÓGICOS;D11AX;OTROS PRODUCTOS DERMATOLÓGICOS;D11AX01;MINOXIDIL
D;DERMATOLÓGICOS;D11A;OTROS PREPARADOS DERMATOLÓGICOS;D11AX;OTROS PRODUCTOS DERMATOLÓGICOS;D11AX02;ÁCIDO GAMOLÉNICO
D;DERMATOLÓGICOS;D11A;OTROS PREPARADOS DERMATOLÓGICOS;D11AX;OTROS PRODUCTOS DERMATOLÓGICOS;D11AX03;GLUCONATO DE CALCIO
D;DERMATOLÓGICOS;D11A;OTROS PREPARADOS DERMATOLÓGICOS;D11AX;OTROS PRODUCTOS DERMATOLÓGICOS;D11AX04;SUCCINATO DE LITIO
D;DERMATOLÓGICOS;D11A;OTROS PREPARADOS DERMATOLÓGICOS;D11AX;OTROS PRODUCTOS DERMATOLÓGICOS;D11AX05;SULFATO DE MAGNESIO
D;DERMATOLÓGICOS;D11A;OTROS PREPARADOS DERMATOLÓGICOS;D11AX;OTROS PRODUCTOS DERMATOLÓGICOS;D11AX06;MEQUINOL
D;DERMATOLÓGICOS;D11A;OTROS PREPARADOS DERMATOLÓGICOS;D11AX;OTROS PRODUCTOS DERMATOLÓGICOS;D11AX08;TIRATRICOL
D;DERMATOLÓGICOS;D11A;OTROS PREPARADOS DERMATOLÓGICOS;D11AX;OTROS PRODUCTOS DERMATOLÓGICOS;D11AX09;OXACEPROL
D;DERMATOLÓGICOS;D11A;OTROS PREPARADOS DERMATOLÓGICOS;D11AX;OTROS PRODUCTOS DERMATOLÓGICOS;D11AX10;FINASTERIDA
D;DERMATOLÓGICOS;D11A;OTROS PREPARADOS DERMATOLÓGICOS;D11AX;OTROS PRODUCTOS DERMATOLÓGICOS;D11AX11;HIDROQUINONA
D;DERMATOLÓGICOS;D11A;OTROS PREPARADOS DERMATOLÓGICOS;D11AX;OTROS PRODUCTOS DERMATOLÓGICOS;D11AX12;PIRITIONA CINCICA
D;DERMATOLÓGICOS;D11A;OTROS PREPARADOS DERMATOLÓGICOS;D11AX;OTROS PRODUCTOS DERMATOLÓGICOS;D11AX13;MONOBENZONA
D;DERMATOLÓGICOS;D11A;OTROS PREPARADOS DERMATOLÓGICOS;D11AX;OTROS PRODUCTOS DERMATOLÓGICOS;D11AX16;EFLORNITINA
D;DERMATOLÓGICOS;D11A;OTROS PREPARADOS DERMATOLÓGICOS;D11AX;OTROS PRODUCTOS DERMATOLÓGICOS;D11AX18;DICLOFENACO
D;DERMATOLÓGICOS;D11A;OTROS PREPARADOS DERMATOLÓGICOS;D11AX;OTROS PRODUCTOS DERMATOLÓGICOS;D11AX52;ÁCIDO GAMOLÉNICO, COMBINACIONES
D;DERMATOLÓGICOS;D11A;OTROS PREPARADOS DERMATOLÓGICOS;D11AX;OTROS PRODUCTOS DERMATOLÓGICOS;D11AX57;COLÁGENO, COMBINACIONES
G;SISTEMA GENITOURINARIO Y HORMONAS SEXUALES;G01A;ANTIINFECCIOSOS Y ANTISÉPTICOS EXCLUIDOS COMBINACIONES CON CORTICOSTEROIDES;G01AA;ANTIBIÓTICOS;G01AA01;NISTATINA
G;SISTEMA GENITOURINARIO Y HORMONAS SEXUALES;G01A;ANTIINFECCIOSOS Y ANTISÉPTICOS EXCLUIDOS COMBINACIONES CON CORTICOSTEROIDES;G01AA;ANTIBIÓTICOS;G01AA02;NATAMICINA
G;SISTEMA GENITOURINARIO Y HORMONAS SEXUALES;G01A;ANTIINFECCIOSOS Y ANTISÉPTICOS EXCLUIDOS COMBINACIONES CON CORTICOSTEROIDES;G01AA;ANTIBIÓTICOS;G01AA03;AMFOTERICINA B
G;SISTEMA GENITOURINARIO Y HORMONAS SEXUALES;G01A;ANTIINFECCIOSOS Y ANTISÉPTICOS EXCLUIDOS COMBINACIONES CON CORTICOSTEROIDES;G01AA;ANTIBIÓTICOS;G01AA04;CANDICIDINA
G;SISTEMA GENITOURINARIO Y HORMONAS SEXUALES;G01A;ANTIINFECCIOSOS Y ANTISÉPTICOS EXCLUIDOS COMBINACIONES CON CORTICOSTEROIDES;G01AA;ANTIBIÓTICOS;G01AA05;CLORANFENICOL
G;SISTEMA GENITOURINARIO Y HORMONAS SEXUALES;G01A;ANTIINFECCIOSOS Y ANTISÉPTICOS EXCLUIDOS COMBINACIONES CON CORTICOSTEROIDES;G01AA;ANTIBIÓTICOS;G01AA06;HACHIMICINA
G;SISTEMA GENITOURINARIO Y HORMONAS SEXUALES;G01A;ANTIINFECCIOSOS Y ANTISÉPTICOS EXCLUIDOS COMBINACIONES CON CORTICOSTEROIDES;G01AA;ANTIBIÓTICOS;G01AA07;OXITETRACICLINA
G;SISTEMA GENITOURINARIO Y HORMONAS SEXUALES;G01A;ANTIINFECCIOSOS Y ANTISÉPTICOS EXCLUIDOS COMBINACIONES CON CORTICOSTEROIDES;G01AA;ANTIBIÓTICOS;G01AA08;CARFECILINA
G;SISTEMA GENITOURINARIO Y HORMONAS SEXUALES;G01A;ANTIINFECCIOSOS Y ANTISÉPTICOS EXCLUIDOS COMBINACIONES CON CORTICOSTEROIDES;G01AA;ANTIBIÓTICOS;G01AA09;MEPARTRICINA
G;SISTEMA GENITOURINARIO Y HORMONAS SEXUALES;G01A;ANTIINFECCIOSOS Y ANTISÉPTICOS EXCLUIDOS COMBINACIONES CON CORTICOSTEROIDES;G01AA;ANTIBIÓTICOS;G01AA10;CLINDAMICINA
G;SISTEMA GENITOURINARIO Y HORMONAS SEXUALES;G01A;ANTIINFECCIOSOS Y ANTISÉPTICOS EXCLUIDOS COMBINACIONES CON CORTICOSTEROIDES;G01AA;ANTIBIÓTICOS;G01AA11;PENTAMICINA
G;SISTEMA GENITOURINARIO Y HORMONAS SEXUALES;G01A;ANTIINFECCIOSOS Y ANTISÉPTICOS EXCLUIDOS COMBINACIONES CON CORTICOSTEROIDES;G01AA;ANTIBIÓTICOS;G01AA51;NISTATINA, COMBINACIONES
G;SISTEMA GENITOURINARIO Y HORMONAS SEXUALES;G01A;ANTIINFECCIOSOS Y ANTISÉPTICOS EXCLUIDOS COMBINACIONES CON CORTICOSTEROIDES;G01AB;COMPUESTOS DE ARSÉNICO;G01AB01;ACETARSOL
G;SISTEMA GENITOURINARIO Y HORMONAS SEXUALES;G01A;ANTIINFECCIOSOS Y ANTISÉPTICOS EXCLUIDOS COMBINACIONES CON CORTICOSTEROIDES;G01AC;DERIVADOS DE LA QUINOLINA;G01AC01;DIIODOHIDROXIQUINOLEÍNA
G;SISTEMA GENITOURINARIO Y HORMONAS SEXUALES;G01A;ANTIINFECCIOSOS Y ANTISÉPTICOS EXCLUIDOS COMBINACIONES CON CORTICOSTEROIDES;G01AC;DERIVADOS DE LA QUINOLINA;G01AC02;CLIOQUINOL
G;SISTEMA GENITOURINARIO Y HORMONAS SEXUALES;G01A;ANTIINFECCIOSOS Y ANTISÉPTICOS EXCLUIDOS COMBINACIONES CON CORTICOSTEROIDES;G01AC;DERIVADOS DE LA QUINOLINA;G01AC03;CLORQUINALDOL
G;SISTEMA GENITOURINARIO Y HORMONAS SEXUALES;G01A;ANTIINFECCIOSOS Y ANTISÉPTICOS EXCLUIDOS COMBINACIONES CON CORTICOSTEROIDES;G01AC;DERIVADOS DE LA QUINOLINA;G01AC05;DECUALINIO
G;SISTEMA GENITOURINARIO Y HORMONAS SEXUALES;G01A;ANTIINFECCIOSOS Y ANTISÉPTICOS EXCLUIDOS COMBINACIONES CON CORTICOSTEROIDES;G01AC;DERIVADOS DE LA QUINOLINA;G01AC06;BROXIQUINOLINA
G;SISTEMA GENITOURINARIO Y HORMONAS SEXUALES;G01A;ANTIINFECCIOSOS Y ANTISÉPTICOS EXCLUIDOS COMBINACIONES CON CORTICOSTEROIDES;G01AC;DERIVADOS DE LA QUINOLINA;G01AC30;OXIQUINOLINA
G;SISTEMA GENITOURINARIO Y HORMONAS SEXUALES;G01A;ANTIINFECCIOSOS Y ANTISÉPTICOS EXCLUIDOS COMBINACIONES CON CORTICOSTEROIDES;G01AD;ACIDOS ORGÁNICOS;G01AD01;ÁCIDO LÁCTICO
G;SISTEMA GENITOURINARIO Y HORMONAS SEXUALES;G01A;ANTIINFECCIOSOS Y ANTISÉPTICOS EXCLUIDOS COMBINACIONES CON CORTICOSTEROIDES;G01AD;ACIDOS ORGÁNICOS;G01AD02;ÁCIDO ACÉTICO
G;SISTEMA GENITOURINARIO Y HORMONAS SEXUALES;G01A;ANTIINFECCIOSOS Y ANTISÉPTICOS EXCLUIDOS COMBINACIONES CON CORTICOSTEROIDES;G01AD;ACIDOS ORGÁNICOS;G01AD03;ÁCIDO ASCÓRBICO
G;SISTEMA GENITOURINARIO Y HORMONAS SEXUALES;G01A;ANTIINFECCIOSOS Y ANTISÉPTICOS EXCLUIDOS COMBINACIONES CON CORTICOSTEROIDES;G01AE;SULFONAMIDAS;G01AE01;SULFATOLAMIDA
G;SISTEMA GENITOURINARIO Y HORMONAS SEXUALES;G01A;ANTIINFECCIOSOS Y ANTISÉPTICOS EXCLUIDOS COMBINACIONES CON CORTICOSTEROIDES;G01AE;SULFONAMIDAS;G01AE10;SULFONAMIDAS, COMBINACIONES DE
G;SISTEMA GENITOURINARIO Y HORMONAS SEXUALES;G01A;ANTIINFECCIOSOS Y ANTISÉPTICOS EXCLUIDOS COMBINACIONES CON CORTICOSTEROIDES;G01AF;DERIVADOS IMIDAZÓLICOS;G01AF01;METRONIDAZOL
G;SISTEMA GENITOURINARIO Y HORMONAS SEXUALES;G01A;ANTIINFECCIOSOS Y ANTISÉPTICOS EXCLUIDOS COMBINACIONES CON CORTICOSTEROIDES;G01AF;DERIVADOS IMIDAZÓLICOS;G01AF02;CLOTRIMAZOL
G;SISTEMA GENITOURINARIO Y HORMONAS SEXUALES;G01A;ANTIINFECCIOSOS Y ANTISÉPTICOS EXCLUIDOS COMBINACIONES CON CORTICOSTEROIDES;G01AF;DERIVADOS IMIDAZÓLICOS;G01AF04;MICONAZOL
G;SISTEMA GENITOURINARIO Y HORMONAS SEXUALES;G01A;ANTIINFECCIOSOS Y ANTISÉPTICOS EXCLUIDOS COMBINACIONES CON CORTICOSTEROIDES;G01AF;DERIVADOS IMIDAZÓLICOS;G01AF05;ECONAZOL
G;SISTEMA GENITOURINARIO Y HORMONAS SEXUALES;G01A;ANTIINFECCIOSOS Y ANTISÉPTICOS EXCLUIDOS COMBINACIONES CON CORTICOSTEROIDES;G01AF;DERIVADOS IMIDAZÓLICOS;G01AF06;ONIDAZOL
G;SISTEMA GENITOURINARIO Y HORMONAS SEXUALES;G01A;ANTIINFECCIOSOS Y ANTISÉPTICOS EXCLUIDOS COMBINACIONES CON CORTICOSTEROIDES;G01AF;DERIVADOS IMIDAZÓLICOS;G01AF07;ISOCONAZOL
G;SISTEMA GENITOURINARIO Y HORMONAS SEXUALES;G01A;ANTIINFECCIOSOS Y ANTISÉPTICOS EXCLUIDOS COMBINACIONES CON CORTICOSTEROIDES;G01AF;DERIVADOS IMIDAZÓLICOS;G01AF08;TIOCONAZOL
G;SISTEMA GENITOURINARIO Y HORMONAS SEXUALES;G01A;ANTIINFECCIOSOS Y ANTISÉPTICOS EXCLUIDOS COMBINACIONES CON CORTICOSTEROIDES;G01AF;DERIVADOS IMIDAZÓLICOS;G01AF11;KETOCONAZOL
G;SISTEMA GENITOURINARIO Y HORMONAS SEXUALES;G01A;ANTIINFECCIOSOS Y ANTISÉPTICOS EXCLUIDOS COMBINACIONES CON CORTICOSTEROIDES;G01AF;DERIVADOS IMIDAZÓLICOS;G01AF12;FENTICONAZOL
G;SISTEMA GENITOURINARIO Y HORMONAS SEXUALES;G01A;ANTIINFECCIOSOS Y ANTISÉPTICOS EXCLUIDOS COMBINACIONES CON CORTICOSTEROIDES;G01AF;DERIVADOS IMIDAZÓLICOS;G01AF13;AZANIDAZOL
G;SISTEMA GENITOURINARIO Y HORMONAS SEXUALES;G01A;ANTIINFECCIOSOS Y ANTISÉPTICOS EXCLUIDOS COMBINACIONES CON CORTICOSTEROIDES;G01AF;DERIVADOS IMIDAZÓLICOS;G01AF14;PROPENIDAZOL
G;SISTEMA GENITOURINARIO Y HORMONAS SEXUALES;G01A;ANTIINFECCIOSOS Y ANTISÉPTICOS EXCLUIDOS COMBINACIONES CON CORTICOSTEROIDES;G01AF;DERIVADOS IMIDAZÓLICOS;G01AF15;BUTOCONAZOL
G;SISTEMA GENITOURINARIO Y HORMONAS SEXUALES;G01A;ANTIINFECCIOSOS Y ANTISÉPTICOS EXCLUIDOS COMBINACIONES CON CORTICOSTEROIDES;G01AF;DERIVADOS IMIDAZÓLICOS;G01AF16;OMOCONAZOL
G;SISTEMA GENITOURINARIO Y HORMONAS SEXUALES;G01A;ANTIINFECCIOSOS Y ANTISÉPTICOS EXCLUIDOS COMBINACIONES CON CORTICOSTEROIDES;G01AF;DERIVADOS IMIDAZÓLICOS;G01AF17;OXICONAZOL
G;SISTEMA GENITOURINARIO Y HORMONAS SEXUALES;G01A;ANTIINFECCIOSOS Y ANTISÉPTICOS EXCLUIDOS COMBINACIONES CON CORTICOSTEROIDES;G01AF;DERIVADOS IMIDAZÓLICOS;G01AF18;FLUTRIMAZOL
G;SISTEMA GENITOURINARIO Y HORMONAS SEXUALES;G01A;ANTIINFECCIOSOS Y ANTISÉPTICOS EXCLUIDOS COMBINACIONES CON CORTICOSTEROIDES;G01AF;DERIVADOS IMIDAZÓLICOS;G01AF20;COMBINACIONES DE DERIVADOS IMIDAZÓLICOS
G;SISTEMA GENITOURINARIO Y HORMONAS SEXUALES;G01A;ANTIINFECCIOSOS Y ANTISÉPTICOS EXCLUIDOS COMBINACIONES CON CORTICOSTEROIDES;G01AG;DERIVADOS TRIAZÓLICOS;G01AG02;TERCONAZOL
G;SISTEMA GENITOURINARIO Y HORMONAS SEXUALES;G01A;ANTIINFECCIOSOS Y ANTISÉPTICOS EXCLUIDOS COMBINACIONES CON CORTICOSTEROIDES;G01AX;OTROS ANTIINFECCIOSOS Y ANTISÉPTICOS;G01AX01;CLODANTOINA
G;SISTEMA GENITOURINARIO Y HORMONAS SEXUALES;G01A;ANTIINFECCIOSOS Y ANTISÉPTICOS EXCLUIDOS COMBINACIONES CON CORTICOSTEROIDES;G01AX;OTROS ANTIINFECCIOSOS Y ANTISÉPTICOS;G01AX02;INOSINA
G;SISTEMA GENITOURINARIO Y HORMONAS SEXUALES;G01A;ANTIINFECCIOSOS Y ANTISÉPTICOS EXCLUIDOS COMBINACIONES CON CORTICOSTEROIDES;G01AX;OTROS ANTIINFECCIOSOS Y ANTISÉPTICOS;G01AX03;POLICRESULENO
G;SISTEMA GENITOURINARIO Y HORMONAS SEXUALES;G01A;ANTIINFECCIOSOS Y ANTISÉPTICOS EXCLUIDOS COMBINACIONES CON CORTICOSTEROIDES;G01AX;OTROS ANTIINFECCIOSOS Y ANTISÉPTICOS;G01AX05;NIFURANTEL
G;SISTEMA GENITOURINARIO Y HORMONAS SEXUALES;G01A;ANTIINFECCIOSOS Y ANTISÉPTICOS EXCLUIDOS COMBINACIONES CON CORTICOSTEROIDES;G01AX;OTROS ANTIINFECCIOSOS Y ANTISÉPTICOS;G01AX06;FURAZOLIDONA
G;SISTEMA GENITOURINARIO Y HORMONAS SEXUALES;G01A;ANTIINFECCIOSOS Y ANTISÉPTICOS EXCLUIDOS COMBINACIONES CON CORTICOSTEROIDES;G01AX;OTROS ANTIINFECCIOSOS Y ANTISÉPTICOS;G01AX09;METILROSANILINA
G;SISTEMA GENITOURINARIO Y HORMONAS SEXUALES;G01A;ANTIINFECCIOSOS Y ANTISÉPTICOS EXCLUIDOS COMBINACIONES CON CORTICOSTEROIDES;G01AX;OTROS ANTIINFECCIOSOS Y ANTISÉPTICOS;G01AX11;IODO POVIDONA
G;SISTEMA GENITOURINARIO Y HORMONAS SEXUALES;G01A;ANTIINFECCIOSOS Y ANTISÉPTICOS EXCLUIDOS COMBINACIONES CON CORTICOSTEROIDES;G01AX;OTROS ANTIINFECCIOSOS Y ANTISÉPTICOS;G01AX12;CICLOPIROX
G;SISTEMA GENITOURINARIO Y HORMONAS SEXUALES;G01A;ANTIINFECCIOSOS Y ANTISÉPTICOS EXCLUIDOS COMBINACIONES CON CORTICOSTEROIDES;G01AX;OTROS ANTIINFECCIOSOS Y ANTISÉPTICOS;G01AX13;PROTIOFATO
G;SISTEMA GENITOURINARIO Y HORMONAS SEXUALES;G01A;ANTIINFECCIOSOS Y ANTISÉPTICOS EXCLUIDOS COMBINACIONES CON CORTICOSTEROIDES;G01AX;OTROS ANTIINFECCIOSOS Y ANTISÉPTICOS;G01AX14;LACTOBACILO, FERMENTO
G;SISTEMA GENITOURINARIO Y HORMONAS SEXUALES;G01A;ANTIINFECCIOSOS Y ANTISÉPTICOS EXCLUIDOS COMBINACIONES CON CORTICOSTEROIDES;G01AX;OTROS ANTIINFECCIOSOS Y ANTISÉPTICOS;G01AX15;USNATO DE COBRE
G;SISTEMA GENITOURINARIO Y HORMONAS SEXUALES;G01A;ANTIINFECCIOSOS Y ANTISÉPTICOS EXCLUIDOS COMBINACIONES CON CORTICOSTEROIDES;G01AX;OTROS ANTIINFECCIOSOS Y ANTISÉPTICOS;G01AX66;OCTENIDINA, COMBINACÍONES
G;SISTEMA GENITOURINARIO Y HORMONAS SEXUALES;G02A;UTEROTÓNICOS;G02AB;ALCALOIDES DEL ERGOT;G02AB01;METILERGOMETRINA
G;SISTEMA GENITOURINARIO Y HORMONAS SEXUALES;G02A;UTEROTÓNICOS;G02AB;ALCALOIDES DEL ERGOT;G02AB02;ERGOT, ALCALOIDES DEL
G;SISTEMA GENITOURINARIO Y HORMONAS SEXUALES;G02A;UTEROTÓNICOS;G02AB;ALCALOIDES DEL ERGOT;G02AB03;ERGOMETRINA
G;SISTEMA GENITOURINARIO Y HORMONAS SEXUALES;G02A;UTEROTÓNICOS;G02AC;ALCALOIDES DEL ERGOT Y OXITOCINA, INCL. ANÁLOGOS, EN COMBINACIÓN;G02AC01;METILERGOMETRINA Y OXITOCINA
G;SISTEMA GENITOURINARIO Y HORMONAS SEXUALES;G02A;UTEROTÓNICOS;G02AD;PROSTAGLANDINAS;G02AD01;DINOPROST
G;SISTEMA GENITOURINARIO Y HORMONAS SEXUALES;G02A;UTEROTÓNICOS;G02AD;PROSTAGLANDINAS;G02AD02;DINOPROSTONA
G;SISTEMA GENITOURINARIO Y HORMONAS SEXUALES;G02A;UTEROTÓNICOS;G02AD;PROSTAGLANDINAS;G02AD03;GEMEPROST
G;SISTEMA GENITOURINARIO Y HORMONAS SEXUALES;G02A;UTEROTÓNICOS;G02AD;PROSTAGLANDINAS;G02AD04;CARBOPROST
G;SISTEMA GENITOURINARIO Y HORMONAS SEXUALES;G02A;UTEROTÓNICOS;G02AD;PROSTAGLANDINAS;G02AD05;SULPROSTONA
G;SISTEMA GENITOURINARIO Y HORMONAS SEXUALES;G02A;UTEROTÓNICOS;G02AD;PROSTAGLANDINAS;G02AD06;MISOPROSTOL
G;SISTEMA GENITOURINARIO Y HORMONAS SEXUALES;G02B;ANTICONCEPTIVOS PARA USO TÓPICO;G02BA;ANTICONCEPTIVOS INTRAUTERINOS;G02BA01;DIU PLÁSTICOS
G;SISTEMA GENITOURINARIO Y HORMONAS SEXUALES;G02B;ANTICONCEPTIVOS PARA USO TÓPICO;G02BA;ANTICONCEPTIVOS INTRAUTERINOS;G02BA02;DIU PLÁSTICOS CON COBRE
G;SISTEMA GENITOURINARIO Y HORMONAS SEXUALES;G02B;ANTICONCEPTIVOS PARA USO TÓPICO;G02BA;ANTICONCEPTIVOS INTRAUTERINOS;G02BA03;DIU PLÁSTICOS CON PROGESTÁGENO
G;SISTEMA GENITOURINARIO Y HORMONAS SEXUALES;G02B;ANTICONCEPTIVOS PARA USO TÓPICO;G02BB;ANTICONCEPTIVOS INTRAVAGINALES;G02BB01;ANILLO VAGINAL CON PROGESTÁGENO Y ESTRÓGENO
G;SISTEMA GENITOURINARIO Y HORMONAS SEXUALES;G02C;OTROS GINECOLÓGICOS;G02CA;SIMPATICOMIMÉTICOS QUE INHIBEN EL TRABAJO DE PARTO;G02CA01;RITODRINA
G;SISTEMA GENITOURINARIO Y HORMONAS SEXUALES;G02C;OTROS GINECOLÓGICOS;G02CA;SIMPATICOMIMÉTICOS QUE INHIBEN EL TRABAJO DE PARTO;G02CA02;BUFENINA
G;SISTEMA GENITOURINARIO Y HORMONAS SEXUALES;G02C;OTROS GINECOLÓGICOS;G02CA;SIMPATICOMIMÉTICOS QUE INHIBEN EL TRABAJO DE PARTO;G02CA03;FENOTEROL
G;SISTEMA GENITOURINARIO Y HORMONAS SEXUALES;G02C;OTROS GINECOLÓGICOS;G02CB;INHIBIDORES DE LA  PROLACTINA;G02CB01;BROMOCRIPTINA
G;SISTEMA GENITOURINARIO Y HORMONAS SEXUALES;G02C;OTROS GINECOLÓGICOS;G02CB;INHIBIDORES DE LA  PROLACTINA;G02CB02;LISURIDA
G;SISTEMA GENITOURINARIO Y HORMONAS SEXUALES;G02C;OTROS GINECOLÓGICOS;G02CB;INHIBIDORES DE LA  PROLACTINA;G02CB03;CABERGOLINA
G;SISTEMA GENITOURINARIO Y HORMONAS SEXUALES;G02C;OTROS GINECOLÓGICOS;G02CB;INHIBIDORES DE LA  PROLACTINA;G02CB04;QUINAGOLIDA
G;SISTEMA GENITOURINARIO Y HORMONAS SEXUALES;G02C;OTROS GINECOLÓGICOS;G02CB;INHIBIDORES DE LA  PROLACTINA;G02CB05;METERGOLINA
G;SISTEMA GENITOURINARIO Y HORMONAS SEXUALES;G02C;OTROS GINECOLÓGICOS;G02CB;INHIBIDORES DE LA  PROLACTINA;G02CB06;TERGURIDA
G;SISTEMA GENITOURINARIO Y HORMONAS SEXUALES;G02C;OTROS GINECOLÓGICOS;G02CC;PRODUCTOS ANTIINFLAMATORIOS PARA ADMINISTRACIÓN VAGINAL;G02CC01;IBUPROFENO
G;SISTEMA GENITOURINARIO Y HORMONAS SEXUALES;G02C;OTROS GINECOLÓGICOS;G02CC;PRODUCTOS ANTIINFLAMATORIOS PARA ADMINISTRACIÓN VAGINAL;G02CC02;NAPROXENO
G;SISTEMA GENITOURINARIO Y HORMONAS SEXUALES;G02C;OTROS GINECOLÓGICOS;G02CC;PRODUCTOS ANTIINFLAMATORIOS PARA ADMINISTRACIÓN VAGINAL;G02CC03;BENCIDAMINA
G;SISTEMA GENITOURINARIO Y HORMONAS SEXUALES;G02C;OTROS GINECOLÓGICOS;G02CC;PRODUCTOS ANTIINFLAMATORIOS PARA ADMINISTRACIÓN VAGINAL;G02CC04;FLUNOXAPROFENO
G;SISTEMA GENITOURINARIO Y HORMONAS SEXUALES;G02C;OTROS GINECOLÓGICOS;G02CX;OTROS GINECOLÓGICOS;G02CX01;ATOSIBÁN
G;SISTEMA GENITOURINARIO Y HORMONAS SEXUALES;G02C;OTROS GINECOLÓGICOS;G02CX;OTROS GINECOLÓGICOS;G02CX03;AGNI CASTI FRUCTUS
G;SISTEMA GENITOURINARIO Y HORMONAS SEXUALES;G02C;OTROS GINECOLÓGICOS;G02CX;OTROS GINECOLÓGICOS;G02CX04;CIMICIFUGAE RHIZOMA
G;SISTEMA GENITOURINARIO Y HORMONAS SEXUALES;G03A;ANTICONCEPTIVOS HORMONALES PARA USO SISTÉMICO;G03AA;PROGESTÁGENOS Y ESTRÓGENOS, PREPARADOS DE DOSIS FIJAS;G03AA01;ETINODIOL Y ETINILESTRADIOL
G;SISTEMA GENITOURINARIO Y HORMONAS SEXUALES;G03A;ANTICONCEPTIVOS HORMONALES PARA USO SISTÉMICO;G03AA;PROGESTÁGENOS Y ESTRÓGENOS, PREPARADOS DE DOSIS FIJAS;G03AA02;QUINGESTANOL Y ETINILESTRADIOL
G;SISTEMA GENITOURINARIO Y HORMONAS SEXUALES;G03A;ANTICONCEPTIVOS HORMONALES PARA USO SISTÉMICO;G03AA;PROGESTÁGENOS Y ESTRÓGENOS, PREPARADOS DE DOSIS FIJAS;G03AA03;LINESTRENOL Y ETINILESTRADIOL
G;SISTEMA GENITOURINARIO Y HORMONAS SEXUALES;G03A;ANTICONCEPTIVOS HORMONALES PARA USO SISTÉMICO;G03AA;PROGESTÁGENOS Y ESTRÓGENOS, PREPARADOS DE DOSIS FIJAS;G03AA04;MEGESTROL Y ETINILESTRADIOL
G;SISTEMA GENITOURINARIO Y HORMONAS SEXUALES;G03A;ANTICONCEPTIVOS HORMONALES PARA USO SISTÉMICO;G03AA;PROGESTÁGENOS Y ESTRÓGENOS, PREPARADOS DE DOSIS FIJAS;G03AA05;NORETISTERONA Y ETINILESTRADIOL
G;SISTEMA GENITOURINARIO Y HORMONAS SEXUALES;G03A;ANTICONCEPTIVOS HORMONALES PARA USO SISTÉMICO;G03AA;PROGESTÁGENOS Y ESTRÓGENOS, PREPARADOS DE DOSIS FIJAS;G03AA06;NORGESTREL Y ETINILESTRADIOL
G;SISTEMA GENITOURINARIO Y HORMONAS SEXUALES;G03A;ANTICONCEPTIVOS HORMONALES PARA USO SISTÉMICO;G03AA;PROGESTÁGENOS Y ESTRÓGENOS, PREPARADOS DE DOSIS FIJAS;G03AA07;LEVONORGESTREL Y ETINILESTRADIOL
G;SISTEMA GENITOURINARIO Y HORMONAS SEXUALES;G03A;ANTICONCEPTIVOS HORMONALES PARA USO SISTÉMICO;G03AA;PROGESTÁGENOS Y ESTRÓGENOS, PREPARADOS DE DOSIS FIJAS;G03AA08;MEDROXIPROGESTERONA Y ETINILESTRADIOL
G;SISTEMA GENITOURINARIO Y HORMONAS SEXUALES;G03A;ANTICONCEPTIVOS HORMONALES PARA USO SISTÉMICO;G03AA;PROGESTÁGENOS Y ESTRÓGENOS, PREPARADOS DE DOSIS FIJAS;G03AA09;DESOGESTREL Y ETINILESTRADIOL
G;SISTEMA GENITOURINARIO Y HORMONAS SEXUALES;G03A;ANTICONCEPTIVOS HORMONALES PARA USO SISTÉMICO;G03AA;PROGESTÁGENOS Y ESTRÓGENOS, PREPARADOS DE DOSIS FIJAS;G03AA10;GESTODENO Y ETINILESTRADIOL
G;SISTEMA GENITOURINARIO Y HORMONAS SEXUALES;G03A;ANTICONCEPTIVOS HORMONALES PARA USO SISTÉMICO;G03AA;PROGESTÁGENOS Y ESTRÓGENOS, PREPARADOS DE DOSIS FIJAS;G03AA11;NORGESTIMATO Y ETINILESTRADIOL
G;SISTEMA GENITOURINARIO Y HORMONAS SEXUALES;G03A;ANTICONCEPTIVOS HORMONALES PARA USO SISTÉMICO;G03AA;PROGESTÁGENOS Y ESTRÓGENOS, PREPARADOS DE DOSIS FIJAS;G03AA12;DROSPIRENONA Y ETINILESTRADIOL
G;SISTEMA GENITOURINARIO Y HORMONAS SEXUALES;G03A;ANTICONCEPTIVOS HORMONALES PARA USO SISTÉMICO;G03AA;PROGESTÁGENOS Y ESTRÓGENOS, PREPARADOS DE DOSIS FIJAS;G03AA13;NORELGESTROMINA Y ETINILESTRADIOL
G;SISTEMA GENITOURINARIO Y HORMONAS SEXUALES;G03A;ANTICONCEPTIVOS HORMONALES PARA USO SISTÉMICO;G03AA;PROGESTÁGENOS Y ESTRÓGENOS, PREPARADOS DE DOSIS FIJAS;G03AA14;NOMEGESTROL Y ESTRADIOL
G;SISTEMA GENITOURINARIO Y HORMONAS SEXUALES;G03A;ANTICONCEPTIVOS HORMONALES PARA USO SISTÉMICO;G03AA;PROGESTÁGENOS Y ESTRÓGENOS, PREPARADOS DE DOSIS FIJAS;G03AA15;CLORMADINONA Y ETINILESTRADIOL
G;SISTEMA GENITOURINARIO Y HORMONAS SEXUALES;G03A;ANTICONCEPTIVOS HORMONALES PARA USO SISTÉMICO;G03AA;PROGESTÁGENOS Y ESTRÓGENOS, PREPARADOS DE DOSIS FIJAS;G03AA16;DIENOGEST Y ETINILESTRADIOL
G;SISTEMA GENITOURINARIO Y HORMONAS SEXUALES;G03A;ANTICONCEPTIVOS HORMONALES PARA USO SISTÉMICO;G03AB;PROGESTÁGENOS Y ESTRÓGENOS, PREPARADOS SECUENCIALES;G03AB01;GESTODENO Y ETINILESTRADIOL
G;SISTEMA GENITOURINARIO Y HORMONAS SEXUALES;G03A;ANTICONCEPTIVOS HORMONALES PARA USO SISTÉMICO;G03AB;PROGESTÁGENOS Y ESTRÓGENOS, PREPARADOS SECUENCIALES;G03AB02;LINESTRENOL Y ETINILESTRADIOL
G;SISTEMA GENITOURINARIO Y HORMONAS SEXUALES;G03A;ANTICONCEPTIVOS HORMONALES PARA USO SISTÉMICO;G03AB;PROGESTÁGENOS Y ESTRÓGENOS, PREPARADOS SECUENCIALES;G03AB03;LEVONORGESTREL Y ETINILESTRADIOL
G;SISTEMA GENITOURINARIO Y HORMONAS SEXUALES;G03A;ANTICONCEPTIVOS HORMONALES PARA USO SISTÉMICO;G03AB;PROGESTÁGENOS Y ESTRÓGENOS, PREPARADOS SECUENCIALES;G03AB04;NORETISTERONA Y ETINILESTRADIOL
G;SISTEMA GENITOURINARIO Y HORMONAS SEXUALES;G03A;ANTICONCEPTIVOS HORMONALES PARA USO SISTÉMICO;G03AB;PROGESTÁGENOS Y ESTRÓGENOS, PREPARADOS SECUENCIALES;G03AB05;DESOGESTREL Y ETINILESTRADIOL
G;SISTEMA GENITOURINARIO Y HORMONAS SEXUALES;G03A;ANTICONCEPTIVOS HORMONALES PARA USO SISTÉMICO;G03AB;PROGESTÁGENOS Y ESTRÓGENOS, PREPARADOS SECUENCIALES;G03AB06;GESTODENO Y ETINILESTRADIOL
G;SISTEMA GENITOURINARIO Y HORMONAS SEXUALES;G03A;ANTICONCEPTIVOS HORMONALES PARA USO SISTÉMICO;G03AB;PROGESTÁGENOS Y ESTRÓGENOS, PREPARADOS SECUENCIALES;G03AB07;CLORMADINONA Y ETINILESTRADIOL
G;SISTEMA GENITOURINARIO Y HORMONAS SEXUALES;G03A;ANTICONCEPTIVOS HORMONALES PARA USO SISTÉMICO;G03AB;PROGESTÁGENOS Y ESTRÓGENOS, PREPARADOS SECUENCIALES;G03AB08;DIENOGEST Y ESTRADIOL
G;SISTEMA GENITOURINARIO Y HORMONAS SEXUALES;G03A;ANTICONCEPTIVOS HORMONALES PARA USO SISTÉMICO;G03AC;PROGESTÁGENOS;G03AC01;NORETISTERONA
G;SISTEMA GENITOURINARIO Y HORMONAS SEXUALES;G03A;ANTICONCEPTIVOS HORMONALES PARA USO SISTÉMICO;G03AC;PROGESTÁGENOS;G03AC02;LINESTRENOL
G;SISTEMA GENITOURINARIO Y HORMONAS SEXUALES;G03A;ANTICONCEPTIVOS HORMONALES PARA USO SISTÉMICO;G03AC;PROGESTÁGENOS;G03AC03;LEVONORGESTREL
G;SISTEMA GENITOURINARIO Y HORMONAS SEXUALES;G03A;ANTICONCEPTIVOS HORMONALES PARA USO SISTÉMICO;G03AC;PROGESTÁGENOS;G03AC04;QUINGESTANOL
G;SISTEMA GENITOURINARIO Y HORMONAS SEXUALES;G03A;ANTICONCEPTIVOS HORMONALES PARA USO SISTÉMICO;G03AC;PROGESTÁGENOS;G03AC05;MEGESTROL
G;SISTEMA GENITOURINARIO Y HORMONAS SEXUALES;G03A;ANTICONCEPTIVOS HORMONALES PARA USO SISTÉMICO;G03AC;PROGESTÁGENOS;G03AC06;MEDROXIPROGESTERONA
G;SISTEMA GENITOURINARIO Y HORMONAS SEXUALES;G03A;ANTICONCEPTIVOS HORMONALES PARA USO SISTÉMICO;G03AC;PROGESTÁGENOS;G03AC07;NORGESTRIENONA
G;SISTEMA GENITOURINARIO Y HORMONAS SEXUALES;G03A;ANTICONCEPTIVOS HORMONALES PARA USO SISTÉMICO;G03AC;PROGESTÁGENOS;G03AC08;ETONOGESTREL
G;SISTEMA GENITOURINARIO Y HORMONAS SEXUALES;G03A;ANTICONCEPTIVOS HORMONALES PARA USO SISTÉMICO;G03AC;PROGESTÁGENOS;G03AC09;DESOGESTREL
G;SISTEMA GENITOURINARIO Y HORMONAS SEXUALES;G03A;ANTICONCEPTIVOS HORMONALES PARA USO SISTÉMICO;G03AD;ANTICONCEPTIVOS DE EMERGENCIA;G03AD01;LEVONORGESTREL
G;SISTEMA GENITOURINARIO Y HORMONAS SEXUALES;G03A;ANTICONCEPTIVOS HORMONALES PARA USO SISTÉMICO;G03AD;ANTICONCEPTIVOS DE EMERGENCIA;G03AD02;ULIPRISTAL
G;SISTEMA GENITOURINARIO Y HORMONAS SEXUALES;G03B;ANDRÓGENOS;G03BA;DERIVADOS DEL (4) 3-OXOANDROSTENO;G03BA01;FLUOXIMESTERONA
G;SISTEMA GENITOURINARIO Y HORMONAS SEXUALES;G03B;ANDRÓGENOS;G03BA;DERIVADOS DEL (4) 3-OXOANDROSTENO;G03BA02;METILTESTOSTERONA
G;SISTEMA GENITOURINARIO Y HORMONAS SEXUALES;G03B;ANDRÓGENOS;G03BA;DERIVADOS DEL (4) 3-OXOANDROSTENO;G03BA03;TESTOSTERONA
G;SISTEMA GENITOURINARIO Y HORMONAS SEXUALES;G03B;ANDRÓGENOS;G03BB;DERIVADOS DE LA (3) 5-ANDROSTANONA;G03BB01;MESTEROLONA
G;SISTEMA GENITOURINARIO Y HORMONAS SEXUALES;G03B;ANDRÓGENOS;G03BB;DERIVADOS DE LA (3) 5-ANDROSTANONA;G03BB02;ANDROSTANOLONA
G;SISTEMA GENITOURINARIO Y HORMONAS SEXUALES;G03C;ESTRÓGENOS;G03CA;ESTRÓGENOS NATURALES Y SEMISINTÉTICOS, MONOTERAPIA;G03CA01;ETINILESTRADIOL
G;SISTEMA GENITOURINARIO Y HORMONAS SEXUALES;G03C;ESTRÓGENOS;G03CA;ESTRÓGENOS NATURALES Y SEMISINTÉTICOS, MONOTERAPIA;G03CA03;ESTRADIOL
G;SISTEMA GENITOURINARIO Y HORMONAS SEXUALES;G03C;ESTRÓGENOS;G03CA;ESTRÓGENOS NATURALES Y SEMISINTÉTICOS, MONOTERAPIA;G03CA04;ESTRIOL
G;SISTEMA GENITOURINARIO Y HORMONAS SEXUALES;G03C;ESTRÓGENOS;G03CA;ESTRÓGENOS NATURALES Y SEMISINTÉTICOS, MONOTERAPIA;G03CA06;CLOROTRIANISENO
G;SISTEMA GENITOURINARIO Y HORMONAS SEXUALES;G03C;ESTRÓGENOS;G03CA;ESTRÓGENOS NATURALES Y SEMISINTÉTICOS, MONOTERAPIA;G03CA07;ESTRONA
G;SISTEMA GENITOURINARIO Y HORMONAS SEXUALES;G03C;ESTRÓGENOS;G03CA;ESTRÓGENOS NATURALES Y SEMISINTÉTICOS, MONOTERAPIA;G03CA09;PROMESTRIENO
G;SISTEMA GENITOURINARIO Y HORMONAS SEXUALES;G03C;ESTRÓGENOS;G03CA;ESTRÓGENOS NATURALES Y SEMISINTÉTICOS, MONOTERAPIA;G03CA53;ESTRADIOL, COMBINACIONES CON
G;SISTEMA GENITOURINARIO Y HORMONAS SEXUALES;G03C;ESTRÓGENOS;G03CA;ESTRÓGENOS NATURALES Y SEMISINTÉTICOS, MONOTERAPIA;G03CA57;ESTRÓGENOS CONJUGADOS
G;SISTEMA GENITOURINARIO Y HORMONAS SEXUALES;G03C;ESTRÓGENOS;G03CB;ESTRÓGENOS SINTÉTICOS, MONOTERAPIA;G03CB01;DIENESTROL
G;SISTEMA GENITOURINARIO Y HORMONAS SEXUALES;G03C;ESTRÓGENOS;G03CB;ESTRÓGENOS SINTÉTICOS, MONOTERAPIA;G03CB02;DIETILESTILBESTROL
G;SISTEMA GENITOURINARIO Y HORMONAS SEXUALES;G03C;ESTRÓGENOS;G03CB;ESTRÓGENOS SINTÉTICOS, MONOTERAPIA;G03CB03;METALENESTRILO
G;SISTEMA GENITOURINARIO Y HORMONAS SEXUALES;G03C;ESTRÓGENOS;G03CB;ESTRÓGENOS SINTÉTICOS, MONOTERAPIA;G03CB04;MOXESTROL
G;SISTEMA GENITOURINARIO Y HORMONAS SEXUALES;G03C;ESTRÓGENOS;G03CC;ESTRÓGENOS, COMBINACIONES CON OTRAS DROGAS;G03CC02;DIENESTROL
G;SISTEMA GENITOURINARIO Y HORMONAS SEXUALES;G03C;ESTRÓGENOS;G03CC;ESTRÓGENOS, COMBINACIONES CON OTRAS DROGAS;G03CC03;METALENESTRILO
G;SISTEMA GENITOURINARIO Y HORMONAS SEXUALES;G03C;ESTRÓGENOS;G03CC;ESTRÓGENOS, COMBINACIONES CON OTRAS DROGAS;G03CC04;ESTRONA
G;SISTEMA GENITOURINARIO Y HORMONAS SEXUALES;G03C;ESTRÓGENOS;G03CC;ESTRÓGENOS, COMBINACIONES CON OTRAS DROGAS;G03CC05;DIETILESTILBESTROL
G;SISTEMA GENITOURINARIO Y HORMONAS SEXUALES;G03C;ESTRÓGENOS;G03CC;ESTRÓGENOS, COMBINACIONES CON OTRAS DROGAS;G03CC06;ESTRIOL
G;SISTEMA GENITOURINARIO Y HORMONAS SEXUALES;G03C;ESTRÓGENOS;G03CX;OTROS ESTRÓGENOS;G03CX01;TIBOLONA
G;SISTEMA GENITOURINARIO Y HORMONAS SEXUALES;G03D;PROGESTÁGENOS;G03DA;DERIVADOS DEL (4) PREGNENO;G03DA01;GESTONORONA
G;SISTEMA GENITOURINARIO Y HORMONAS SEXUALES;G03D;PROGESTÁGENOS;G03DA;DERIVADOS DEL (4) PREGNENO;G03DA02;MEDROXIPROGESTERONA
G;SISTEMA GENITOURINARIO Y HORMONAS SEXUALES;G03D;PROGESTÁGENOS;G03DA;DERIVADOS DEL (4) PREGNENO;G03DA03;HIDROXIPROGESTERONA
G;SISTEMA GENITOURINARIO Y HORMONAS SEXUALES;G03D;PROGESTÁGENOS;G03DA;DERIVADOS DEL (4) PREGNENO;G03DA04;PROGESTERONA
G;SISTEMA GENITOURINARIO Y HORMONAS SEXUALES;G03D;PROGESTÁGENOS;G03DB;DERIVADOS DEL PREGNADIENO;G03DB01;DIHIDROGESTERONA
G;SISTEMA GENITOURINARIO Y HORMONAS SEXUALES;G03D;PROGESTÁGENOS;G03DB;DERIVADOS DEL PREGNADIENO;G03DB02;MEGESTROL
G;SISTEMA GENITOURINARIO Y HORMONAS SEXUALES;G03D;PROGESTÁGENOS;G03DB;DERIVADOS DEL PREGNADIENO;G03DB03;MEDROGESTONA
G;SISTEMA GENITOURINARIO Y HORMONAS SEXUALES;G03D;PROGESTÁGENOS;G03DB;DERIVADOS DEL PREGNADIENO;G03DB04;NOMEGESTROL
G;SISTEMA GENITOURINARIO Y HORMONAS SEXUALES;G03D;PROGESTÁGENOS;G03DB;DERIVADOS DEL PREGNADIENO;G03DB05;DEMEGESTONA
G;SISTEMA GENITOURINARIO Y HORMONAS SEXUALES;G03D;PROGESTÁGENOS;G03DB;DERIVADOS DEL PREGNADIENO;G03DB06;CLORMADINONA
G;SISTEMA GENITOURINARIO Y HORMONAS SEXUALES;G03D;PROGESTÁGENOS;G03DB;DERIVADOS DEL PREGNADIENO;G03DB07;PROMEGESTONA
G;SISTEMA GENITOURINARIO Y HORMONAS SEXUALES;G03D;PROGESTÁGENOS;G03DB;DERIVADOS DEL PREGNADIENO;G03DB08;DIENOGEST
G;SISTEMA GENITOURINARIO Y HORMONAS SEXUALES;G03D;PROGESTÁGENOS;G03DC;DERIVADOS DEL ESTRENO;G03DC01;ALILESTRENOL
G;SISTEMA GENITOURINARIO Y HORMONAS SEXUALES;G03D;PROGESTÁGENOS;G03DC;DERIVADOS DEL ESTRENO;G03DC02;NORETISTERONA
G;SISTEMA GENITOURINARIO Y HORMONAS SEXUALES;G03D;PROGESTÁGENOS;G03DC;DERIVADOS DEL ESTRENO;G03DC03;LINESTREROL
G;SISTEMA GENITOURINARIO Y HORMONAS SEXUALES;G03D;PROGESTÁGENOS;G03DC;DERIVADOS DEL ESTRENO;G03DC04;ETISTERONA
G;SISTEMA GENITOURINARIO Y HORMONAS SEXUALES;G03D;PROGESTÁGENOS;G03DC;DERIVADOS DEL ESTRENO;G03DC06;ETINODIOL
G;SISTEMA GENITOURINARIO Y HORMONAS SEXUALES;G03D;PROGESTÁGENOS;G03DC;DERIVADOS DEL ESTRENO;G03DC31;METILESTRENOLONA
G;SISTEMA GENITOURINARIO Y HORMONAS SEXUALES;G03E;ANDRÓGENOS Y HORMONAS SEXUALES FEMENINAS EN COMBINACIÓN;G03EA;ANDRÓGENOS Y ESTRÓGENOS;G03EA01;METILTESTOSTERONA Y ESTRÓGENO
G;SISTEMA GENITOURINARIO Y HORMONAS SEXUALES;G03E;ANDRÓGENOS Y HORMONAS SEXUALES FEMENINAS EN COMBINACIÓN;G03EA;ANDRÓGENOS Y ESTRÓGENOS;G03EA02;TESTOSTERONA Y ESTRÓGENO
G;SISTEMA GENITOURINARIO Y HORMONAS SEXUALES;G03E;ANDRÓGENOS Y HORMONAS SEXUALES FEMENINAS EN COMBINACIÓN;G03EA;ANDRÓGENOS Y ESTRÓGENOS;G03EA03;PRASTERONA Y ESTRÓGENO
G;SISTEMA GENITOURINARIO Y HORMONAS SEXUALES;G03E;ANDRÓGENOS Y HORMONAS SEXUALES FEMENINAS EN COMBINACIÓN;G03EK;ANDRÓGENOS Y HORMONAS SEXUALES FEMENINAS EN COMBINACIÓN CON OTRAS DROGAS;G03EK01;METILTESTOSTERONA
G;SISTEMA GENITOURINARIO Y HORMONAS SEXUALES;G03F;PROGESTÁGENOS Y ESTRÓGENOS EN COMBINACIÓN;G03FA;PROGESTÁGENOS Y ESTRÓGENOS, PREPARADOS DE DOSIS FIJAS;G03FA01;NORESTISTERONA Y ESTRÓGENO
G;SISTEMA GENITOURINARIO Y HORMONAS SEXUALES;G03F;PROGESTÁGENOS Y ESTRÓGENOS EN COMBINACIÓN;G03FA;PROGESTÁGENOS Y ESTRÓGENOS, PREPARADOS DE DOSIS FIJAS;G03FA02;HIDROXIPROGESTERONA Y ESTRÓGENO
G;SISTEMA GENITOURINARIO Y HORMONAS SEXUALES;G03F;PROGESTÁGENOS Y ESTRÓGENOS EN COMBINACIÓN;G03FA;PROGESTÁGENOS Y ESTRÓGENOS, PREPARADOS DE DOSIS FIJAS;G03FA03;ETISTERONA Y ESTRÓGENO
G;SISTEMA GENITOURINARIO Y HORMONAS SEXUALES;G03F;PROGESTÁGENOS Y ESTRÓGENOS EN COMBINACIÓN;G03FA;PROGESTÁGENOS Y ESTRÓGENOS, PREPARADOS DE DOSIS FIJAS;G03FA04;PROGESTERONA Y ESTRÓGENO
G;SISTEMA GENITOURINARIO Y HORMONAS SEXUALES;G03F;PROGESTÁGENOS Y ESTRÓGENOS EN COMBINACIÓN;G03FA;PROGESTÁGENOS Y ESTRÓGENOS, PREPARADOS DE DOSIS FIJAS;G03FA05;METILNORTESTOSTERONA Y ESTRÓGENO
G;SISTEMA GENITOURINARIO Y HORMONAS SEXUALES;G03F;PROGESTÁGENOS Y ESTRÓGENOS EN COMBINACIÓN;G03FA;PROGESTÁGENOS Y ESTRÓGENOS, PREPARADOS DE DOSIS FIJAS;G03FA06;ETINODIOL Y ESTRÓGENO
G;SISTEMA GENITOURINARIO Y HORMONAS SEXUALES;G03F;PROGESTÁGENOS Y ESTRÓGENOS EN COMBINACIÓN;G03FA;PROGESTÁGENOS Y ESTRÓGENOS, PREPARADOS DE DOSIS FIJAS;G03FA07;LINESTRENOL Y ESTRÓGENO
G;SISTEMA GENITOURINARIO Y HORMONAS SEXUALES;G03F;PROGESTÁGENOS Y ESTRÓGENOS EN COMBINACIÓN;G03FA;PROGESTÁGENOS Y ESTRÓGENOS, PREPARADOS DE DOSIS FIJAS;G03FA08;MEGESTROL Y ESTRÓGENO
G;SISTEMA GENITOURINARIO Y HORMONAS SEXUALES;G03F;PROGESTÁGENOS Y ESTRÓGENOS EN COMBINACIÓN;G03FA;PROGESTÁGENOS Y ESTRÓGENOS, PREPARADOS DE DOSIS FIJAS;G03FA09;NORETINODREL Y ESTRÓGENO
G;SISTEMA GENITOURINARIO Y HORMONAS SEXUALES;G03F;PROGESTÁGENOS Y ESTRÓGENOS EN COMBINACIÓN;G03FA;PROGESTÁGENOS Y ESTRÓGENOS, PREPARADOS DE DOSIS FIJAS;G03FA10;NORGESTREL Y ESTRÓGENO
G;SISTEMA GENITOURINARIO Y HORMONAS SEXUALES;G03F;PROGESTÁGENOS Y ESTRÓGENOS EN COMBINACIÓN;G03FA;PROGESTÁGENOS Y ESTRÓGENOS, PREPARADOS DE DOSIS FIJAS;G03FA11;LEVONORGESTREL Y ESTRÓGENO
G;SISTEMA GENITOURINARIO Y HORMONAS SEXUALES;G03F;PROGESTÁGENOS Y ESTRÓGENOS EN COMBINACIÓN;G03FA;PROGESTÁGENOS Y ESTRÓGENOS, PREPARADOS DE DOSIS FIJAS;G03FA12;MEDROXIPROGESTERONA Y ESTRÓGENO
G;SISTEMA GENITOURINARIO Y HORMONAS SEXUALES;G03F;PROGESTÁGENOS Y ESTRÓGENOS EN COMBINACIÓN;G03FA;PROGESTÁGENOS Y ESTRÓGENOS, PREPARADOS DE DOSIS FIJAS;G03FA13;NORGESTIMATO Y ESTRÓGENO
G;SISTEMA GENITOURINARIO Y HORMONAS SEXUALES;G03F;PROGESTÁGENOS Y ESTRÓGENOS EN COMBINACIÓN;G03FA;PROGESTÁGENOS Y ESTRÓGENOS, PREPARADOS DE DOSIS FIJAS;G03FA14;DIDROGESTERONA Y ESTRÓGENO
G;SISTEMA GENITOURINARIO Y HORMONAS SEXUALES;G03F;PROGESTÁGENOS Y ESTRÓGENOS EN COMBINACIÓN;G03FA;PROGESTÁGENOS Y ESTRÓGENOS, PREPARADOS DE DOSIS FIJAS;G03FA15;DIENOGEST Y ESTRÓGENO
G;SISTEMA GENITOURINARIO Y HORMONAS SEXUALES;G03F;PROGESTÁGENOS Y ESTRÓGENOS EN COMBINACIÓN;G03FA;PROGESTÁGENOS Y ESTRÓGENOS, PREPARADOS DE DOSIS FIJAS;G03FA16;TRIMEGESTONA Y ESTRÓGENO
G;SISTEMA GENITOURINARIO Y HORMONAS SEXUALES;G03F;PROGESTÁGENOS Y ESTRÓGENOS EN COMBINACIÓN;G03FA;PROGESTÁGENOS Y ESTRÓGENOS, PREPARADOS DE DOSIS FIJAS;G03FA17;DROSPIRENONA Y ESTRÓGENO
G;SISTEMA GENITOURINARIO Y HORMONAS SEXUALES;G03F;PROGESTÁGENOS Y ESTRÓGENOS EN COMBINACIÓN;G03FB;PROGESTÁGENOS Y ESTRÓGENOS, PREPARADOS SECUENCIALES;G03FB01;NORGESTREL Y ESTRÓGENO
G;SISTEMA GENITOURINARIO Y HORMONAS SEXUALES;G03F;PROGESTÁGENOS Y ESTRÓGENOS EN COMBINACIÓN;G03FB;PROGESTÁGENOS Y ESTRÓGENOS, PREPARADOS SECUENCIALES;G03FB02;LINESTRENOL Y ESTRÓGENO
G;SISTEMA GENITOURINARIO Y HORMONAS SEXUALES;G03F;PROGESTÁGENOS Y ESTRÓGENOS EN COMBINACIÓN;G03FB;PROGESTÁGENOS Y ESTRÓGENOS, PREPARADOS SECUENCIALES;G03FB03;CLORMADINONA Y ESTRÓGENO
G;SISTEMA GENITOURINARIO Y HORMONAS SEXUALES;G03F;PROGESTÁGENOS Y ESTRÓGENOS EN COMBINACIÓN;G03FB;PROGESTÁGENOS Y ESTRÓGENOS, PREPARADOS SECUENCIALES;G03FB04;MEGESTROL Y ESTRÓGENO
G;SISTEMA GENITOURINARIO Y HORMONAS SEXUALES;G03F;PROGESTÁGENOS Y ESTRÓGENOS EN COMBINACIÓN;G03FB;PROGESTÁGENOS Y ESTRÓGENOS, PREPARADOS SECUENCIALES;G03FB05;NORETISTERONA Y ESTRÓGENO
G;SISTEMA GENITOURINARIO Y HORMONAS SEXUALES;G03F;PROGESTÁGENOS Y ESTRÓGENOS EN COMBINACIÓN;G03FB;PROGESTÁGENOS Y ESTRÓGENOS, PREPARADOS SECUENCIALES;G03FB06;MEDROXIPROGESTERONA Y ESTRÓGENO
G;SISTEMA GENITOURINARIO Y HORMONAS SEXUALES;G03F;PROGESTÁGENOS Y ESTRÓGENOS EN COMBINACIÓN;G03FB;PROGESTÁGENOS Y ESTRÓGENOS, PREPARADOS SECUENCIALES;G03FB07;MEDROGESTONA Y ESTRÓGENO
G;SISTEMA GENITOURINARIO Y HORMONAS SEXUALES;G03F;PROGESTÁGENOS Y ESTRÓGENOS EN COMBINACIÓN;G03FB;PROGESTÁGENOS Y ESTRÓGENOS, PREPARADOS SECUENCIALES;G03FB08;DIDROGESTERONA Y ESTRÓGENO
G;SISTEMA GENITOURINARIO Y HORMONAS SEXUALES;G03F;PROGESTÁGENOS Y ESTRÓGENOS EN COMBINACIÓN;G03FB;PROGESTÁGENOS Y ESTRÓGENOS, PREPARADOS SECUENCIALES;G03FB09;LEVONORGESTREL Y ESTRÓGENO
G;SISTEMA GENITOURINARIO Y HORMONAS SEXUALES;G03F;PROGESTÁGENOS Y ESTRÓGENOS EN COMBINACIÓN;G03FB;PROGESTÁGENOS Y ESTRÓGENOS, PREPARADOS SECUENCIALES;G03FB10;DESOGESTREL Y ESTRÓGENO
G;SISTEMA GENITOURINARIO Y HORMONAS SEXUALES;G03F;PROGESTÁGENOS Y ESTRÓGENOS EN COMBINACIÓN;G03FB;PROGESTÁGENOS Y ESTRÓGENOS, PREPARADOS SECUENCIALES;G03FB11;TRIMEGESTONA Y ESTRÓGENO
G;SISTEMA GENITOURINARIO Y HORMONAS SEXUALES;G03F;PROGESTÁGENOS Y ESTRÓGENOS EN COMBINACIÓN;G03FB;PROGESTÁGENOS Y ESTRÓGENOS, PREPARADOS SECUENCIALES;G03FB12;NOMEGESTROL Y ESTRÓGENO
G;SISTEMA GENITOURINARIO Y HORMONAS SEXUALES;G03G;GONADOTROFINAS Y OTROS ESTIMULANTES DE LA OVULACIÓN;G03GA;GONADOTROFINAS;G03GA01;GONADOTROFINA CORIÓNICA
G;SISTEMA GENITOURINARIO Y HORMONAS SEXUALES;G03G;GONADOTROFINAS Y OTROS ESTIMULANTES DE LA OVULACIÓN;G03GA;GONADOTROFINAS;G03GA02;GONADOTROFINA HUMANA DE MENOPÁUSICAS
G;SISTEMA GENITOURINARIO Y HORMONAS SEXUALES;G03G;GONADOTROFINAS Y OTROS ESTIMULANTES DE LA OVULACIÓN;G03GA;GONADOTROFINAS;G03GA03;GONADOTROFINA SÉRICA
G;SISTEMA GENITOURINARIO Y HORMONAS SEXUALES;G03G;GONADOTROFINAS Y OTROS ESTIMULANTES DE LA OVULACIÓN;G03GA;GONADOTROFINAS;G03GA04;UROFOLITROPINA
G;SISTEMA GENITOURINARIO Y HORMONAS SEXUALES;G03G;GONADOTROFINAS Y OTROS ESTIMULANTES DE LA OVULACIÓN;G03GA;GONADOTROFINAS;G03GA05;FOLITROPINA ALFA
G;SISTEMA GENITOURINARIO Y HORMONAS SEXUALES;G03G;GONADOTROFINAS Y OTROS ESTIMULANTES DE LA OVULACIÓN;G03GA;GONADOTROFINAS;G03GA06;FOLITROPINA BETA
G;SISTEMA GENITOURINARIO Y HORMONAS SEXUALES;G03G;GONADOTROFINAS Y OTROS ESTIMULANTES DE LA OVULACIÓN;G03GA;GONADOTROFINAS;G03GA07;LUTROPINA ALFA
G;SISTEMA GENITOURINARIO Y HORMONAS SEXUALES;G03G;GONADOTROFINAS Y OTROS ESTIMULANTES DE LA OVULACIÓN;G03GA;GONADOTROFINAS;G03GA08;CORIOGONADOTROPINA ALFA
G;SISTEMA GENITOURINARIO Y HORMONAS SEXUALES;G03G;GONADOTROFINAS Y OTROS ESTIMULANTES DE LA OVULACIÓN;G03GA;GONADOTROFINAS;G03GA09;CORIFOLITROPINA ALFA
G;SISTEMA GENITOURINARIO Y HORMONAS SEXUALES;G03G;GONADOTROFINAS Y OTROS ESTIMULANTES DE LA OVULACIÓN;G03GA;GONADOTROFINAS;G03GA30;COMBINACIONES
G;SISTEMA GENITOURINARIO Y HORMONAS SEXUALES;G03G;GONADOTROFINAS Y OTROS ESTIMULANTES DE LA OVULACIÓN;G03GB;ESTIMULANTES SINTÉTICOS DE LA OVULACIÓN;G03GB01;CICLOFENILO
G;SISTEMA GENITOURINARIO Y HORMONAS SEXUALES;G03G;GONADOTROFINAS Y OTROS ESTIMULANTES DE LA OVULACIÓN;G03GB;ESTIMULANTES SINTÉTICOS DE LA OVULACIÓN;G03GB02;CLOMIFENO
G;SISTEMA GENITOURINARIO Y HORMONAS SEXUALES;G03G;GONADOTROFINAS Y OTROS ESTIMULANTES DE LA OVULACIÓN;G03GB;ESTIMULANTES SINTÉTICOS DE LA OVULACIÓN;G03GB03;EPIMESTROL
G;SISTEMA GENITOURINARIO Y HORMONAS SEXUALES;G03H;ANTIANDRÓGENOS;G03HA;ANTIANDRÓGENOS, MONOTERAPIA;G03HA01;CIPROTERONA
G;SISTEMA GENITOURINARIO Y HORMONAS SEXUALES;G03H;ANTIANDRÓGENOS;G03HB;ANTIANDRÓGENOS Y ESTRÓGENOS;G03HB01;CIPROTERONA Y ESTRÓGENO
G;SISTEMA GENITOURINARIO Y HORMONAS SEXUALES;G03X;OTRAS HORMONAS SEXUALES Y MODULADORES DEL SISTEMA GENITAL;G03XA;ANTIGONADOTROFINAS Y AGENTES SIMILARES;G03XA01;DANAZOL
G;SISTEMA GENITOURINARIO Y HORMONAS SEXUALES;G03X;OTRAS HORMONAS SEXUALES Y MODULADORES DEL SISTEMA GENITAL;G03XA;ANTIGONADOTROFINAS Y AGENTES SIMILARES;G03XA02;GESTRINONA
G;SISTEMA GENITOURINARIO Y HORMONAS SEXUALES;G03X;OTRAS HORMONAS SEXUALES Y MODULADORES DEL SISTEMA GENITAL;G03XB;MODULADORES DEL RECEPTOR DE LA PROGESTERON;G03XB01;MIFEPRISTONA
G;SISTEMA GENITOURINARIO Y HORMONAS SEXUALES;G03X;OTRAS HORMONAS SEXUALES Y MODULADORES DEL SISTEMA GENITAL;G03XB;MODULADORES DEL RECEPTOR DE LA PROGESTERON;G03XB02;ULIPRISTAL
G;SISTEMA GENITOURINARIO Y HORMONAS SEXUALES;G03X;OTRAS HORMONAS SEXUALES Y MODULADORES DEL SISTEMA GENITAL;G03XC;MODULADORES SELECTIVOS DEL RECEPTOR DE ESTRÓGENO;G03XC01;RALOXIFENO
G;SISTEMA GENITOURINARIO Y HORMONAS SEXUALES;G03X;OTRAS HORMONAS SEXUALES Y MODULADORES DEL SISTEMA GENITAL;G03XC;MODULADORES SELECTIVOS DEL RECEPTOR DE ESTRÓGENO;G03XC02;BAZEDOXIFENO
G;SISTEMA GENITOURINARIO Y HORMONAS SEXUALES;G03X;OTRAS HORMONAS SEXUALES Y MODULADORES DEL SISTEMA GENITAL;G03XC;MODULADORES SELECTIVOS DEL RECEPTOR DE ESTRÓGENO;G03XC03;LASOFOXIFENO
G;SISTEMA GENITOURINARIO Y HORMONAS SEXUALES;G03X;OTRAS HORMONAS SEXUALES Y MODULADORES DEL SISTEMA GENITAL;G03XC;MODULADORES SELECTIVOS DEL RECEPTOR DE ESTRÓGENO;G03XC04;ORMELOXIFENO
G;SISTEMA GENITOURINARIO Y HORMONAS SEXUALES;G03X;OTRAS HORMONAS SEXUALES Y MODULADORES DEL SISTEMA GENITAL;G03XC;MODULADORES SELECTIVOS DEL RECEPTOR DE ESTRÓGENO;G03XC05;OSPEMIFENO
G;SISTEMA GENITOURINARIO Y HORMONAS SEXUALES;G04B;UROLÓGICOS;G04BA;ACIDIFICANTES;G04BA01;CLORURO DE AMONIO
G;SISTEMA GENITOURINARIO Y HORMONAS SEXUALES;G04B;UROLÓGICOS;G04BA;ACIDIFICANTES;G04BA03;CLORURO DE CALCIO
G;SISTEMA GENITOURINARIO Y HORMONAS SEXUALES;G04B;UROLÓGICOS;G04BD;AGENTES PARA FRECUENCIA URINARIA Y INCONTENENCIA;G04BD01;EMEPRONIO
G;SISTEMA GENITOURINARIO Y HORMONAS SEXUALES;G04B;UROLÓGICOS;G04BD;AGENTES PARA FRECUENCIA URINARIA Y INCONTENENCIA;G04BD02;FLAVOXATO
G;SISTEMA GENITOURINARIO Y HORMONAS SEXUALES;G04B;UROLÓGICOS;G04BD;AGENTES PARA FRECUENCIA URINARIA Y INCONTENENCIA;G04BD03;MELADRAZINA
G;SISTEMA GENITOURINARIO Y HORMONAS SEXUALES;G04B;UROLÓGICOS;G04BD;AGENTES PARA FRECUENCIA URINARIA Y INCONTENENCIA;G04BD04;OXIBUTININA
G;SISTEMA GENITOURINARIO Y HORMONAS SEXUALES;G04B;UROLÓGICOS;G04BD;AGENTES PARA FRECUENCIA URINARIA Y INCONTENENCIA;G04BD05;TERODILINA
G;SISTEMA GENITOURINARIO Y HORMONAS SEXUALES;G04B;UROLÓGICOS;G04BD;AGENTES PARA FRECUENCIA URINARIA Y INCONTENENCIA;G04BD06;PROPIVERINA
G;SISTEMA GENITOURINARIO Y HORMONAS SEXUALES;G04B;UROLÓGICOS;G04BD;AGENTES PARA FRECUENCIA URINARIA Y INCONTENENCIA;G04BD07;TOLTERODINA
G;SISTEMA GENITOURINARIO Y HORMONAS SEXUALES;G04B;UROLÓGICOS;G04BD;AGENTES PARA FRECUENCIA URINARIA Y INCONTENENCIA;G04BD08;SOLIFENACINA
G;SISTEMA GENITOURINARIO Y HORMONAS SEXUALES;G04B;UROLÓGICOS;G04BD;AGENTES PARA FRECUENCIA URINARIA Y INCONTENENCIA;G04BD09;TROSPIO
G;SISTEMA GENITOURINARIO Y HORMONAS SEXUALES;G04B;UROLÓGICOS;G04BD;AGENTES PARA FRECUENCIA URINARIA Y INCONTENENCIA;G04BD10;DARIFENACINA
G;SISTEMA GENITOURINARIO Y HORMONAS SEXUALES;G04B;UROLÓGICOS;G04BD;AGENTES PARA FRECUENCIA URINARIA Y INCONTENENCIA;G04BD11;FESOTERODINA
G;SISTEMA GENITOURINARIO Y HORMONAS SEXUALES;G04B;UROLÓGICOS;G04BD;AGENTES PARA FRECUENCIA URINARIA Y INCONTENENCIA;G04BD12;MIRABEGRÓN
G;SISTEMA GENITOURINARIO Y HORMONAS SEXUALES;G04B;UROLÓGICOS;G04BE;DROGAS USADAS EN DISFUNCIÓN ERÉCTIL;G04BE01;ALPROSTADIL
G;SISTEMA GENITOURINARIO Y HORMONAS SEXUALES;G04B;UROLÓGICOS;G04BE;DROGAS USADAS EN DISFUNCIÓN ERÉCTIL;G04BE02;PAPAVERINA
G;SISTEMA GENITOURINARIO Y HORMONAS SEXUALES;G04B;UROLÓGICOS;G04BE;DROGAS USADAS EN DISFUNCIÓN ERÉCTIL;G04BE03;SILDENAFILO
G;SISTEMA GENITOURINARIO Y HORMONAS SEXUALES;G04B;UROLÓGICOS;G04BE;DROGAS USADAS EN DISFUNCIÓN ERÉCTIL;G04BE04;YOHIMBINA
G;SISTEMA GENITOURINARIO Y HORMONAS SEXUALES;G04B;UROLÓGICOS;G04BE;DROGAS USADAS EN DISFUNCIÓN ERÉCTIL;G04BE06;MOXISILITA
G;SISTEMA GENITOURINARIO Y HORMONAS SEXUALES;G04B;UROLÓGICOS;G04BE;DROGAS USADAS EN DISFUNCIÓN ERÉCTIL;G04BE07;APOMORFINA
G;SISTEMA GENITOURINARIO Y HORMONAS SEXUALES;G04B;UROLÓGICOS;G04BE;DROGAS USADAS EN DISFUNCIÓN ERÉCTIL;G04BE08;TADALAFIL
G;SISTEMA GENITOURINARIO Y HORMONAS SEXUALES;G04B;UROLÓGICOS;G04BE;DROGAS USADAS EN DISFUNCIÓN ERÉCTIL;G04BE09;VARDENAFIL
G;SISTEMA GENITOURINARIO Y HORMONAS SEXUALES;G04B;UROLÓGICOS;G04BE;DROGAS USADAS EN DISFUNCIÓN ERÉCTIL;G04BE30;COMBINACIONES
G;SISTEMA GENITOURINARIO Y HORMONAS SEXUALES;G04B;UROLÓGICOS;G04BE;DROGAS USADAS EN DISFUNCIÓN ERÉCTIL;G04BE52;PAPAVERINA, COMBINACIONES
G;SISTEMA GENITOURINARIO Y HORMONAS SEXUALES;G04B;UROLÓGICOS;G04BX;OTROS PRODUCTOS UROLÓGICOS;G04BX01;HIDRÓXIDO DE MAGNESIO
G;SISTEMA GENITOURINARIO Y HORMONAS SEXUALES;G04B;UROLÓGICOS;G04BX;OTROS PRODUCTOS UROLÓGICOS;G04BX03;ÁCIDO ACETOHIDROXÁMICO
G;SISTEMA GENITOURINARIO Y HORMONAS SEXUALES;G04B;UROLÓGICOS;G04BX;OTROS PRODUCTOS UROLÓGICOS;G04BX06;FENAZOPIRIDINA
G;SISTEMA GENITOURINARIO Y HORMONAS SEXUALES;G04B;UROLÓGICOS;G04BX;OTROS PRODUCTOS UROLÓGICOS;G04BX10;SUCCINIMIDA
G;SISTEMA GENITOURINARIO Y HORMONAS SEXUALES;G04B;UROLÓGICOS;G04BX;OTROS PRODUCTOS UROLÓGICOS;G04BX11;COLÁGENO
G;SISTEMA GENITOURINARIO Y HORMONAS SEXUALES;G04B;UROLÓGICOS;G04BX;OTROS PRODUCTOS UROLÓGICOS;G04BX12;SALICILATO DE FENILO
G;SISTEMA GENITOURINARIO Y HORMONAS SEXUALES;G04B;UROLÓGICOS;G04BX;OTROS PRODUCTOS UROLÓGICOS;G04BX13;DIMETIL SULFÓXIDO
G;SISTEMA GENITOURINARIO Y HORMONAS SEXUALES;G04B;UROLÓGICOS;G04BX;OTROS PRODUCTOS UROLÓGICOS;G04BX14;DAPOXETINA
G;SISTEMA GENITOURINARIO Y HORMONAS SEXUALES;G04B;UROLÓGICOS;G04BX;OTROS PRODUCTOS UROLÓGICOS;G04BX15;PENTOSANO POLISULFATO DE SODIO
G;SISTEMA GENITOURINARIO Y HORMONAS SEXUALES;G04C;DROGAS USADAS EN LA HIPERTROFIA  PROSTÁTICA BENIGNA;G04CA;ANTAGONISTAS  DE LOS RECEPTORES ALFA ADRENÉRGICOS;G04CA01;ALFUZOSINA
G;SISTEMA GENITOURINARIO Y HORMONAS SEXUALES;G04C;DROGAS USADAS EN LA HIPERTROFIA  PROSTÁTICA BENIGNA;G04CA;ANTAGONISTAS  DE LOS RECEPTORES ALFA ADRENÉRGICOS;G04CA02;TAMSULOSINA
G;SISTEMA GENITOURINARIO Y HORMONAS SEXUALES;G04C;DROGAS USADAS EN LA HIPERTROFIA  PROSTÁTICA BENIGNA;G04CA;ANTAGONISTAS  DE LOS RECEPTORES ALFA ADRENÉRGICOS;G04CA03;TERAZOSINA
G;SISTEMA GENITOURINARIO Y HORMONAS SEXUALES;G04C;DROGAS USADAS EN LA HIPERTROFIA  PROSTÁTICA BENIGNA;G04CA;ANTAGONISTAS  DE LOS RECEPTORES ALFA ADRENÉRGICOS;G04CA04;SILODOSINA
G;SISTEMA GENITOURINARIO Y HORMONAS SEXUALES;G04C;DROGAS USADAS EN LA HIPERTROFIA  PROSTÁTICA BENIGNA;G04CA;ANTAGONISTAS  DE LOS RECEPTORES ALFA ADRENÉRGICOS;G04CA51;ALFUZOSINA Y FINASTERIDA
G;SISTEMA GENITOURINARIO Y HORMONAS SEXUALES;G04C;DROGAS USADAS EN LA HIPERTROFIA  PROSTÁTICA BENIGNA;G04CA;ANTAGONISTAS  DE LOS RECEPTORES ALFA ADRENÉRGICOS;G04CA52;TAMSULOSINA Y DUTASTERIDA
G;SISTEMA GENITOURINARIO Y HORMONAS SEXUALES;G04C;DROGAS USADAS EN LA HIPERTROFIA  PROSTÁTICA BENIGNA;G04CA;ANTAGONISTAS  DE LOS RECEPTORES ALFA ADRENÉRGICOS;G04CA53;TAMSULOSINA Y SOLIFENACINA
G;SISTEMA GENITOURINARIO Y HORMONAS SEXUALES;G04C;DROGAS USADAS EN LA HIPERTROFIA  PROSTÁTICA BENIGNA;G04CB;INHIBIDORES DE LA TESTOSTERONA 5-ALFA REDUCTASA;D11AX10;FINASTERIDA
G;SISTEMA GENITOURINARIO Y HORMONAS SEXUALES;G04C;DROGAS USADAS EN LA HIPERTROFIA  PROSTÁTICA BENIGNA;G04CB;INHIBIDORES DE LA TESTOSTERONA 5-ALFA REDUCTASA;G04CB02;DUTASTERIDA
G;SISTEMA GENITOURINARIO Y HORMONAS SEXUALES;G04C;DROGAS USADAS EN LA HIPERTROFIA  PROSTÁTICA BENIGNA;G04CX;OTRAS DROGAS USADAS EN LA HIPERTROFIA PROSTÁTICA BENIGNA;G04CX01;PRUNUS AFRICANAE CORTEX
G;SISTEMA GENITOURINARIO Y HORMONAS SEXUALES;G04C;DROGAS USADAS EN LA HIPERTROFIA  PROSTÁTICA BENIGNA;G04CX;OTRAS DROGAS USADAS EN LA HIPERTROFIA PROSTÁTICA BENIGNA;G04CX02;SABALIS SERRULATAE FRUCTUS
G;SISTEMA GENITOURINARIO Y HORMONAS SEXUALES;G04C;DROGAS USADAS EN LA HIPERTROFIA  PROSTÁTICA BENIGNA;G04CX;OTRAS DROGAS USADAS EN LA HIPERTROFIA PROSTÁTICA BENIGNA;G04CX03;MEPARTRICINA
H;PREPARADOS HORMONALES SISTÉMICOS, EXCLUIDOS HORMONAS SEXUALES E INSULINAS;H01A;HORMONAS DEL LÓBULO ANTERIOR DE LA HIPÓFISIS Y SUS ANÁLOGOS;H01AA;ACTH;H01AA01;CORTICOTROPINA
H;PREPARADOS HORMONALES SISTÉMICOS, EXCLUIDOS HORMONAS SEXUALES E INSULINAS;H01A;HORMONAS DEL LÓBULO ANTERIOR DE LA HIPÓFISIS Y SUS ANÁLOGOS;H01AA;ACTH;H01AA02;TETRACOSÁCTIDA
H;PREPARADOS HORMONALES SISTÉMICOS, EXCLUIDOS HORMONAS SEXUALES E INSULINAS;H01A;HORMONAS DEL LÓBULO ANTERIOR DE LA HIPÓFISIS Y SUS ANÁLOGOS;H01AB;TIROTROPINA;H01AB01;TIROTROPINA ALFA
H;PREPARADOS HORMONALES SISTÉMICOS, EXCLUIDOS HORMONAS SEXUALES E INSULINAS;H01A;HORMONAS DEL LÓBULO ANTERIOR DE LA HIPÓFISIS Y SUS ANÁLOGOS;H01AC;SOMATOTROPINA Y AGONISTAS DE LA SOMATROPÍNA;H01AC01;SOMATOTROPINA
H;PREPARADOS HORMONALES SISTÉMICOS, EXCLUIDOS HORMONAS SEXUALES E INSULINAS;H01A;HORMONAS DEL LÓBULO ANTERIOR DE LA HIPÓFISIS Y SUS ANÁLOGOS;H01AC;SOMATOTROPINA Y AGONISTAS DE LA SOMATROPÍNA;H01AC02;SOMATREM
H;PREPARADOS HORMONALES SISTÉMICOS, EXCLUIDOS HORMONAS SEXUALES E INSULINAS;H01A;HORMONAS DEL LÓBULO ANTERIOR DE LA HIPÓFISIS Y SUS ANÁLOGOS;H01AC;SOMATOTROPINA Y AGONISTAS DE LA SOMATROPÍNA;H01AC03;MECASERMINA
H;PREPARADOS HORMONALES SISTÉMICOS, EXCLUIDOS HORMONAS SEXUALES E INSULINAS;H01A;HORMONAS DEL LÓBULO ANTERIOR DE LA HIPÓFISIS Y SUS ANÁLOGOS;H01AC;SOMATOTROPINA Y AGONISTAS DE LA SOMATROPÍNA;H01AC04;SERMORELINA
H;PREPARADOS HORMONALES SISTÉMICOS, EXCLUIDOS HORMONAS SEXUALES E INSULINAS;H01A;HORMONAS DEL LÓBULO ANTERIOR DE LA HIPÓFISIS Y SUS ANÁLOGOS;H01AC;SOMATOTROPINA Y AGONISTAS DE LA SOMATROPÍNA;H01AC05;MECASERMINA RINFABATO
H;PREPARADOS HORMONALES SISTÉMICOS, EXCLUIDOS HORMONAS SEXUALES E INSULINAS;H01A;HORMONAS DEL LÓBULO ANTERIOR DE LA HIPÓFISIS Y SUS ANÁLOGOS;H01AC;SOMATOTROPINA Y AGONISTAS DE LA SOMATROPÍNA;H01AC06;TESAMORELINA
H;PREPARADOS HORMONALES SISTÉMICOS, EXCLUIDOS HORMONAS SEXUALES E INSULINAS;H01A;HORMONAS DEL LÓBULO ANTERIOR DE LA HIPÓFISIS Y SUS ANÁLOGOS;H01AX;OTRAS HORMONAS DEL LÓBULO ANTERIOR DE LA HIPÓFISIS Y SUS ANÁLOGAS;H01AX01;PEGVISOMANT
H;PREPARADOS HORMONALES SISTÉMICOS, EXCLUIDOS HORMONAS SEXUALES E INSULINAS;H01B;HORMONAS DEL LÓBULO POSTERIOR DE LA HIPÓFISIS;H01BA;VASOPRESINA Y ANÁLOGOS;H01BA01;VASOPRESINA
H;PREPARADOS HORMONALES SISTÉMICOS, EXCLUIDOS HORMONAS SEXUALES E INSULINAS;H01B;HORMONAS DEL LÓBULO POSTERIOR DE LA HIPÓFISIS;H01BA;VASOPRESINA Y ANÁLOGOS;H01BA02;DESMOPRESINA
H;PREPARADOS HORMONALES SISTÉMICOS, EXCLUIDOS HORMONAS SEXUALES E INSULINAS;H01B;HORMONAS DEL LÓBULO POSTERIOR DE LA HIPÓFISIS;H01BA;VASOPRESINA Y ANÁLOGOS;H01BA03;LIPRESINA
H;PREPARADOS HORMONALES SISTÉMICOS, EXCLUIDOS HORMONAS SEXUALES E INSULINAS;H01B;HORMONAS DEL LÓBULO POSTERIOR DE LA HIPÓFISIS;H01BA;VASOPRESINA Y ANÁLOGOS;H01BA04;TERLIPRESINA
H;PREPARADOS HORMONALES SISTÉMICOS, EXCLUIDOS HORMONAS SEXUALES E INSULINAS;H01B;HORMONAS DEL LÓBULO POSTERIOR DE LA HIPÓFISIS;H01BA;VASOPRESINA Y ANÁLOGOS;H01BA05;ORNIPRESINA
H;PREPARADOS HORMONALES SISTÉMICOS, EXCLUIDOS HORMONAS SEXUALES E INSULINAS;H01B;HORMONAS DEL LÓBULO POSTERIOR DE LA HIPÓFISIS;H01BA;VASOPRESINA Y ANÁLOGOS;H01BA06;ARGIPRESINA
H;PREPARADOS HORMONALES SISTÉMICOS, EXCLUIDOS HORMONAS SEXUALES E INSULINAS;H01B;HORMONAS DEL LÓBULO POSTERIOR DE LA HIPÓFISIS;H01BB;OXITOCINA Y ANÁLOGOS;H01BB01;DEMOXITOCINA
H;PREPARADOS HORMONALES SISTÉMICOS, EXCLUIDOS HORMONAS SEXUALES E INSULINAS;H01B;HORMONAS DEL LÓBULO POSTERIOR DE LA HIPÓFISIS;H01BB;OXITOCINA Y ANÁLOGOS;H01BB02;OXITOCINA
H;PREPARADOS HORMONALES SISTÉMICOS, EXCLUIDOS HORMONAS SEXUALES E INSULINAS;H01B;HORMONAS DEL LÓBULO POSTERIOR DE LA HIPÓFISIS;H01BB;OXITOCINA Y ANÁLOGOS;H01BB03;CARBETOCINA
H;PREPARADOS HORMONALES SISTÉMICOS, EXCLUIDOS HORMONAS SEXUALES E INSULINAS;H01C;HORMONAS HIPOTALÁMICAS;H01CA;HORMONAS LIBERADORAS DE GONADOTROFINAS;H01CA01;GONADORELINA
H;PREPARADOS HORMONALES SISTÉMICOS, EXCLUIDOS HORMONAS SEXUALES E INSULINAS;H01C;HORMONAS HIPOTALÁMICAS;H01CA;HORMONAS LIBERADORAS DE GONADOTROFINAS;H01CA02;NAFARELINA
H;PREPARADOS HORMONALES SISTÉMICOS, EXCLUIDOS HORMONAS SEXUALES E INSULINAS;H01C;HORMONAS HIPOTALÁMICAS;H01CB;SOMATOSTATINA Y SUS ANÁLOGOS;H01CB01;SOMATOSTATINA
H;PREPARADOS HORMONALES SISTÉMICOS, EXCLUIDOS HORMONAS SEXUALES E INSULINAS;H01C;HORMONAS HIPOTALÁMICAS;H01CB;SOMATOSTATINA Y SUS ANÁLOGOS;H01CB02;OCTREOTIDA
H;PREPARADOS HORMONALES SISTÉMICOS, EXCLUIDOS HORMONAS SEXUALES E INSULINAS;H01C;HORMONAS HIPOTALÁMICAS;H01CB;SOMATOSTATINA Y SUS ANÁLOGOS;H01CB03;LANREOTIDA
H;PREPARADOS HORMONALES SISTÉMICOS, EXCLUIDOS HORMONAS SEXUALES E INSULINAS;H01C;HORMONAS HIPOTALÁMICAS;H01CB;SOMATOSTATINA Y SUS ANÁLOGOS;H01CB04;VAPREOTIDA
H;PREPARADOS HORMONALES SISTÉMICOS, EXCLUIDOS HORMONAS SEXUALES E INSULINAS;H01C;HORMONAS HIPOTALÁMICAS;H01CB;SOMATOSTATINA Y SUS ANÁLOGOS;H01CB05;PASIREOTIDA
H;PREPARADOS HORMONALES SISTÉMICOS, EXCLUIDOS HORMONAS SEXUALES E INSULINAS;H01C;HORMONAS HIPOTALÁMICAS;H01CC;HORMONAS LIBERADORAS DE ANTIGONADOTROFINAS;H01CC01;GANIRELIX
H;PREPARADOS HORMONALES SISTÉMICOS, EXCLUIDOS HORMONAS SEXUALES E INSULINAS;H01C;HORMONAS HIPOTALÁMICAS;H01CC;HORMONAS LIBERADORAS DE ANTIGONADOTROFINAS;H01CC02;CETRORELIX
H;PREPARADOS HORMONALES SISTÉMICOS, EXCLUIDOS HORMONAS SEXUALES E INSULINAS;H02A;CORTICOSTEROIDES PARA USO SISTÉMICO, MONOTERAPIA;H02AA;MINERALOCORTICOIDES;H02AA01;ALDOSTERONA
H;PREPARADOS HORMONALES SISTÉMICOS, EXCLUIDOS HORMONAS SEXUALES E INSULINAS;H02A;CORTICOSTEROIDES PARA USO SISTÉMICO, MONOTERAPIA;H02AA;MINERALOCORTICOIDES;H02AA02;FLUDROCORTISONA
H;PREPARADOS HORMONALES SISTÉMICOS, EXCLUIDOS HORMONAS SEXUALES E INSULINAS;H02A;CORTICOSTEROIDES PARA USO SISTÉMICO, MONOTERAPIA;H02AA;MINERALOCORTICOIDES;H02AA03;DESOXICORTONA
H;PREPARADOS HORMONALES SISTÉMICOS, EXCLUIDOS HORMONAS SEXUALES E INSULINAS;H02A;CORTICOSTEROIDES PARA USO SISTÉMICO, MONOTERAPIA;H02AB;GLUCOCORTICOIDES;H02AB01;BETAMETASONA
H;PREPARADOS HORMONALES SISTÉMICOS, EXCLUIDOS HORMONAS SEXUALES E INSULINAS;H02A;CORTICOSTEROIDES PARA USO SISTÉMICO, MONOTERAPIA;H02AB;GLUCOCORTICOIDES;H02AB02;DEXAMETASONA
H;PREPARADOS HORMONALES SISTÉMICOS, EXCLUIDOS HORMONAS SEXUALES E INSULINAS;H02A;CORTICOSTEROIDES PARA USO SISTÉMICO, MONOTERAPIA;H02AB;GLUCOCORTICOIDES;H02AB03;FLUOCORTOLONA
H;PREPARADOS HORMONALES SISTÉMICOS, EXCLUIDOS HORMONAS SEXUALES E INSULINAS;H02A;CORTICOSTEROIDES PARA USO SISTÉMICO, MONOTERAPIA;H02AB;GLUCOCORTICOIDES;H02AB04;METILPREDNISOLONA
H;PREPARADOS HORMONALES SISTÉMICOS, EXCLUIDOS HORMONAS SEXUALES E INSULINAS;H02A;CORTICOSTEROIDES PARA USO SISTÉMICO, MONOTERAPIA;H02AB;GLUCOCORTICOIDES;H02AB05;PARAMETASONA
H;PREPARADOS HORMONALES SISTÉMICOS, EXCLUIDOS HORMONAS SEXUALES E INSULINAS;H02A;CORTICOSTEROIDES PARA USO SISTÉMICO, MONOTERAPIA;H02AB;GLUCOCORTICOIDES;H02AB06;PREDNISOLONA
H;PREPARADOS HORMONALES SISTÉMICOS, EXCLUIDOS HORMONAS SEXUALES E INSULINAS;H02A;CORTICOSTEROIDES PARA USO SISTÉMICO, MONOTERAPIA;H02AB;GLUCOCORTICOIDES;H02AB07;PREDNISONA
H;PREPARADOS HORMONALES SISTÉMICOS, EXCLUIDOS HORMONAS SEXUALES E INSULINAS;H02A;CORTICOSTEROIDES PARA USO SISTÉMICO, MONOTERAPIA;H02AB;GLUCOCORTICOIDES;H02AB08;TRIAMCINOLONA
H;PREPARADOS HORMONALES SISTÉMICOS, EXCLUIDOS HORMONAS SEXUALES E INSULINAS;H02A;CORTICOSTEROIDES PARA USO SISTÉMICO, MONOTERAPIA;H02AB;GLUCOCORTICOIDES;H02AB09;HIDROCORTISONA
H;PREPARADOS HORMONALES SISTÉMICOS, EXCLUIDOS HORMONAS SEXUALES E INSULINAS;H02A;CORTICOSTEROIDES PARA USO SISTÉMICO, MONOTERAPIA;H02AB;GLUCOCORTICOIDES;H02AB10;CORTISONA
H;PREPARADOS HORMONALES SISTÉMICOS, EXCLUIDOS HORMONAS SEXUALES E INSULINAS;H02A;CORTICOSTEROIDES PARA USO SISTÉMICO, MONOTERAPIA;H02AB;GLUCOCORTICOIDES;H02AB11;PREDNILIDENO
H;PREPARADOS HORMONALES SISTÉMICOS, EXCLUIDOS HORMONAS SEXUALES E INSULINAS;H02A;CORTICOSTEROIDES PARA USO SISTÉMICO, MONOTERAPIA;H02AB;GLUCOCORTICOIDES;H02AB12;RIMEXOLONA
H;PREPARADOS HORMONALES SISTÉMICOS, EXCLUIDOS HORMONAS SEXUALES E INSULINAS;H02A;CORTICOSTEROIDES PARA USO SISTÉMICO, MONOTERAPIA;H02AB;GLUCOCORTICOIDES;H02AB13;DEFLAZACORT
H;PREPARADOS HORMONALES SISTÉMICOS, EXCLUIDOS HORMONAS SEXUALES E INSULINAS;H02A;CORTICOSTEROIDES PARA USO SISTÉMICO, MONOTERAPIA;H02AB;GLUCOCORTICOIDES;H02AB14;CLOPREDNOL
H;PREPARADOS HORMONALES SISTÉMICOS, EXCLUIDOS HORMONAS SEXUALES E INSULINAS;H02A;CORTICOSTEROIDES PARA USO SISTÉMICO, MONOTERAPIA;H02AB;GLUCOCORTICOIDES;H02AB15;MEPREDNISONA
H;PREPARADOS HORMONALES SISTÉMICOS, EXCLUIDOS HORMONAS SEXUALES E INSULINAS;H02A;CORTICOSTEROIDES PARA USO SISTÉMICO, MONOTERAPIA;H02AB;GLUCOCORTICOIDES;H02AB17;CORTIVAZOL
H;PREPARADOS HORMONALES SISTÉMICOS, EXCLUIDOS HORMONAS SEXUALES E INSULINAS;H02B;CORTICOSTEROIDES PARA USO SISTÉMICO, COMBINACIONES;H02BX;CORTICOSTEROIDES PARA USO SISTÉMICO, COMBINACIONES;H02BX01;METILPREDNISOLONA, COMBINACIONES
H;PREPARADOS HORMONALES SISTÉMICOS, EXCLUIDOS HORMONAS SEXUALES E INSULINAS;H02C;PREPARADOS CONTRA LAS HORMONAS ADRENALES;H02CA;ANTICORTICOSTEROIDES;H02CA01;TRILOSTANO
H;PREPARADOS HORMONALES SISTÉMICOS, EXCLUIDOS HORMONAS SEXUALES E INSULINAS;H03A;PREPARADOS DE HORMONA TIROIDEA;H03AA;HORMONAS TIROIDEAS;H03AA01;LEVOTIROXINA SÓDICA
H;PREPARADOS HORMONALES SISTÉMICOS, EXCLUIDOS HORMONAS SEXUALES E INSULINAS;H03A;PREPARADOS DE HORMONA TIROIDEA;H03AA;HORMONAS TIROIDEAS;H03AA02;LIOTIRONINA SÓDICA
H;PREPARADOS HORMONALES SISTÉMICOS, EXCLUIDOS HORMONAS SEXUALES E INSULINAS;H03A;PREPARADOS DE HORMONA TIROIDEA;H03AA;HORMONAS TIROIDEAS;H03AA03;LEVOTIROXINA Y LIOTIRONINA, COMBINACIONES DE
H;PREPARADOS HORMONALES SISTÉMICOS, EXCLUIDOS HORMONAS SEXUALES E INSULINAS;H03A;PREPARADOS DE HORMONA TIROIDEA;H03AA;HORMONAS TIROIDEAS;H03AA04;TIRATRICOL
H;PREPARADOS HORMONALES SISTÉMICOS, EXCLUIDOS HORMONAS SEXUALES E INSULINAS;H03A;PREPARADOS DE HORMONA TIROIDEA;H03AA;HORMONAS TIROIDEAS;H03AA05;GLÁNDULA TIRÓIDES, PREPARADOS DE
H;PREPARADOS HORMONALES SISTÉMICOS, EXCLUIDOS HORMONAS SEXUALES E INSULINAS;H03B;PREPARADOS ANTITIROIDEOS;H03BA;TIOURACILOS;H03BA01;METILTIOURACILO
H;PREPARADOS HORMONALES SISTÉMICOS, EXCLUIDOS HORMONAS SEXUALES E INSULINAS;H03B;PREPARADOS ANTITIROIDEOS;H03BA;TIOURACILOS;H03BA02;PROPILTIOURACILO
H;PREPARADOS HORMONALES SISTÉMICOS, EXCLUIDOS HORMONAS SEXUALES E INSULINAS;H03B;PREPARADOS ANTITIROIDEOS;H03BA;TIOURACILOS;H03BA03;BENCILTIOURACILO
H;PREPARADOS HORMONALES SISTÉMICOS, EXCLUIDOS HORMONAS SEXUALES E INSULINAS;H03B;PREPARADOS ANTITIROIDEOS;H03BB;DERIVADOS IMIDAZÓLICOS QUE CONTIENEN AZUFRE;H03BB01;CARBIMAZOL
H;PREPARADOS HORMONALES SISTÉMICOS, EXCLUIDOS HORMONAS SEXUALES E INSULINAS;H03B;PREPARADOS ANTITIROIDEOS;H03BB;DERIVADOS IMIDAZÓLICOS QUE CONTIENEN AZUFRE;H03BB02;TIAMAZOL
H;PREPARADOS HORMONALES SISTÉMICOS, EXCLUIDOS HORMONAS SEXUALES E INSULINAS;H03B;PREPARADOS ANTITIROIDEOS;H03BB;DERIVADOS IMIDAZÓLICOS QUE CONTIENEN AZUFRE;H03BB52;TIAMAZOL, COMBINACIONES
H;PREPARADOS HORMONALES SISTÉMICOS, EXCLUIDOS HORMONAS SEXUALES E INSULINAS;H03B;PREPARADOS ANTITIROIDEOS;H03BC;PERCLORATOS;H03BC01;PERCLORATO DE POTASIO
H;PREPARADOS HORMONALES SISTÉMICOS, EXCLUIDOS HORMONAS SEXUALES E INSULINAS;H03B;PREPARADOS ANTITIROIDEOS;H03BX;OTROS PREPARADOS ANTITIROIDEOS;H03BX01;DIIOODOTIROSINA
H;PREPARADOS HORMONALES SISTÉMICOS, EXCLUIDOS HORMONAS SEXUALES E INSULINAS;H03B;PREPARADOS ANTITIROIDEOS;H03BX;OTROS PREPARADOS ANTITIROIDEOS;H03BX02;DIBROMOTIROSINA
H;PREPARADOS HORMONALES SISTÉMICOS, EXCLUIDOS HORMONAS SEXUALES E INSULINAS;H04A;HORMONAS GLUCOGENOLÍTICAS;H04AA;HORMONAS GLUCOGENOLÍTICAS;H04AA01;GLUCAGÓN
H;PREPARADOS HORMONALES SISTÉMICOS, EXCLUIDOS HORMONAS SEXUALES E INSULINAS;H05A;HORMONAS PARATIROIDEAS Y ANÁLOGAS;H05AA;HORMONAS PARATIROIDEAS Y ANÁLOGAS;H05AA01;PARATIROIDEAS, EXTRACTO DE GLÁNDULA
H;PREPARADOS HORMONALES SISTÉMICOS, EXCLUIDOS HORMONAS SEXUALES E INSULINAS;H05A;HORMONAS PARATIROIDEAS Y ANÁLOGAS;H05AA;HORMONAS PARATIROIDEAS Y ANÁLOGAS;H05AA02;TERIPARATIDA
H;PREPARADOS HORMONALES SISTÉMICOS, EXCLUIDOS HORMONAS SEXUALES E INSULINAS;H05A;HORMONAS PARATIROIDEAS Y ANÁLOGAS;H05AA;HORMONAS PARATIROIDEAS Y ANÁLOGAS;H05AA03;HORMONAS PARATIROIDEAS
H;PREPARADOS HORMONALES SISTÉMICOS, EXCLUIDOS HORMONAS SEXUALES E INSULINAS;H05B;AGENTES CONTRA LA HORMONA PARATIROIDE;H05BA;PREPARADOS CON CALCITONINA;H05BA01;CALCITONINA (DE SALMÓN, SINTÉTICA)
H;PREPARADOS HORMONALES SISTÉMICOS, EXCLUIDOS HORMONAS SEXUALES E INSULINAS;H05B;AGENTES CONTRA LA HORMONA PARATIROIDE;H05BA;PREPARADOS CON CALCITONINA;H05BA02;CALCITONINA (PORCINA, NATURAL)
H;PREPARADOS HORMONALES SISTÉMICOS, EXCLUIDOS HORMONAS SEXUALES E INSULINAS;H05B;AGENTES CONTRA LA HORMONA PARATIROIDE;H05BA;PREPARADOS CON CALCITONINA;H05BA03;CALCITONINA (HUMANA, SINTÉTICA)
H;PREPARADOS HORMONALES SISTÉMICOS, EXCLUIDOS HORMONAS SEXUALES E INSULINAS;H05B;AGENTES CONTRA LA HORMONA PARATIROIDE;H05BA;PREPARADOS CON CALCITONINA;H05BA04;ELCATONINA
H;PREPARADOS HORMONALES SISTÉMICOS, EXCLUIDOS HORMONAS SEXUALES E INSULINAS;H05B;AGENTES CONTRA LA HORMONA PARATIROIDE;H05BX;OTROS AGENTES CONTRA LA HORMONA PARATIROIDEA;H05BX01;CINACALCET
H;PREPARADOS HORMONALES SISTÉMICOS, EXCLUIDOS HORMONAS SEXUALES E INSULINAS;H05B;AGENTES CONTRA LA HORMONA PARATIROIDE;H05BX;OTROS AGENTES CONTRA LA HORMONA PARATIROIDEA;H05BX02;PARICALCITOL
H;PREPARADOS HORMONALES SISTÉMICOS, EXCLUIDOS HORMONAS SEXUALES E INSULINAS;H05B;AGENTES CONTRA LA HORMONA PARATIROIDE;H05BX;OTROS AGENTES CONTRA LA HORMONA PARATIROIDEA;H05BX03;DOXERCALCIFEROL
J;ANTIINFECCIOSOS PARA USO SISTÉMICO;J01A;TETRACICLINAS;J01AA;TETRACICLINAS;J01AA01;DEMECLOCICLINA
J;ANTIINFECCIOSOS PARA USO SISTÉMICO;J01A;TETRACICLINAS;J01AA;TETRACICLINAS;J01AA02;DOXICICLINA
J;ANTIINFECCIOSOS PARA USO SISTÉMICO;J01A;TETRACICLINAS;J01AA;TETRACICLINAS;J01AA03;CLORTETRACICLINA
J;ANTIINFECCIOSOS PARA USO SISTÉMICO;J01A;TETRACICLINAS;J01AA;TETRACICLINAS;J01AA04;LIMECICLINA
J;ANTIINFECCIOSOS PARA USO SISTÉMICO;J01A;TETRACICLINAS;J01AA;TETRACICLINAS;J01AA05;METACICLINA
J;ANTIINFECCIOSOS PARA USO SISTÉMICO;J01A;TETRACICLINAS;J01AA;TETRACICLINAS;J01AA06;OXITETRACICLINA
J;ANTIINFECCIOSOS PARA USO SISTÉMICO;J01A;TETRACICLINAS;J01AA;TETRACICLINAS;J01AA07;TETRACICLINA
J;ANTIINFECCIOSOS PARA USO SISTÉMICO;J01A;TETRACICLINAS;J01AA;TETRACICLINAS;J01AA08;MINOCICLINA
J;ANTIINFECCIOSOS PARA USO SISTÉMICO;J01A;TETRACICLINAS;J01AA;TETRACICLINAS;J01AA09;ROLITETRACICLINA
J;ANTIINFECCIOSOS PARA USO SISTÉMICO;J01A;TETRACICLINAS;J01AA;TETRACICLINAS;J01AA10;PENIMEPICICLINA
J;ANTIINFECCIOSOS PARA USO SISTÉMICO;J01A;TETRACICLINAS;J01AA;TETRACICLINAS;J01AA11;CLOMOCICLINA
J;ANTIINFECCIOSOS PARA USO SISTÉMICO;J01A;TETRACICLINAS;J01AA;TETRACICLINAS;J01AA12;TIGECICLINA
J;ANTIINFECCIOSOS PARA USO SISTÉMICO;J01A;TETRACICLINAS;J01AA;TETRACICLINAS;J01AA20;TETRACICLINAS, COMBINACIONES DE
J;ANTIINFECCIOSOS PARA USO SISTÉMICO;J01A;TETRACICLINAS;J01AA;TETRACICLINAS;J01AA56;OXITETRACICLINA, COMBINACIONES
J;ANTIINFECCIOSOS PARA USO SISTÉMICO;J01B;ANFENICOLES;J01BA;ANFENICOLES;J01BA01;CLORANFENICOL
J;ANTIINFECCIOSOS PARA USO SISTÉMICO;J01B;ANFENICOLES;J01BA;ANFENICOLES;J01BA02;TIANFENICOL
J;ANTIINFECCIOSOS PARA USO SISTÉMICO;J01B;ANFENICOLES;J01BA;ANFENICOLES;J01BA52;TIANFENICOL, COMBINACIONES
J;ANTIINFECCIOSOS PARA USO SISTÉMICO;J01C;ANTIBACTERIANOS BETALACTÁMICOS, PENICILINAS;J01CA;PENICILINAS DE AMPLIO ESPECTRO;J01CA01;AMPICILINA
J;ANTIINFECCIOSOS PARA USO SISTÉMICO;J01C;ANTIBACTERIANOS BETALACTÁMICOS, PENICILINAS;J01CA;PENICILINAS DE AMPLIO ESPECTRO;J01CA02;PIVAMPICILINA
J;ANTIINFECCIOSOS PARA USO SISTÉMICO;J01C;ANTIBACTERIANOS BETALACTÁMICOS, PENICILINAS;J01CA;PENICILINAS DE AMPLIO ESPECTRO;J01CA03;CARBENICILINA
J;ANTIINFECCIOSOS PARA USO SISTÉMICO;J01C;ANTIBACTERIANOS BETALACTÁMICOS, PENICILINAS;J01CA;PENICILINAS DE AMPLIO ESPECTRO;J01CA04;AMOXICILINA
J;ANTIINFECCIOSOS PARA USO SISTÉMICO;J01C;ANTIBACTERIANOS BETALACTÁMICOS, PENICILINAS;J01CA;PENICILINAS DE AMPLIO ESPECTRO;J01CA05;CARINDACILINA
J;ANTIINFECCIOSOS PARA USO SISTÉMICO;J01C;ANTIBACTERIANOS BETALACTÁMICOS, PENICILINAS;J01CA;PENICILINAS DE AMPLIO ESPECTRO;J01CA06;BACAMPICILINA
J;ANTIINFECCIOSOS PARA USO SISTÉMICO;J01C;ANTIBACTERIANOS BETALACTÁMICOS, PENICILINAS;J01CA;PENICILINAS DE AMPLIO ESPECTRO;J01CA07;EPICILINA
J;ANTIINFECCIOSOS PARA USO SISTÉMICO;J01C;ANTIBACTERIANOS BETALACTÁMICOS, PENICILINAS;J01CA;PENICILINAS DE AMPLIO ESPECTRO;J01CA08;PIVMECILINAM
J;ANTIINFECCIOSOS PARA USO SISTÉMICO;J01C;ANTIBACTERIANOS BETALACTÁMICOS, PENICILINAS;J01CA;PENICILINAS DE AMPLIO ESPECTRO;J01CA09;AZLOCILINA
J;ANTIINFECCIOSOS PARA USO SISTÉMICO;J01C;ANTIBACTERIANOS BETALACTÁMICOS, PENICILINAS;J01CA;PENICILINAS DE AMPLIO ESPECTRO;J01CA10;MEZLOCILINA
J;ANTIINFECCIOSOS PARA USO SISTÉMICO;J01C;ANTIBACTERIANOS BETALACTÁMICOS, PENICILINAS;J01CA;PENICILINAS DE AMPLIO ESPECTRO;J01CA11;MECILINAM
J;ANTIINFECCIOSOS PARA USO SISTÉMICO;J01C;ANTIBACTERIANOS BETALACTÁMICOS, PENICILINAS;J01CA;PENICILINAS DE AMPLIO ESPECTRO;J01CA12;PIPERACILINA
J;ANTIINFECCIOSOS PARA USO SISTÉMICO;J01C;ANTIBACTERIANOS BETALACTÁMICOS, PENICILINAS;J01CA;PENICILINAS DE AMPLIO ESPECTRO;J01CA13;TICARCILINA
J;ANTIINFECCIOSOS PARA USO SISTÉMICO;J01C;ANTIBACTERIANOS BETALACTÁMICOS, PENICILINAS;J01CA;PENICILINAS DE AMPLIO ESPECTRO;J01CA14;METAMPICILINA
J;ANTIINFECCIOSOS PARA USO SISTÉMICO;J01C;ANTIBACTERIANOS BETALACTÁMICOS, PENICILINAS;J01CA;PENICILINAS DE AMPLIO ESPECTRO;J01CA15;TALAMPICILINA
J;ANTIINFECCIOSOS PARA USO SISTÉMICO;J01C;ANTIBACTERIANOS BETALACTÁMICOS, PENICILINAS;J01CA;PENICILINAS DE AMPLIO ESPECTRO;J01CA16;SULBENICILINA
J;ANTIINFECCIOSOS PARA USO SISTÉMICO;J01C;ANTIBACTERIANOS BETALACTÁMICOS, PENICILINAS;J01CA;PENICILINAS DE AMPLIO ESPECTRO;J01CA17;TEMOCILINA
J;ANTIINFECCIOSOS PARA USO SISTÉMICO;J01C;ANTIBACTERIANOS BETALACTÁMICOS, PENICILINAS;J01CA;PENICILINAS DE AMPLIO ESPECTRO;J01CA18;HETACILINA
J;ANTIINFECCIOSOS PARA USO SISTÉMICO;J01C;ANTIBACTERIANOS BETALACTÁMICOS, PENICILINAS;J01CA;PENICILINAS DE AMPLIO ESPECTRO;J01CA19;ASPOXICILINA
J;ANTIINFECCIOSOS PARA USO SISTÉMICO;J01C;ANTIBACTERIANOS BETALACTÁMICOS, PENICILINAS;J01CA;PENICILINAS DE AMPLIO ESPECTRO;J01CA20;COMBINACIONES
J;ANTIINFECCIOSOS PARA USO SISTÉMICO;J01C;ANTIBACTERIANOS BETALACTÁMICOS, PENICILINAS;J01CA;PENICILINAS DE AMPLIO ESPECTRO;J01CA51;AMPICILINA, COMBINACIONES
J;ANTIINFECCIOSOS PARA USO SISTÉMICO;J01C;ANTIBACTERIANOS BETALACTÁMICOS, PENICILINAS;J01CE;PENICILINAS SENSIBLES A LA BETALACTAMASA;J01CE01;BENCILPENICILINA
J;ANTIINFECCIOSOS PARA USO SISTÉMICO;J01C;ANTIBACTERIANOS BETALACTÁMICOS, PENICILINAS;J01CE;PENICILINAS SENSIBLES A LA BETALACTAMASA;J01CE02;FENOXIMETILPENICILINA
J;ANTIINFECCIOSOS PARA USO SISTÉMICO;J01C;ANTIBACTERIANOS BETALACTÁMICOS, PENICILINAS;J01CE;PENICILINAS SENSIBLES A LA BETALACTAMASA;J01CE03;PROPICILINA
J;ANTIINFECCIOSOS PARA USO SISTÉMICO;J01C;ANTIBACTERIANOS BETALACTÁMICOS, PENICILINAS;J01CE;PENICILINAS SENSIBLES A LA BETALACTAMASA;J01CE04;AZIDOCILINA
J;ANTIINFECCIOSOS PARA USO SISTÉMICO;J01C;ANTIBACTERIANOS BETALACTÁMICOS, PENICILINAS;J01CE;PENICILINAS SENSIBLES A LA BETALACTAMASA;J01CE05;FENETICILINA
J;ANTIINFECCIOSOS PARA USO SISTÉMICO;J01C;ANTIBACTERIANOS BETALACTÁMICOS, PENICILINAS;J01CE;PENICILINAS SENSIBLES A LA BETALACTAMASA;J01CE06;PENAMECILINA
J;ANTIINFECCIOSOS PARA USO SISTÉMICO;J01C;ANTIBACTERIANOS BETALACTÁMICOS, PENICILINAS;J01CE;PENICILINAS SENSIBLES A LA BETALACTAMASA;J01CE07;CLOMETOCILINA
J;ANTIINFECCIOSOS PARA USO SISTÉMICO;J01C;ANTIBACTERIANOS BETALACTÁMICOS, PENICILINAS;J01CE;PENICILINAS SENSIBLES A LA BETALACTAMASA;J01CE08;BENCILPENICILINA BENZATÍNICA
J;ANTIINFECCIOSOS PARA USO SISTÉMICO;J01C;ANTIBACTERIANOS BETALACTÁMICOS, PENICILINAS;J01CE;PENICILINAS SENSIBLES A LA BETALACTAMASA;J01CE09;BENCILPENICILINA PROCAÍNICA
J;ANTIINFECCIOSOS PARA USO SISTÉMICO;J01C;ANTIBACTERIANOS BETALACTÁMICOS, PENICILINAS;J01CE;PENICILINAS SENSIBLES A LA BETALACTAMASA;J01CE10;FENOXIMETILPENICILINA BENZATÍNICA
J;ANTIINFECCIOSOS PARA USO SISTÉMICO;J01C;ANTIBACTERIANOS BETALACTÁMICOS, PENICILINAS;J01CE;PENICILINAS SENSIBLES A LA BETALACTAMASA;J01CE30;COMBINACIONES
J;ANTIINFECCIOSOS PARA USO SISTÉMICO;J01C;ANTIBACTERIANOS BETALACTÁMICOS, PENICILINAS;J01CF;PENICILINAS RESISTENTES A LA BETALACTAMASA;J01CF01;DICLOXACILINA
J;ANTIINFECCIOSOS PARA USO SISTÉMICO;J01C;ANTIBACTERIANOS BETALACTÁMICOS, PENICILINAS;J01CF;PENICILINAS RESISTENTES A LA BETALACTAMASA;J01CF02;CLOXACILINA
J;ANTIINFECCIOSOS PARA USO SISTÉMICO;J01C;ANTIBACTERIANOS BETALACTÁMICOS, PENICILINAS;J01CF;PENICILINAS RESISTENTES A LA BETALACTAMASA;J01CF03;METICILINA
J;ANTIINFECCIOSOS PARA USO SISTÉMICO;J01C;ANTIBACTERIANOS BETALACTÁMICOS, PENICILINAS;J01CF;PENICILINAS RESISTENTES A LA BETALACTAMASA;J01CF04;OXACILINA
J;ANTIINFECCIOSOS PARA USO SISTÉMICO;J01C;ANTIBACTERIANOS BETALACTÁMICOS, PENICILINAS;J01CF;PENICILINAS RESISTENTES A LA BETALACTAMASA;J01CF05;FLUCLOXACILINA
J;ANTIINFECCIOSOS PARA USO SISTÉMICO;J01C;ANTIBACTERIANOS BETALACTÁMICOS, PENICILINAS;J01CF;PENICILINAS RESISTENTES A LA BETALACTAMASA;J01CF06;NAFCILINA
J;ANTIINFECCIOSOS PARA USO SISTÉMICO;J01C;ANTIBACTERIANOS BETALACTÁMICOS, PENICILINAS;J01CG;INIHIBIDORES DE LA BETALACTAMASA;J01CG01;SULBACTAM
J;ANTIINFECCIOSOS PARA USO SISTÉMICO;J01C;ANTIBACTERIANOS BETALACTÁMICOS, PENICILINAS;J01CG;INIHIBIDORES DE LA BETALACTAMASA;J01CG02;TAZOBACTAM
J;ANTIINFECCIOSOS PARA USO SISTÉMICO;J01C;ANTIBACTERIANOS BETALACTÁMICOS, PENICILINAS;J01CR;COMBINACIONES DE PENICILINAS, INCL. INHIBIDORES DE LA BETALACTAMASA;J01CR01;AMPICILINA E INHIBIDORES DE LA ENZIMA
J;ANTIINFECCIOSOS PARA USO SISTÉMICO;J01C;ANTIBACTERIANOS BETALACTÁMICOS, PENICILINAS;J01CR;COMBINACIONES DE PENICILINAS, INCL. INHIBIDORES DE LA BETALACTAMASA;J01CR02;AMOXICILINA E INHIBIDORES DE LA ENZIMA
J;ANTIINFECCIOSOS PARA USO SISTÉMICO;J01C;ANTIBACTERIANOS BETALACTÁMICOS, PENICILINAS;J01CR;COMBINACIONES DE PENICILINAS, INCL. INHIBIDORES DE LA BETALACTAMASA;J01CR03;TICARCILINA E INHIBIDORES DE LA ENZIMA
J;ANTIINFECCIOSOS PARA USO SISTÉMICO;J01C;ANTIBACTERIANOS BETALACTÁMICOS, PENICILINAS;J01CR;COMBINACIONES DE PENICILINAS, INCL. INHIBIDORES DE LA BETALACTAMASA;J01CR04;SULTAMICILINA
J;ANTIINFECCIOSOS PARA USO SISTÉMICO;J01C;ANTIBACTERIANOS BETALACTÁMICOS, PENICILINAS;J01CR;COMBINACIONES DE PENICILINAS, INCL. INHIBIDORES DE LA BETALACTAMASA;J01CR05;PIPERACILINA E INHIBIDORES DE LA ENZIMA
J;ANTIINFECCIOSOS PARA USO SISTÉMICO;J01C;ANTIBACTERIANOS BETALACTÁMICOS, PENICILINAS;J01CR;COMBINACIONES DE PENICILINAS, INCL. INHIBIDORES DE LA BETALACTAMASA;J01CR50;COMBINACIONES DE PENICILINAS
J;ANTIINFECCIOSOS PARA USO SISTÉMICO;J01D;OTROS ANTIBACTERIANOS BETALACTÁMICOS;J01DB;CEFALOSPORINAS DE LA PRIMERA GENERACIÓN;J01DB01;CEFALEXINA
J;ANTIINFECCIOSOS PARA USO SISTÉMICO;J01D;OTROS ANTIBACTERIANOS BETALACTÁMICOS;J01DB;CEFALOSPORINAS DE LA PRIMERA GENERACIÓN;J01DB02;CEFALORIDINA
J;ANTIINFECCIOSOS PARA USO SISTÉMICO;J01D;OTROS ANTIBACTERIANOS BETALACTÁMICOS;J01DB;CEFALOSPORINAS DE LA PRIMERA GENERACIÓN;J01DB03;CEFALOTINA
J;ANTIINFECCIOSOS PARA USO SISTÉMICO;J01D;OTROS ANTIBACTERIANOS BETALACTÁMICOS;J01DB;CEFALOSPORINAS DE LA PRIMERA GENERACIÓN;J01DB04;CEFAZOLINA
J;ANTIINFECCIOSOS PARA USO SISTÉMICO;J01D;OTROS ANTIBACTERIANOS BETALACTÁMICOS;J01DB;CEFALOSPORINAS DE LA PRIMERA GENERACIÓN;J01DB05;CEFADROXILO
J;ANTIINFECCIOSOS PARA USO SISTÉMICO;J01D;OTROS ANTIBACTERIANOS BETALACTÁMICOS;J01DB;CEFALOSPORINAS DE LA PRIMERA GENERACIÓN;J01DB06;CEFAZEDONA
J;ANTIINFECCIOSOS PARA USO SISTÉMICO;J01D;OTROS ANTIBACTERIANOS BETALACTÁMICOS;J01DB;CEFALOSPORINAS DE LA PRIMERA GENERACIÓN;J01DB07;CEFATRIZINA
J;ANTIINFECCIOSOS PARA USO SISTÉMICO;J01D;OTROS ANTIBACTERIANOS BETALACTÁMICOS;J01DB;CEFALOSPORINAS DE LA PRIMERA GENERACIÓN;J01DB08;CEFAPIRINA
J;ANTIINFECCIOSOS PARA USO SISTÉMICO;J01D;OTROS ANTIBACTERIANOS BETALACTÁMICOS;J01DB;CEFALOSPORINAS DE LA PRIMERA GENERACIÓN;J01DB09;CEFADRINA
J;ANTIINFECCIOSOS PARA USO SISTÉMICO;J01D;OTROS ANTIBACTERIANOS BETALACTÁMICOS;J01DB;CEFALOSPORINAS DE LA PRIMERA GENERACIÓN;J01DB10;CEFACETRILO
J;ANTIINFECCIOSOS PARA USO SISTÉMICO;J01D;OTROS ANTIBACTERIANOS BETALACTÁMICOS;J01DB;CEFALOSPORINAS DE LA PRIMERA GENERACIÓN;J01DB11;CEFROXADINA
J;ANTIINFECCIOSOS PARA USO SISTÉMICO;J01D;OTROS ANTIBACTERIANOS BETALACTÁMICOS;J01DB;CEFALOSPORINAS DE LA PRIMERA GENERACIÓN;J01DB12;CEFTEZOL
J;ANTIINFECCIOSOS PARA USO SISTÉMICO;J01D;OTROS ANTIBACTERIANOS BETALACTÁMICOS;J01DC;CEFALOSPORINAS DE LA SEGUNDA GENERACIÓN;J01DC01;CEFOXITINA
J;ANTIINFECCIOSOS PARA USO SISTÉMICO;J01D;OTROS ANTIBACTERIANOS BETALACTÁMICOS;J01DC;CEFALOSPORINAS DE LA SEGUNDA GENERACIÓN;J01DC02;CEFUROXIMA
J;ANTIINFECCIOSOS PARA USO SISTÉMICO;J01D;OTROS ANTIBACTERIANOS BETALACTÁMICOS;J01DC;CEFALOSPORINAS DE LA SEGUNDA GENERACIÓN;J01DC03;CEFAMANDOL
J;ANTIINFECCIOSOS PARA USO SISTÉMICO;J01D;OTROS ANTIBACTERIANOS BETALACTÁMICOS;J01DC;CEFALOSPORINAS DE LA SEGUNDA GENERACIÓN;J01DC04;CEFACLOR
J;ANTIINFECCIOSOS PARA USO SISTÉMICO;J01D;OTROS ANTIBACTERIANOS BETALACTÁMICOS;J01DC;CEFALOSPORINAS DE LA SEGUNDA GENERACIÓN;J01DC05;CEFOTETÁN
J;ANTIINFECCIOSOS PARA USO SISTÉMICO;J01D;OTROS ANTIBACTERIANOS BETALACTÁMICOS;J01DC;CEFALOSPORINAS DE LA SEGUNDA GENERACIÓN;J01DC06;CEFONICID
J;ANTIINFECCIOSOS PARA USO SISTÉMICO;J01D;OTROS ANTIBACTERIANOS BETALACTÁMICOS;J01DC;CEFALOSPORINAS DE LA SEGUNDA GENERACIÓN;J01DC07;CEFOTIAM
J;ANTIINFECCIOSOS PARA USO SISTÉMICO;J01D;OTROS ANTIBACTERIANOS BETALACTÁMICOS;J01DC;CEFALOSPORINAS DE LA SEGUNDA GENERACIÓN;J01DC08;LORACARBEF
J;ANTIINFECCIOSOS PARA USO SISTÉMICO;J01D;OTROS ANTIBACTERIANOS BETALACTÁMICOS;J01DC;CEFALOSPORINAS DE LA SEGUNDA GENERACIÓN;J01DC09;CEFMETAZOL
J;ANTIINFECCIOSOS PARA USO SISTÉMICO;J01D;OTROS ANTIBACTERIANOS BETALACTÁMICOS;J01DC;CEFALOSPORINAS DE LA SEGUNDA GENERACIÓN;J01DC10;CEFPROZILO
J;ANTIINFECCIOSOS PARA USO SISTÉMICO;J01D;OTROS ANTIBACTERIANOS BETALACTÁMICOS;J01DC;CEFALOSPORINAS DE LA SEGUNDA GENERACIÓN;J01DC11;CEFORANIDA
J;ANTIINFECCIOSOS PARA USO SISTÉMICO;J01D;OTROS ANTIBACTERIANOS BETALACTÁMICOS;J01DC;CEFALOSPORINAS DE LA SEGUNDA GENERACIÓN;J01DC12;CEFMINOX
J;ANTIINFECCIOSOS PARA USO SISTÉMICO;J01D;OTROS ANTIBACTERIANOS BETALACTÁMICOS;J01DC;CEFALOSPORINAS DE LA SEGUNDA GENERACIÓN;J01DC13;CEFBUPERAZONA
J;ANTIINFECCIOSOS PARA USO SISTÉMICO;J01D;OTROS ANTIBACTERIANOS BETALACTÁMICOS;J01DC;CEFALOSPORINAS DE LA SEGUNDA GENERACIÓN;J01DC14;FLOMOXEF
J;ANTIINFECCIOSOS PARA USO SISTÉMICO;J01D;OTROS ANTIBACTERIANOS BETALACTÁMICOS;J01DD;CEFALOSPORINAS DE LA TERCERA GENERACIÓN;J01DD01;CEFOTAXIMA
J;ANTIINFECCIOSOS PARA USO SISTÉMICO;J01D;OTROS ANTIBACTERIANOS BETALACTÁMICOS;J01DD;CEFALOSPORINAS DE LA TERCERA GENERACIÓN;J01DD02;CEFTAZIDIMA
J;ANTIINFECCIOSOS PARA USO SISTÉMICO;J01D;OTROS ANTIBACTERIANOS BETALACTÁMICOS;J01DD;CEFALOSPORINAS DE LA TERCERA GENERACIÓN;J01DD03;CEFSULODINA
J;ANTIINFECCIOSOS PARA USO SISTÉMICO;J01D;OTROS ANTIBACTERIANOS BETALACTÁMICOS;J01DD;CEFALOSPORINAS DE LA TERCERA GENERACIÓN;J01DD04;CEFTRIAXONA
J;ANTIINFECCIOSOS PARA USO SISTÉMICO;J01D;OTROS ANTIBACTERIANOS BETALACTÁMICOS;J01DD;CEFALOSPORINAS DE LA TERCERA GENERACIÓN;J01DD05;CEFMENOXIMA
J;ANTIINFECCIOSOS PARA USO SISTÉMICO;J01D;OTROS ANTIBACTERIANOS BETALACTÁMICOS;J01DD;CEFALOSPORINAS DE LA TERCERA GENERACIÓN;J01DD06;LATAMOXEF
J;ANTIINFECCIOSOS PARA USO SISTÉMICO;J01D;OTROS ANTIBACTERIANOS BETALACTÁMICOS;J01DD;CEFALOSPORINAS DE LA TERCERA GENERACIÓN;J01DD07;CEFTIZOXIMA
J;ANTIINFECCIOSOS PARA USO SISTÉMICO;J01D;OTROS ANTIBACTERIANOS BETALACTÁMICOS;J01DD;CEFALOSPORINAS DE LA TERCERA GENERACIÓN;J01DD08;CEFIXIMA
J;ANTIINFECCIOSOS PARA USO SISTÉMICO;J01D;OTROS ANTIBACTERIANOS BETALACTÁMICOS;J01DD;CEFALOSPORINAS DE LA TERCERA GENERACIÓN;J01DD09;CEFODIZIMA
J;ANTIINFECCIOSOS PARA USO SISTÉMICO;J01D;OTROS ANTIBACTERIANOS BETALACTÁMICOS;J01DD;CEFALOSPORINAS DE LA TERCERA GENERACIÓN;J01DD10;CEFETAMET
J;ANTIINFECCIOSOS PARA USO SISTÉMICO;J01D;OTROS ANTIBACTERIANOS BETALACTÁMICOS;J01DD;CEFALOSPORINAS DE LA TERCERA GENERACIÓN;J01DD11;CEFPIRAMIDA
J;ANTIINFECCIOSOS PARA USO SISTÉMICO;J01D;OTROS ANTIBACTERIANOS BETALACTÁMICOS;J01DD;CEFALOSPORINAS DE LA TERCERA GENERACIÓN;J01DD12;CEFOPERAZONA
J;ANTIINFECCIOSOS PARA USO SISTÉMICO;J01D;OTROS ANTIBACTERIANOS BETALACTÁMICOS;J01DD;CEFALOSPORINAS DE LA TERCERA GENERACIÓN;J01DD13;CEFPODOXIMA
J;ANTIINFECCIOSOS PARA USO SISTÉMICO;J01D;OTROS ANTIBACTERIANOS BETALACTÁMICOS;J01DD;CEFALOSPORINAS DE LA TERCERA GENERACIÓN;J01DD14;CEFTIBUTENO
J;ANTIINFECCIOSOS PARA USO SISTÉMICO;J01D;OTROS ANTIBACTERIANOS BETALACTÁMICOS;J01DD;CEFALOSPORINAS DE LA TERCERA GENERACIÓN;J01DD15;CEFDINIR
J;ANTIINFECCIOSOS PARA USO SISTÉMICO;J01D;OTROS ANTIBACTERIANOS BETALACTÁMICOS;J01DD;CEFALOSPORINAS DE LA TERCERA GENERACIÓN;J01DD16;CEFDITORENO
J;ANTIINFECCIOSOS PARA USO SISTÉMICO;J01D;OTROS ANTIBACTERIANOS BETALACTÁMICOS;J01DD;CEFALOSPORINAS DE LA TERCERA GENERACIÓN;J01DD17;CEFCAPENO
J;ANTIINFECCIOSOS PARA USO SISTÉMICO;J01D;OTROS ANTIBACTERIANOS BETALACTÁMICOS;J01DD;CEFALOSPORINAS DE LA TERCERA GENERACIÓN;J01DD54;CEFTRIAXONA, COMBINACIONES
J;ANTIINFECCIOSOS PARA USO SISTÉMICO;J01D;OTROS ANTIBACTERIANOS BETALACTÁMICOS;J01DD;CEFALOSPORINAS DE LA TERCERA GENERACIÓN;J01DD62;CEFOPERAZONA, COMBINACIONES
J;ANTIINFECCIOSOS PARA USO SISTÉMICO;J01D;OTROS ANTIBACTERIANOS BETALACTÁMICOS;J01DE;CEFALOSPORINAS DE LA CUARTA GENERACIÓN;J01DE01;CEFEPIMA
J;ANTIINFECCIOSOS PARA USO SISTÉMICO;J01D;OTROS ANTIBACTERIANOS BETALACTÁMICOS;J01DE;CEFALOSPORINAS DE LA CUARTA GENERACIÓN;J01DE02;CEFPIROMA
J;ANTIINFECCIOSOS PARA USO SISTÉMICO;J01D;OTROS ANTIBACTERIANOS BETALACTÁMICOS;J01DE;CEFALOSPORINAS DE LA CUARTA GENERACIÓN;J01DE03;CEFOZOPRÁN
J;ANTIINFECCIOSOS PARA USO SISTÉMICO;J01D;OTROS ANTIBACTERIANOS BETALACTÁMICOS;J01DF;MONOBACTÁMICOS;J01DF01;AZTREONAM
J;ANTIINFECCIOSOS PARA USO SISTÉMICO;J01D;OTROS ANTIBACTERIANOS BETALACTÁMICOS;J01DF;MONOBACTÁMICOS;J01DF02;CARUMONAM
J;ANTIINFECCIOSOS PARA USO SISTÉMICO;J01D;OTROS ANTIBACTERIANOS BETALACTÁMICOS;J01DH;DERIVADOS DEL CARBAPENEM;J01DH02;MEROPENEM
J;ANTIINFECCIOSOS PARA USO SISTÉMICO;J01D;OTROS ANTIBACTERIANOS BETALACTÁMICOS;J01DH;DERIVADOS DEL CARBAPENEM;J01DH03;ERTAPENEM
J;ANTIINFECCIOSOS PARA USO SISTÉMICO;J01D;OTROS ANTIBACTERIANOS BETALACTÁMICOS;J01DH;DERIVADOS DEL CARBAPENEM;J01DH04;DORIPENEM
J;ANTIINFECCIOSOS PARA USO SISTÉMICO;J01D;OTROS ANTIBACTERIANOS BETALACTÁMICOS;J01DH;DERIVADOS DEL CARBAPENEM;J01DH05;BIAPENEM
J;ANTIINFECCIOSOS PARA USO SISTÉMICO;J01D;OTROS ANTIBACTERIANOS BETALACTÁMICOS;J01DH;DERIVADOS DEL CARBAPENEM;J01DH51;IMIPENEM E ENZIMA INHIBIDORA
J;ANTIINFECCIOSOS PARA USO SISTÉMICO;J01D;OTROS ANTIBACTERIANOS BETALACTÁMICOS;J01DH;DERIVADOS DEL CARBAPENEM;J01DH55;PANIPENEM Y BETAMIPRON
J;ANTIINFECCIOSOS PARA USO SISTÉMICO;J01D;OTROS ANTIBACTERIANOS BETALACTÁMICOS;J01DI;OTRAS CEFALOSPORINAS Y PENEMES;J01DI01;CEFTOBIPROL MEDOCARILO
J;ANTIINFECCIOSOS PARA USO SISTÉMICO;J01D;OTROS ANTIBACTERIANOS BETALACTÁMICOS;J01DI;OTRAS CEFALOSPORINAS Y PENEMES;J01DI02;CEFTAROLINA FOSAMILO
J;ANTIINFECCIOSOS PARA USO SISTÉMICO;J01D;OTROS ANTIBACTERIANOS BETALACTÁMICOS;J01DI;OTRAS CEFALOSPORINAS Y PENEMES;J01DI03;FAROPENEM
J;ANTIINFECCIOSOS PARA USO SISTÉMICO;J01E;SULFONAMIDAS Y TRIMETOPRIMA;J01EA;TRIMETOPRIMA Y DERIVADOS;J01EA01;TRIMETOPRIMA
J;ANTIINFECCIOSOS PARA USO SISTÉMICO;J01E;SULFONAMIDAS Y TRIMETOPRIMA;J01EA;TRIMETOPRIMA Y DERIVADOS;J01EA02;BRODIMOPRIMA
J;ANTIINFECCIOSOS PARA USO SISTÉMICO;J01E;SULFONAMIDAS Y TRIMETOPRIMA;J01EA;TRIMETOPRIMA Y DERIVADOS;J01EA03;ICLAPRIM
J;ANTIINFECCIOSOS PARA USO SISTÉMICO;J01E;SULFONAMIDAS Y TRIMETOPRIMA;J01EB;SULFONAMIDAS DE ACCIÓN CORTA;J01EB01;SULFAISODIMIDINA
J;ANTIINFECCIOSOS PARA USO SISTÉMICO;J01E;SULFONAMIDAS Y TRIMETOPRIMA;J01EB;SULFONAMIDAS DE ACCIÓN CORTA;J01EB02;SULFAMETIZOL
J;ANTIINFECCIOSOS PARA USO SISTÉMICO;J01E;SULFONAMIDAS Y TRIMETOPRIMA;J01EB;SULFONAMIDAS DE ACCIÓN CORTA;J01EB03;SULFADIMIDINA
J;ANTIINFECCIOSOS PARA USO SISTÉMICO;J01E;SULFONAMIDAS Y TRIMETOPRIMA;J01EB;SULFONAMIDAS DE ACCIÓN CORTA;J01EB04;SULFAPIRIDINA
J;ANTIINFECCIOSOS PARA USO SISTÉMICO;J01E;SULFONAMIDAS Y TRIMETOPRIMA;J01EB;SULFONAMIDAS DE ACCIÓN CORTA;J01EB05;SULFAFURAZOL
J;ANTIINFECCIOSOS PARA USO SISTÉMICO;J01E;SULFONAMIDAS Y TRIMETOPRIMA;J01EB;SULFONAMIDAS DE ACCIÓN CORTA;J01EB06;SULFANILAMIDA
J;ANTIINFECCIOSOS PARA USO SISTÉMICO;J01E;SULFONAMIDAS Y TRIMETOPRIMA;J01EB;SULFONAMIDAS DE ACCIÓN CORTA;J01EB07;SULFATIAZOL
J;ANTIINFECCIOSOS PARA USO SISTÉMICO;J01E;SULFONAMIDAS Y TRIMETOPRIMA;J01EB;SULFONAMIDAS DE ACCIÓN CORTA;J01EB08;SULFATIOUREA
J;ANTIINFECCIOSOS PARA USO SISTÉMICO;J01E;SULFONAMIDAS Y TRIMETOPRIMA;J01EB;SULFONAMIDAS DE ACCIÓN CORTA;J01EB20;COMBINACIONES
J;ANTIINFECCIOSOS PARA USO SISTÉMICO;J01E;SULFONAMIDAS Y TRIMETOPRIMA;J01EC;SULFONAMIDAS DE ACCIÓN INTERMEDIA;J01EC01;SULFAMETOXAZOL
J;ANTIINFECCIOSOS PARA USO SISTÉMICO;J01E;SULFONAMIDAS Y TRIMETOPRIMA;J01EC;SULFONAMIDAS DE ACCIÓN INTERMEDIA;J01EC02;SULFADIAZINA
J;ANTIINFECCIOSOS PARA USO SISTÉMICO;J01E;SULFONAMIDAS Y TRIMETOPRIMA;J01EC;SULFONAMIDAS DE ACCIÓN INTERMEDIA;J01EC03;SULFAMOXOL
J;ANTIINFECCIOSOS PARA USO SISTÉMICO;J01E;SULFONAMIDAS Y TRIMETOPRIMA;J01EC;SULFONAMIDAS DE ACCIÓN INTERMEDIA;J01EC20;COMBINACIONES
J;ANTIINFECCIOSOS PARA USO SISTÉMICO;J01E;SULFONAMIDAS Y TRIMETOPRIMA;J01ED;SULFONAMIDAS DE ACCIÓN LARGA;J01ED01;SULFADIMETOXINA
J;ANTIINFECCIOSOS PARA USO SISTÉMICO;J01E;SULFONAMIDAS Y TRIMETOPRIMA;J01ED;SULFONAMIDAS DE ACCIÓN LARGA;J01ED02;SULFALENO
J;ANTIINFECCIOSOS PARA USO SISTÉMICO;J01E;SULFONAMIDAS Y TRIMETOPRIMA;J01ED;SULFONAMIDAS DE ACCIÓN LARGA;J01ED03;SULFAMETOMIDINA
J;ANTIINFECCIOSOS PARA USO SISTÉMICO;J01E;SULFONAMIDAS Y TRIMETOPRIMA;J01ED;SULFONAMIDAS DE ACCIÓN LARGA;J01ED04;SULFAMETOXIDIAZINA
J;ANTIINFECCIOSOS PARA USO SISTÉMICO;J01E;SULFONAMIDAS Y TRIMETOPRIMA;J01ED;SULFONAMIDAS DE ACCIÓN LARGA;J01ED05;SULFAMETOXIPIRIDAZINA
J;ANTIINFECCIOSOS PARA USO SISTÉMICO;J01E;SULFONAMIDAS Y TRIMETOPRIMA;J01ED;SULFONAMIDAS DE ACCIÓN LARGA;J01ED06;SULFAPERINA
J;ANTIINFECCIOSOS PARA USO SISTÉMICO;J01E;SULFONAMIDAS Y TRIMETOPRIMA;J01ED;SULFONAMIDAS DE ACCIÓN LARGA;J01ED07;SULFAMERAZINA
J;ANTIINFECCIOSOS PARA USO SISTÉMICO;J01E;SULFONAMIDAS Y TRIMETOPRIMA;J01ED;SULFONAMIDAS DE ACCIÓN LARGA;J01ED08;SULFAFENAZOL
J;ANTIINFECCIOSOS PARA USO SISTÉMICO;J01E;SULFONAMIDAS Y TRIMETOPRIMA;J01ED;SULFONAMIDAS DE ACCIÓN LARGA;J01ED09;SULFAMAZONA
J;ANTIINFECCIOSOS PARA USO SISTÉMICO;J01E;SULFONAMIDAS Y TRIMETOPRIMA;J01ED;SULFONAMIDAS DE ACCIÓN LARGA;J01ED20;COMBINACIONES
J;ANTIINFECCIOSOS PARA USO SISTÉMICO;J01E;SULFONAMIDAS Y TRIMETOPRIMA;J01EE;COMBINACIONES DE SULFONAMIDAS Y TRIMETOPRIMA, INCL. DERIVADOS;J01EE01;SULFAMETOXAZOL Y TRIMETOPRIMA
J;ANTIINFECCIOSOS PARA USO SISTÉMICO;J01E;SULFONAMIDAS Y TRIMETOPRIMA;J01EE;COMBINACIONES DE SULFONAMIDAS Y TRIMETOPRIMA, INCL. DERIVADOS;J01EE02;SULFADIAZINA Y TRIMETOPRIMA
J;ANTIINFECCIOSOS PARA USO SISTÉMICO;J01E;SULFONAMIDAS Y TRIMETOPRIMA;J01EE;COMBINACIONES DE SULFONAMIDAS Y TRIMETOPRIMA, INCL. DERIVADOS;J01EE03;SULFAMETROL Y TRIMETOPRIMA
J;ANTIINFECCIOSOS PARA USO SISTÉMICO;J01E;SULFONAMIDAS Y TRIMETOPRIMA;J01EE;COMBINACIONES DE SULFONAMIDAS Y TRIMETOPRIMA, INCL. DERIVADOS;J01EE04;SULFAMOXOL Y TRIMETOPRIMA
J;ANTIINFECCIOSOS PARA USO SISTÉMICO;J01E;SULFONAMIDAS Y TRIMETOPRIMA;J01EE;COMBINACIONES DE SULFONAMIDAS Y TRIMETOPRIMA, INCL. DERIVADOS;J01EE05;SULFADIMIDINA Y TRIMETOPRIMA
J;ANTIINFECCIOSOS PARA USO SISTÉMICO;J01E;SULFONAMIDAS Y TRIMETOPRIMA;J01EE;COMBINACIONES DE SULFONAMIDAS Y TRIMETOPRIMA, INCL. DERIVADOS;J01EE06;SULFADIAZINA Y TETROXOPRIMA
J;ANTIINFECCIOSOS PARA USO SISTÉMICO;J01E;SULFONAMIDAS Y TRIMETOPRIMA;J01EE;COMBINACIONES DE SULFONAMIDAS Y TRIMETOPRIMA, INCL. DERIVADOS;J01EE07;SULFAMERAZINA Y TRIMETOPRIMA
J;ANTIINFECCIOSOS PARA USO SISTÉMICO;J01F;MACRÓLIDOS, LINCOSAMIDAS Y ESTREPTOGRAMINAS;J01FA;MACRÓLIDOS;J01FA01;ERITROMICINA
J;ANTIINFECCIOSOS PARA USO SISTÉMICO;J01F;MACRÓLIDOS, LINCOSAMIDAS Y ESTREPTOGRAMINAS;J01FA;MACRÓLIDOS;J01FA02;ESPIRAMICINA
J;ANTIINFECCIOSOS PARA USO SISTÉMICO;J01F;MACRÓLIDOS, LINCOSAMIDAS Y ESTREPTOGRAMINAS;J01FA;MACRÓLIDOS;J01FA03;MIDECAMICINA
J;ANTIINFECCIOSOS PARA USO SISTÉMICO;J01F;MACRÓLIDOS, LINCOSAMIDAS Y ESTREPTOGRAMINAS;J01FA;MACRÓLIDOS;J01FA05;OLEANDOMICINA
J;ANTIINFECCIOSOS PARA USO SISTÉMICO;J01F;MACRÓLIDOS, LINCOSAMIDAS Y ESTREPTOGRAMINAS;J01FA;MACRÓLIDOS;J01FA06;ROXITROMICINA
J;ANTIINFECCIOSOS PARA USO SISTÉMICO;J01F;MACRÓLIDOS, LINCOSAMIDAS Y ESTREPTOGRAMINAS;J01FA;MACRÓLIDOS;J01FA07;JOSAMICINA
J;ANTIINFECCIOSOS PARA USO SISTÉMICO;J01F;MACRÓLIDOS, LINCOSAMIDAS Y ESTREPTOGRAMINAS;J01FA;MACRÓLIDOS;J01FA08;TROLEANDOMICINA
J;ANTIINFECCIOSOS PARA USO SISTÉMICO;J01F;MACRÓLIDOS, LINCOSAMIDAS Y ESTREPTOGRAMINAS;J01FA;MACRÓLIDOS;J01FA09;CLARITROMICINA
J;ANTIINFECCIOSOS PARA USO SISTÉMICO;J01F;MACRÓLIDOS, LINCOSAMIDAS Y ESTREPTOGRAMINAS;J01FA;MACRÓLIDOS;J01FA10;AZITROMICINA
J;ANTIINFECCIOSOS PARA USO SISTÉMICO;J01F;MACRÓLIDOS, LINCOSAMIDAS Y ESTREPTOGRAMINAS;J01FA;MACRÓLIDOS;J01FA11;MIOCAMICINA
J;ANTIINFECCIOSOS PARA USO SISTÉMICO;J01F;MACRÓLIDOS, LINCOSAMIDAS Y ESTREPTOGRAMINAS;J01FA;MACRÓLIDOS;J01FA12;ROKITAMICINA
J;ANTIINFECCIOSOS PARA USO SISTÉMICO;J01F;MACRÓLIDOS, LINCOSAMIDAS Y ESTREPTOGRAMINAS;J01FA;MACRÓLIDOS;J01FA13;DIRITROMICINA
J;ANTIINFECCIOSOS PARA USO SISTÉMICO;J01F;MACRÓLIDOS, LINCOSAMIDAS Y ESTREPTOGRAMINAS;J01FA;MACRÓLIDOS;J01FA14;FLURITROMICINA
J;ANTIINFECCIOSOS PARA USO SISTÉMICO;J01F;MACRÓLIDOS, LINCOSAMIDAS Y ESTREPTOGRAMINAS;J01FA;MACRÓLIDOS;J01FA15;TELITROMICINA
J;ANTIINFECCIOSOS PARA USO SISTÉMICO;J01F;MACRÓLIDOS, LINCOSAMIDAS Y ESTREPTOGRAMINAS;J01FF;LINCOSAMIDAS;J01FF01;CLINDAMICINA
J;ANTIINFECCIOSOS PARA USO SISTÉMICO;J01F;MACRÓLIDOS, LINCOSAMIDAS Y ESTREPTOGRAMINAS;J01FF;LINCOSAMIDAS;J01FF02;LINCOMICINA
J;ANTIINFECCIOSOS PARA USO SISTÉMICO;J01F;MACRÓLIDOS, LINCOSAMIDAS Y ESTREPTOGRAMINAS;J01FG;ESTREPTOGRAMINAS;J01FG01;PRISTINAMICINA
J;ANTIINFECCIOSOS PARA USO SISTÉMICO;J01F;MACRÓLIDOS, LINCOSAMIDAS Y ESTREPTOGRAMINAS;J01FG;ESTREPTOGRAMINAS;J01FG02;QUINUPRISTINA/DALFOPRISTINA
J;ANTIINFECCIOSOS PARA USO SISTÉMICO;J01G;AMINOGLUCÓSIDOS ANTIBACTERIANOS;J01GA;ESTREPTOMICINAS;J01GA01;ESTREPTOMICINA
J;ANTIINFECCIOSOS PARA USO SISTÉMICO;J01G;AMINOGLUCÓSIDOS ANTIBACTERIANOS;J01GA;ESTREPTOMICINAS;J01GA02;ESTREPTODUOCINA
J;ANTIINFECCIOSOS PARA USO SISTÉMICO;J01G;AMINOGLUCÓSIDOS ANTIBACTERIANOS;J01GB;OTROS AMINOGLUCÓSIDOS;J01GB01;TOBRAMICINA
J;ANTIINFECCIOSOS PARA USO SISTÉMICO;J01G;AMINOGLUCÓSIDOS ANTIBACTERIANOS;J01GB;OTROS AMINOGLUCÓSIDOS;J01GB03;GENTAMICINA
J;ANTIINFECCIOSOS PARA USO SISTÉMICO;J01G;AMINOGLUCÓSIDOS ANTIBACTERIANOS;J01GB;OTROS AMINOGLUCÓSIDOS;J01GB04;KANAMICINA
J;ANTIINFECCIOSOS PARA USO SISTÉMICO;J01G;AMINOGLUCÓSIDOS ANTIBACTERIANOS;J01GB;OTROS AMINOGLUCÓSIDOS;J01GB05;NEOMICINA
J;ANTIINFECCIOSOS PARA USO SISTÉMICO;J01G;AMINOGLUCÓSIDOS ANTIBACTERIANOS;J01GB;OTROS AMINOGLUCÓSIDOS;J01GB06;AMIKACINA
J;ANTIINFECCIOSOS PARA USO SISTÉMICO;J01G;AMINOGLUCÓSIDOS ANTIBACTERIANOS;J01GB;OTROS AMINOGLUCÓSIDOS;J01GB07;NETILMICINA
J;ANTIINFECCIOSOS PARA USO SISTÉMICO;J01G;AMINOGLUCÓSIDOS ANTIBACTERIANOS;J01GB;OTROS AMINOGLUCÓSIDOS;J01GB08;SISOMICINA
J;ANTIINFECCIOSOS PARA USO SISTÉMICO;J01G;AMINOGLUCÓSIDOS ANTIBACTERIANOS;J01GB;OTROS AMINOGLUCÓSIDOS;J01GB09;DIBEKACINA
J;ANTIINFECCIOSOS PARA USO SISTÉMICO;J01G;AMINOGLUCÓSIDOS ANTIBACTERIANOS;J01GB;OTROS AMINOGLUCÓSIDOS;J01GB10;RIBOSTAMICINA
J;ANTIINFECCIOSOS PARA USO SISTÉMICO;J01G;AMINOGLUCÓSIDOS ANTIBACTERIANOS;J01GB;OTROS AMINOGLUCÓSIDOS;J01GB11;ISEPAMICINA
J;ANTIINFECCIOSOS PARA USO SISTÉMICO;J01G;AMINOGLUCÓSIDOS ANTIBACTERIANOS;J01GB;OTROS AMINOGLUCÓSIDOS;J01GB12;ARBEKACINA
J;ANTIINFECCIOSOS PARA USO SISTÉMICO;J01G;AMINOGLUCÓSIDOS ANTIBACTERIANOS;J01GB;OTROS AMINOGLUCÓSIDOS;J01GB13;BEKANAMICINA
J;ANTIINFECCIOSOS PARA USO SISTÉMICO;J01M;QUINOLONAS ANTIBACTERIANAS;J01MA;FLUOROQUINOLONAS;J01MA01;OFLOXACINO
J;ANTIINFECCIOSOS PARA USO SISTÉMICO;J01M;QUINOLONAS ANTIBACTERIANAS;J01MA;FLUOROQUINOLONAS;J01MA02;CIPROFLOXACINO
J;ANTIINFECCIOSOS PARA USO SISTÉMICO;J01M;QUINOLONAS ANTIBACTERIANAS;J01MA;FLUOROQUINOLONAS;J01MA03;PEFLOXACINO
J;ANTIINFECCIOSOS PARA USO SISTÉMICO;J01M;QUINOLONAS ANTIBACTERIANAS;J01MA;FLUOROQUINOLONAS;J01MA04;ENOXACINO
J;ANTIINFECCIOSOS PARA USO SISTÉMICO;J01M;QUINOLONAS ANTIBACTERIANAS;J01MA;FLUOROQUINOLONAS;J01MA05;TEMAFLOXACINO
J;ANTIINFECCIOSOS PARA USO SISTÉMICO;J01M;QUINOLONAS ANTIBACTERIANAS;J01MA;FLUOROQUINOLONAS;J01MA06;NORFLOXACINO
J;ANTIINFECCIOSOS PARA USO SISTÉMICO;J01M;QUINOLONAS ANTIBACTERIANAS;J01MA;FLUOROQUINOLONAS;J01MA07;LOMEFLOXACINO
J;ANTIINFECCIOSOS PARA USO SISTÉMICO;J01M;QUINOLONAS ANTIBACTERIANAS;J01MA;FLUOROQUINOLONAS;J01MA08;FLEROXACINO
J;ANTIINFECCIOSOS PARA USO SISTÉMICO;J01M;QUINOLONAS ANTIBACTERIANAS;J01MA;FLUOROQUINOLONAS;J01MA09;ESPARFLOXACINO
J;ANTIINFECCIOSOS PARA USO SISTÉMICO;J01M;QUINOLONAS ANTIBACTERIANAS;J01MA;FLUOROQUINOLONAS;J01MA10;RUFLOXACINO
J;ANTIINFECCIOSOS PARA USO SISTÉMICO;J01M;QUINOLONAS ANTIBACTERIANAS;J01MA;FLUOROQUINOLONAS;J01MA11;GREPAFLOXACINO
J;ANTIINFECCIOSOS PARA USO SISTÉMICO;J01M;QUINOLONAS ANTIBACTERIANAS;J01MA;FLUOROQUINOLONAS;J01MA12;LEVOFLOXACINO
J;ANTIINFECCIOSOS PARA USO SISTÉMICO;J01M;QUINOLONAS ANTIBACTERIANAS;J01MA;FLUOROQUINOLONAS;J01MA13;TROVAFLOXACINO
J;ANTIINFECCIOSOS PARA USO SISTÉMICO;J01M;QUINOLONAS ANTIBACTERIANAS;J01MA;FLUOROQUINOLONAS;J01MA14;MOXIFLOXACINO
J;ANTIINFECCIOSOS PARA USO SISTÉMICO;J01M;QUINOLONAS ANTIBACTERIANAS;J01MA;FLUOROQUINOLONAS;J01MA15;GEMIFLOXACINO
J;ANTIINFECCIOSOS PARA USO SISTÉMICO;J01M;QUINOLONAS ANTIBACTERIANAS;J01MA;FLUOROQUINOLONAS;J01MA16;GATIFLOXACINO
J;ANTIINFECCIOSOS PARA USO SISTÉMICO;J01M;QUINOLONAS ANTIBACTERIANAS;J01MA;FLUOROQUINOLONAS;J01MA17;PRULIFLOXACINO
J;ANTIINFECCIOSOS PARA USO SISTÉMICO;J01M;QUINOLONAS ANTIBACTERIANAS;J01MA;FLUOROQUINOLONAS;J01MA18;PAZUFLOXACINO
J;ANTIINFECCIOSOS PARA USO SISTÉMICO;J01M;QUINOLONAS ANTIBACTERIANAS;J01MA;FLUOROQUINOLONAS;J01MA19;GARENOXACINA
J;ANTIINFECCIOSOS PARA USO SISTÉMICO;J01M;QUINOLONAS ANTIBACTERIANAS;J01MA;FLUOROQUINOLONAS;J01MA21;SITAFLOXACINO
J;ANTIINFECCIOSOS PARA USO SISTÉMICO;J01M;QUINOLONAS ANTIBACTERIANAS;J01MB;OTRAS QUINOLONAS;J01MB01;ROSOXACINO
J;ANTIINFECCIOSOS PARA USO SISTÉMICO;J01M;QUINOLONAS ANTIBACTERIANAS;J01MB;OTRAS QUINOLONAS;J01MB02;ÁCIDO NALIDÍXICO
J;ANTIINFECCIOSOS PARA USO SISTÉMICO;J01M;QUINOLONAS ANTIBACTERIANAS;J01MB;OTRAS QUINOLONAS;J01MB03;ÁCIDO PIROMÍDICO
J;ANTIINFECCIOSOS PARA USO SISTÉMICO;J01M;QUINOLONAS ANTIBACTERIANAS;J01MB;OTRAS QUINOLONAS;J01MB04;ÁCIDO PIPEMÍDICO
J;ANTIINFECCIOSOS PARA USO SISTÉMICO;J01M;QUINOLONAS ANTIBACTERIANAS;J01MB;OTRAS QUINOLONAS;J01MB05;ÁCIDO OXOLÍNICO
J;ANTIINFECCIOSOS PARA USO SISTÉMICO;J01M;QUINOLONAS ANTIBACTERIANAS;J01MB;OTRAS QUINOLONAS;J01MB06;CINOXACINO
J;ANTIINFECCIOSOS PARA USO SISTÉMICO;J01M;QUINOLONAS ANTIBACTERIANAS;J01MB;OTRAS QUINOLONAS;J01MB07;FLUMEQUINA
J;ANTIINFECCIOSOS PARA USO SISTÉMICO;J01R;COMBINACIONES DE ANTIBACTERIANOS;J01RA;COMBINACIONES DE ANTIBACTERIANOS;J01RA01;PENICILINAS, COMBINACION CON OTROS ANTIBACTERIANOS
J;ANTIINFECCIOSOS PARA USO SISTÉMICO;J01R;COMBINACIONES DE ANTIBACTERIANOS;J01RA;COMBINACIONES DE ANTIBACTERIANOS;J01RA02;SULFONAMIDAS, COMBINACION CON OTROS ANTIBACTERIANOS (EXCLUIDOS TRIMETOPRIMA)
J;ANTIINFECCIOSOS PARA USO SISTÉMICO;J01R;COMBINACIONES DE ANTIBACTERIANOS;J01RA;COMBINACIONES DE ANTIBACTERIANOS;J01RA03;CEFUROXIMA, COMBINACION CON OTROS ANTIBACTERIANOS
J;ANTIINFECCIOSOS PARA USO SISTÉMICO;J01R;COMBINACIONES DE ANTIBACTERIANOS;J01RA;COMBINACIONES DE ANTIBACTERIANOS;J01RA04;ESPIRAMICINA, COMBINACION CON OTROS ANTIBACTERIANOS
J;ANTIINFECCIOSOS PARA USO SISTÉMICO;J01R;COMBINACIONES DE ANTIBACTERIANOS;J01RA;COMBINACIONES DE ANTIBACTERIANOS;J01RA05;LEVOFLOXACINOY ORNIDAZOL
J;ANTIINFECCIOSOS PARA USO SISTÉMICO;J01X;OTROS ANTIBACTERIANOS;J01XA;GLICOPÉPTIDOS ANTIBACTERIANOS;J01XA01;VANCOMICINA
J;ANTIINFECCIOSOS PARA USO SISTÉMICO;J01X;OTROS ANTIBACTERIANOS;J01XA;GLICOPÉPTIDOS ANTIBACTERIANOS;J01XA02;TEICOPLANINA
J;ANTIINFECCIOSOS PARA USO SISTÉMICO;J01X;OTROS ANTIBACTERIANOS;J01XA;GLICOPÉPTIDOS ANTIBACTERIANOS;J01XA03;TELAVANCINA
J;ANTIINFECCIOSOS PARA USO SISTÉMICO;J01X;OTROS ANTIBACTERIANOS;J01XA;GLICOPÉPTIDOS ANTIBACTERIANOS;J01XA04;DALBAVANCINA
J;ANTIINFECCIOSOS PARA USO SISTÉMICO;J01X;OTROS ANTIBACTERIANOS;J01XA;GLICOPÉPTIDOS ANTIBACTERIANOS;J01XA05;ORITAVANCINA
J;ANTIINFECCIOSOS PARA USO SISTÉMICO;J01X;OTROS ANTIBACTERIANOS;J01XB;POLIMIXINAS;J01XB01;COLISTINA
J;ANTIINFECCIOSOS PARA USO SISTÉMICO;J01X;OTROS ANTIBACTERIANOS;J01XB;POLIMIXINAS;J01XB02;POLIMIXINA B
J;ANTIINFECCIOSOS PARA USO SISTÉMICO;J01X;OTROS ANTIBACTERIANOS;J01XC;ESTEROIDES ANTIBACTERIANOS;J01XC01;ÁCIDO FUSÍDICO
J;ANTIINFECCIOSOS PARA USO SISTÉMICO;J01X;OTROS ANTIBACTERIANOS;J01XD;DERIVADOS IMIDAZÓLICOS;J01XD01;METRONIDAZOL
J;ANTIINFECCIOSOS PARA USO SISTÉMICO;J01X;OTROS ANTIBACTERIANOS;J01XD;DERIVADOS IMIDAZÓLICOS;J01XD02;TINIDAZOL
J;ANTIINFECCIOSOS PARA USO SISTÉMICO;J01X;OTROS ANTIBACTERIANOS;J01XD;DERIVADOS IMIDAZÓLICOS;J01XD03;ORNIDAZOL
J;ANTIINFECCIOSOS PARA USO SISTÉMICO;J01X;OTROS ANTIBACTERIANOS;J01XE;DERIVADOS DEL NITROFURANO;J01XE01;NITROFURANTOÍNA
J;ANTIINFECCIOSOS PARA USO SISTÉMICO;J01X;OTROS ANTIBACTERIANOS;J01XE;DERIVADOS DEL NITROFURANO;J01XE02;NIFURTOINOL
J;ANTIINFECCIOSOS PARA USO SISTÉMICO;J01X;OTROS ANTIBACTERIANOS;J01XX;OTROS ANTIBACTERIANOS;J01XX01;FOSFOMICINA
J;ANTIINFECCIOSOS PARA USO SISTÉMICO;J01X;OTROS ANTIBACTERIANOS;J01XX;OTROS ANTIBACTERIANOS;J01XX02;XIBORNOL
J;ANTIINFECCIOSOS PARA USO SISTÉMICO;J01X;OTROS ANTIBACTERIANOS;J01XX;OTROS ANTIBACTERIANOS;J01XX03;CLOFOCTOL
J;ANTIINFECCIOSOS PARA USO SISTÉMICO;J01X;OTROS ANTIBACTERIANOS;J01XX;OTROS ANTIBACTERIANOS;J01XX04;ESPECTINOMICINA
J;ANTIINFECCIOSOS PARA USO SISTÉMICO;J01X;OTROS ANTIBACTERIANOS;J01XX;OTROS ANTIBACTERIANOS;J01XX05;METENAMINA
J;ANTIINFECCIOSOS PARA USO SISTÉMICO;J01X;OTROS ANTIBACTERIANOS;J01XX;OTROS ANTIBACTERIANOS;J01XX06;ÁCIDO MANDÉLICO
J;ANTIINFECCIOSOS PARA USO SISTÉMICO;J01X;OTROS ANTIBACTERIANOS;J01XX;OTROS ANTIBACTERIANOS;J01XX07;NITROXOLINA
J;ANTIINFECCIOSOS PARA USO SISTÉMICO;J01X;OTROS ANTIBACTERIANOS;J01XX;OTROS ANTIBACTERIANOS;J01XX08;LINEZOLID
J;ANTIINFECCIOSOS PARA USO SISTÉMICO;J01X;OTROS ANTIBACTERIANOS;J01XX;OTROS ANTIBACTERIANOS;J01XX09;DAPTOMYCINA
J;ANTIINFECCIOSOS PARA USO SISTÉMICO;J01X;OTROS ANTIBACTERIANOS;J01XX;OTROS ANTIBACTERIANOS;J01XX10;BACITRACINA
J;ANTIINFECCIOSOS PARA USO SISTÉMICO;J02A;ANTIMICÓTICOS PARA USO SISTÉMICO;J02AA;ANTIBIÓTICOS;J02AA01;AMFOTERICINA B
J;ANTIINFECCIOSOS PARA USO SISTÉMICO;J02A;ANTIMICÓTICOS PARA USO SISTÉMICO;J02AA;ANTIBIÓTICOS;J02AA02;HACHIMICINA
J;ANTIINFECCIOSOS PARA USO SISTÉMICO;J02A;ANTIMICÓTICOS PARA USO SISTÉMICO;J02AB;DERIVADOS IMIDAZÓLICOS;J02AB01;MICONAZOL
J;ANTIINFECCIOSOS PARA USO SISTÉMICO;J02A;ANTIMICÓTICOS PARA USO SISTÉMICO;J02AB;DERIVADOS IMIDAZÓLICOS;J02AB02;KETOCONAZOL
J;ANTIINFECCIOSOS PARA USO SISTÉMICO;J02A;ANTIMICÓTICOS PARA USO SISTÉMICO;J02AC;DERIVADOS TRIAZÓLICOS;J02AC01;FLUCONAZOL
J;ANTIINFECCIOSOS PARA USO SISTÉMICO;J02A;ANTIMICÓTICOS PARA USO SISTÉMICO;J02AC;DERIVADOS TRIAZÓLICOS;J02AC02;ITRACONAZOL
J;ANTIINFECCIOSOS PARA USO SISTÉMICO;J02A;ANTIMICÓTICOS PARA USO SISTÉMICO;J02AC;DERIVADOS TRIAZÓLICOS;J02AC03;VORICONAZOL
J;ANTIINFECCIOSOS PARA USO SISTÉMICO;J02A;ANTIMICÓTICOS PARA USO SISTÉMICO;J02AC;DERIVADOS TRIAZÓLICOS;J02AC04;POSACONAZOL
J;ANTIINFECCIOSOS PARA USO SISTÉMICO;J02A;ANTIMICÓTICOS PARA USO SISTÉMICO;J02AX;OTROS ANTIMICÓTICOS PARA USO SISTÉMICO;J02AX01;FLUCITOSINA
J;ANTIINFECCIOSOS PARA USO SISTÉMICO;J02A;ANTIMICÓTICOS PARA USO SISTÉMICO;J02AX;OTROS ANTIMICÓTICOS PARA USO SISTÉMICO;J02AX04;CASPOFUNGINA
J;ANTIINFECCIOSOS PARA USO SISTÉMICO;J02A;ANTIMICÓTICOS PARA USO SISTÉMICO;J02AX;OTROS ANTIMICÓTICOS PARA USO SISTÉMICO;J02AX05;MICAFUNGINA
J;ANTIINFECCIOSOS PARA USO SISTÉMICO;J02A;ANTIMICÓTICOS PARA USO SISTÉMICO;J02AX;OTROS ANTIMICÓTICOS PARA USO SISTÉMICO;J02AX06;ANIDULAFUNGINA
J;ANTIINFECCIOSOS PARA USO SISTÉMICO;J04A;DROGAS PARA EL TRATAMIENTO DE LA TUBERCULOSIS;J04AA;ÁCIDO AMINOSALICÍLICO Y DERIVADOS;J04AA01;ÁCIDO AMINOSALICÍLICO
J;ANTIINFECCIOSOS PARA USO SISTÉMICO;J04A;DROGAS PARA EL TRATAMIENTO DE LA TUBERCULOSIS;J04AA;ÁCIDO AMINOSALICÍLICO Y DERIVADOS;J04AA02;AMINOSALICILATO DE SODIO
J;ANTIINFECCIOSOS PARA USO SISTÉMICO;J04A;DROGAS PARA EL TRATAMIENTO DE LA TUBERCULOSIS;J04AA;ÁCIDO AMINOSALICÍLICO Y DERIVADOS;J04AA03;AMINOSALICILATO DE CALCIO
J;ANTIINFECCIOSOS PARA USO SISTÉMICO;J04A;DROGAS PARA EL TRATAMIENTO DE LA TUBERCULOSIS;J04AB;ANTIBIÓTICOS;J04AB01;CICLOSERINA
J;ANTIINFECCIOSOS PARA USO SISTÉMICO;J04A;DROGAS PARA EL TRATAMIENTO DE LA TUBERCULOSIS;J04AB;ANTIBIÓTICOS;J04AB02;RIFAMPICINA
J;ANTIINFECCIOSOS PARA USO SISTÉMICO;J04A;DROGAS PARA EL TRATAMIENTO DE LA TUBERCULOSIS;J04AB;ANTIBIÓTICOS;J04AB03;RIFAMICINA
J;ANTIINFECCIOSOS PARA USO SISTÉMICO;J04A;DROGAS PARA EL TRATAMIENTO DE LA TUBERCULOSIS;J04AB;ANTIBIÓTICOS;J04AB04;RIFABUTINA
J;ANTIINFECCIOSOS PARA USO SISTÉMICO;J04A;DROGAS PARA EL TRATAMIENTO DE LA TUBERCULOSIS;J04AB;ANTIBIÓTICOS;J04AB05;RIFAPENTINA
J;ANTIINFECCIOSOS PARA USO SISTÉMICO;J04A;DROGAS PARA EL TRATAMIENTO DE LA TUBERCULOSIS;J04AB;ANTIBIÓTICOS;J04AB30;CAPREOMICINA
J;ANTIINFECCIOSOS PARA USO SISTÉMICO;J04A;DROGAS PARA EL TRATAMIENTO DE LA TUBERCULOSIS;J04AC;HIDRAZIDAS;J04AC01;ISONIAZIDA
J;ANTIINFECCIOSOS PARA USO SISTÉMICO;J04A;DROGAS PARA EL TRATAMIENTO DE LA TUBERCULOSIS;J04AC;HIDRAZIDAS;J04AC51;ISONIAZIDA, COMBINACIONES
J;ANTIINFECCIOSOS PARA USO SISTÉMICO;J04A;DROGAS PARA EL TRATAMIENTO DE LA TUBERCULOSIS;J04AD;DERIVADOS DE LA TIOCARBAMIDA;J04AD01;PROTIONAMIDA
J;ANTIINFECCIOSOS PARA USO SISTÉMICO;J04A;DROGAS PARA EL TRATAMIENTO DE LA TUBERCULOSIS;J04AD;DERIVADOS DE LA TIOCARBAMIDA;J04AD02;TIOCARLIDA
J;ANTIINFECCIOSOS PARA USO SISTÉMICO;J04A;DROGAS PARA EL TRATAMIENTO DE LA TUBERCULOSIS;J04AD;DERIVADOS DE LA TIOCARBAMIDA;J04AD03;ETIONAMIDA
J;ANTIINFECCIOSOS PARA USO SISTÉMICO;J04A;DROGAS PARA EL TRATAMIENTO DE LA TUBERCULOSIS;J04AK;OTRAS DROGAS PARA EL TRATAMIENTO DE LA TUBERCULOSIS;J04AK01;PIRAZINAMIDA
J;ANTIINFECCIOSOS PARA USO SISTÉMICO;J04A;DROGAS PARA EL TRATAMIENTO DE LA TUBERCULOSIS;J04AK;OTRAS DROGAS PARA EL TRATAMIENTO DE LA TUBERCULOSIS;J04AK02;ETAMBUTOL
J;ANTIINFECCIOSOS PARA USO SISTÉMICO;J04A;DROGAS PARA EL TRATAMIENTO DE LA TUBERCULOSIS;J04AK;OTRAS DROGAS PARA EL TRATAMIENTO DE LA TUBERCULOSIS;J04AK03;TERIZIDONA
J;ANTIINFECCIOSOS PARA USO SISTÉMICO;J04A;DROGAS PARA EL TRATAMIENTO DE LA TUBERCULOSIS;J04AK;OTRAS DROGAS PARA EL TRATAMIENTO DE LA TUBERCULOSIS;J04AK04;MORINAMIDA
J;ANTIINFECCIOSOS PARA USO SISTÉMICO;J04A;DROGAS PARA EL TRATAMIENTO DE LA TUBERCULOSIS;J04AK;OTRAS DROGAS PARA EL TRATAMIENTO DE LA TUBERCULOSIS;J04AK06;DELAMANID
J;ANTIINFECCIOSOS PARA USO SISTÉMICO;J04A;DROGAS PARA EL TRATAMIENTO DE LA TUBERCULOSIS;J04AM;COMBINACIONES DE  DROGAS PARA EL TRATAMIENTO DE LA TUBERCULOSIS;J04AM01;ESTREPTOMICINA E ISONIAZIDA
J;ANTIINFECCIOSOS PARA USO SISTÉMICO;J04A;DROGAS PARA EL TRATAMIENTO DE LA TUBERCULOSIS;J04AM;COMBINACIONES DE  DROGAS PARA EL TRATAMIENTO DE LA TUBERCULOSIS;J04AM02;RIFAMPICINA E ISONIAZIDA
J;ANTIINFECCIOSOS PARA USO SISTÉMICO;J04A;DROGAS PARA EL TRATAMIENTO DE LA TUBERCULOSIS;J04AM;COMBINACIONES DE  DROGAS PARA EL TRATAMIENTO DE LA TUBERCULOSIS;J04AM03;ETAMBUTOL E ISONIAZIDA
J;ANTIINFECCIOSOS PARA USO SISTÉMICO;J04A;DROGAS PARA EL TRATAMIENTO DE LA TUBERCULOSIS;J04AM;COMBINACIONES DE  DROGAS PARA EL TRATAMIENTO DE LA TUBERCULOSIS;J04AM04;TIOACETAZONA E ISONIAZIDA
J;ANTIINFECCIOSOS PARA USO SISTÉMICO;J04A;DROGAS PARA EL TRATAMIENTO DE LA TUBERCULOSIS;J04AM;COMBINACIONES DE  DROGAS PARA EL TRATAMIENTO DE LA TUBERCULOSIS;J04AM05;RIFAMPICINA, PIRAZINAMIDA E ISONIAZIDA
J;ANTIINFECCIOSOS PARA USO SISTÉMICO;J04A;DROGAS PARA EL TRATAMIENTO DE LA TUBERCULOSIS;J04AM;COMBINACIONES DE  DROGAS PARA EL TRATAMIENTO DE LA TUBERCULOSIS;J04AM06;RIFAMPICINA, PIRAZINAMIDA, ETAMBUTOL E ISONIAZIDA
J;ANTIINFECCIOSOS PARA USO SISTÉMICO;J04B;DROGAS PARA EL TRATAMIENTO DE LA LEPRA;J04BA;DROGAS PARA EL TRATAMIENTO DE LA LEPRA;J04BA01;CLOFAZIMINA
J;ANTIINFECCIOSOS PARA USO SISTÉMICO;J04B;DROGAS PARA EL TRATAMIENTO DE LA LEPRA;J04BA;DROGAS PARA EL TRATAMIENTO DE LA LEPRA;J04BA02;DAPSONA
J;ANTIINFECCIOSOS PARA USO SISTÉMICO;J04B;DROGAS PARA EL TRATAMIENTO DE LA LEPRA;J04BA;DROGAS PARA EL TRATAMIENTO DE LA LEPRA;J04BA03;ALDESULFONA SÓDICA
J;ANTIINFECCIOSOS PARA USO SISTÉMICO;J05A;ANTIVIRALES DE ACCIÓN DIRECTA;J05AA;TIOSEMICARBAZONAS;J05AA01;METISAZONA
J;ANTIINFECCIOSOS PARA USO SISTÉMICO;J05A;ANTIVIRALES DE ACCIÓN DIRECTA;J05AB;NUCLEÓSIDOS Y NUCLEÓTIDOS, EXCLUIDOS INHIBIDORES DE LA TRANSCRIPTASA REVERSA;J05AB01;ACICLOVIR
J;ANTIINFECCIOSOS PARA USO SISTÉMICO;J05A;ANTIVIRALES DE ACCIÓN DIRECTA;J05AB;NUCLEÓSIDOS Y NUCLEÓTIDOS, EXCLUIDOS INHIBIDORES DE LA TRANSCRIPTASA REVERSA;J05AB02;IDOXURIDINA
J;ANTIINFECCIOSOS PARA USO SISTÉMICO;J05A;ANTIVIRALES DE ACCIÓN DIRECTA;J05AB;NUCLEÓSIDOS Y NUCLEÓTIDOS, EXCLUIDOS INHIBIDORES DE LA TRANSCRIPTASA REVERSA;J05AB03;VIDARABINA
J;ANTIINFECCIOSOS PARA USO SISTÉMICO;J05A;ANTIVIRALES DE ACCIÓN DIRECTA;J05AB;NUCLEÓSIDOS Y NUCLEÓTIDOS, EXCLUIDOS INHIBIDORES DE LA TRANSCRIPTASA REVERSA;J05AB04;RIBAVIRINA
J;ANTIINFECCIOSOS PARA USO SISTÉMICO;J05A;ANTIVIRALES DE ACCIÓN DIRECTA;J05AB;NUCLEÓSIDOS Y NUCLEÓTIDOS, EXCLUIDOS INHIBIDORES DE LA TRANSCRIPTASA REVERSA;J05AB06;GANCICLOVIR
J;ANTIINFECCIOSOS PARA USO SISTÉMICO;J05A;ANTIVIRALES DE ACCIÓN DIRECTA;J05AB;NUCLEÓSIDOS Y NUCLEÓTIDOS, EXCLUIDOS INHIBIDORES DE LA TRANSCRIPTASA REVERSA;J05AB09;FAMCICLOVIR
J;ANTIINFECCIOSOS PARA USO SISTÉMICO;J05A;ANTIVIRALES DE ACCIÓN DIRECTA;J05AB;NUCLEÓSIDOS Y NUCLEÓTIDOS, EXCLUIDOS INHIBIDORES DE LA TRANSCRIPTASA REVERSA;J05AB11;VALACICLOVIR
J;ANTIINFECCIOSOS PARA USO SISTÉMICO;J05A;ANTIVIRALES DE ACCIÓN DIRECTA;J05AB;NUCLEÓSIDOS Y NUCLEÓTIDOS, EXCLUIDOS INHIBIDORES DE LA TRANSCRIPTASA REVERSA;J05AB12;CIDOFOVIR
J;ANTIINFECCIOSOS PARA USO SISTÉMICO;J05A;ANTIVIRALES DE ACCIÓN DIRECTA;J05AB;NUCLEÓSIDOS Y NUCLEÓTIDOS, EXCLUIDOS INHIBIDORES DE LA TRANSCRIPTASA REVERSA;J05AB13;PENCICLOVIR
J;ANTIINFECCIOSOS PARA USO SISTÉMICO;J05A;ANTIVIRALES DE ACCIÓN DIRECTA;J05AB;NUCLEÓSIDOS Y NUCLEÓTIDOS, EXCLUIDOS INHIBIDORES DE LA TRANSCRIPTASA REVERSA;J05AB14;VALGANCICLOVIR
J;ANTIINFECCIOSOS PARA USO SISTÉMICO;J05A;ANTIVIRALES DE ACCIÓN DIRECTA;J05AB;NUCLEÓSIDOS Y NUCLEÓTIDOS, EXCLUIDOS INHIBIDORES DE LA TRANSCRIPTASA REVERSA;J05AB15;BRIVUDINA
J;ANTIINFECCIOSOS PARA USO SISTÉMICO;J05A;ANTIVIRALES DE ACCIÓN DIRECTA;J05AC;AMINAS CÍCLICAS;J05AC02;RIMANTADINA
J;ANTIINFECCIOSOS PARA USO SISTÉMICO;J05A;ANTIVIRALES DE ACCIÓN DIRECTA;J05AC;AMINAS CÍCLICAS;J05AC03;TROMANTADINA
J;ANTIINFECCIOSOS PARA USO SISTÉMICO;J05A;ANTIVIRALES DE ACCIÓN DIRECTA;J05AD;DERIVADOS DEL ÁCIDO FOSFÓNICO;J05AD01;FOSCARNET
J;ANTIINFECCIOSOS PARA USO SISTÉMICO;J05A;ANTIVIRALES DE ACCIÓN DIRECTA;J05AD;DERIVADOS DEL ÁCIDO FOSFÓNICO;J05AD02;FOSFONET
J;ANTIINFECCIOSOS PARA USO SISTÉMICO;J05A;ANTIVIRALES DE ACCIÓN DIRECTA;J05AE;INHIBIDORES DE PROTEASA;J05AE01;SAQUINAVIR
J;ANTIINFECCIOSOS PARA USO SISTÉMICO;J05A;ANTIVIRALES DE ACCIÓN DIRECTA;J05AE;INHIBIDORES DE PROTEASA;J05AE02;INDINAVIR
J;ANTIINFECCIOSOS PARA USO SISTÉMICO;J05A;ANTIVIRALES DE ACCIÓN DIRECTA;J05AE;INHIBIDORES DE PROTEASA;J05AE03;RITONAVIR
J;ANTIINFECCIOSOS PARA USO SISTÉMICO;J05A;ANTIVIRALES DE ACCIÓN DIRECTA;J05AE;INHIBIDORES DE PROTEASA;J05AE04;NELFINAVIR
J;ANTIINFECCIOSOS PARA USO SISTÉMICO;J05A;ANTIVIRALES DE ACCIÓN DIRECTA;J05AE;INHIBIDORES DE PROTEASA;J05AE05;AMPRENAVIR
J;ANTIINFECCIOSOS PARA USO SISTÉMICO;J05A;ANTIVIRALES DE ACCIÓN DIRECTA;J05AE;INHIBIDORES DE PROTEASA;J05AE07;FOSAMPRENAVIR
J;ANTIINFECCIOSOS PARA USO SISTÉMICO;J05A;ANTIVIRALES DE ACCIÓN DIRECTA;J05AE;INHIBIDORES DE PROTEASA;J05AE08;ATAZANAVIR
J;ANTIINFECCIOSOS PARA USO SISTÉMICO;J05A;ANTIVIRALES DE ACCIÓN DIRECTA;J05AE;INHIBIDORES DE PROTEASA;J05AE09;TIPRANAVIR
J;ANTIINFECCIOSOS PARA USO SISTÉMICO;J05A;ANTIVIRALES DE ACCIÓN DIRECTA;J05AE;INHIBIDORES DE PROTEASA;J05AE10;DARUNAVIR
J;ANTIINFECCIOSOS PARA USO SISTÉMICO;J05A;ANTIVIRALES DE ACCIÓN DIRECTA;J05AE;INHIBIDORES DE PROTEASA;J05AE11;TELAPREVIR
J;ANTIINFECCIOSOS PARA USO SISTÉMICO;J05A;ANTIVIRALES DE ACCIÓN DIRECTA;J05AE;INHIBIDORES DE PROTEASA;J05AE12;BOCEPREVIR
J;ANTIINFECCIOSOS PARA USO SISTÉMICO;J05A;ANTIVIRALES DE ACCIÓN DIRECTA;J05AF;NUCLEÓSIDOS Y NUCLEÓTIDOS INHIBIDORES DE LA TRANSCRIPTASA REVERSA;J05AF01;ZIDOVUDINA
J;ANTIINFECCIOSOS PARA USO SISTÉMICO;J05A;ANTIVIRALES DE ACCIÓN DIRECTA;J05AF;NUCLEÓSIDOS Y NUCLEÓTIDOS INHIBIDORES DE LA TRANSCRIPTASA REVERSA;J05AF02;DIDANOSINA
J;ANTIINFECCIOSOS PARA USO SISTÉMICO;J05A;ANTIVIRALES DE ACCIÓN DIRECTA;J05AF;NUCLEÓSIDOS Y NUCLEÓTIDOS INHIBIDORES DE LA TRANSCRIPTASA REVERSA;J05AF03;ZALCITABINA
J;ANTIINFECCIOSOS PARA USO SISTÉMICO;J05A;ANTIVIRALES DE ACCIÓN DIRECTA;J05AF;NUCLEÓSIDOS Y NUCLEÓTIDOS INHIBIDORES DE LA TRANSCRIPTASA REVERSA;J05AF04;ESTAVUDINA
J;ANTIINFECCIOSOS PARA USO SISTÉMICO;J05A;ANTIVIRALES DE ACCIÓN DIRECTA;J05AF;NUCLEÓSIDOS Y NUCLEÓTIDOS INHIBIDORES DE LA TRANSCRIPTASA REVERSA;J05AF05;LAMIVUDINA
J;ANTIINFECCIOSOS PARA USO SISTÉMICO;J05A;ANTIVIRALES DE ACCIÓN DIRECTA;J05AF;NUCLEÓSIDOS Y NUCLEÓTIDOS INHIBIDORES DE LA TRANSCRIPTASA REVERSA;J05AF06;ABACAVIR
J;ANTIINFECCIOSOS PARA USO SISTÉMICO;J05A;ANTIVIRALES DE ACCIÓN DIRECTA;J05AF;NUCLEÓSIDOS Y NUCLEÓTIDOS INHIBIDORES DE LA TRANSCRIPTASA REVERSA;J05AF07;TENOFOVIR DISOPROXILO
J;ANTIINFECCIOSOS PARA USO SISTÉMICO;J05A;ANTIVIRALES DE ACCIÓN DIRECTA;J05AF;NUCLEÓSIDOS Y NUCLEÓTIDOS INHIBIDORES DE LA TRANSCRIPTASA REVERSA;J05AF08;ADEFOVIR DIPIVOXIL
J;ANTIINFECCIOSOS PARA USO SISTÉMICO;J05A;ANTIVIRALES DE ACCIÓN DIRECTA;J05AF;NUCLEÓSIDOS Y NUCLEÓTIDOS INHIBIDORES DE LA TRANSCRIPTASA REVERSA;J05AF09;EMTRICITABINA
J;ANTIINFECCIOSOS PARA USO SISTÉMICO;J05A;ANTIVIRALES DE ACCIÓN DIRECTA;J05AF;NUCLEÓSIDOS Y NUCLEÓTIDOS INHIBIDORES DE LA TRANSCRIPTASA REVERSA;J05AF10;ENTECAVIR
J;ANTIINFECCIOSOS PARA USO SISTÉMICO;J05A;ANTIVIRALES DE ACCIÓN DIRECTA;J05AF;NUCLEÓSIDOS Y NUCLEÓTIDOS INHIBIDORES DE LA TRANSCRIPTASA REVERSA;J05AF11;TELBIVUDINA
J;ANTIINFECCIOSOS PARA USO SISTÉMICO;J05A;ANTIVIRALES DE ACCIÓN DIRECTA;J05AF;NUCLEÓSIDOS Y NUCLEÓTIDOS INHIBIDORES DE LA TRANSCRIPTASA REVERSA;J05AF12;CLEVUDINA
J;ANTIINFECCIOSOS PARA USO SISTÉMICO;J05A;ANTIVIRALES DE ACCIÓN DIRECTA;J05AG;INHIBIDORES NO NUCLEOSÍDICOS DE LA TRANSCRIPTASA REVERSA;J05AG01;NEVIRAPINA
J;ANTIINFECCIOSOS PARA USO SISTÉMICO;J05A;ANTIVIRALES DE ACCIÓN DIRECTA;J05AG;INHIBIDORES NO NUCLEOSÍDICOS DE LA TRANSCRIPTASA REVERSA;J05AG02;DELAVIRDINA
J;ANTIINFECCIOSOS PARA USO SISTÉMICO;J05A;ANTIVIRALES DE ACCIÓN DIRECTA;J05AG;INHIBIDORES NO NUCLEOSÍDICOS DE LA TRANSCRIPTASA REVERSA;J05AG03;EFAVIRENZ
J;ANTIINFECCIOSOS PARA USO SISTÉMICO;J05A;ANTIVIRALES DE ACCIÓN DIRECTA;J05AG;INHIBIDORES NO NUCLEOSÍDICOS DE LA TRANSCRIPTASA REVERSA;J05AG04;ETRAVIRINA
J;ANTIINFECCIOSOS PARA USO SISTÉMICO;J05A;ANTIVIRALES DE ACCIÓN DIRECTA;J05AG;INHIBIDORES NO NUCLEOSÍDICOS DE LA TRANSCRIPTASA REVERSA;J05AG05;RILPIVIRINA
J;ANTIINFECCIOSOS PARA USO SISTÉMICO;J05A;ANTIVIRALES DE ACCIÓN DIRECTA;J05AH;INHIBIDORES DE LA NEURAMINIDASA;J05AH01;ZANAMIVIR
J;ANTIINFECCIOSOS PARA USO SISTÉMICO;J05A;ANTIVIRALES DE ACCIÓN DIRECTA;J05AH;INHIBIDORES DE LA NEURAMINIDASA;J05AH02;OSELTAMIVIR
J;ANTIINFECCIOSOS PARA USO SISTÉMICO;J05A;ANTIVIRALES DE ACCIÓN DIRECTA;J05AH;INHIBIDORES DE LA NEURAMINIDASA;J05AK05;BEDAQUILINA
J;ANTIINFECCIOSOS PARA USO SISTÉMICO;J05A;ANTIVIRALES DE ACCIÓN DIRECTA;J05AR;ANTIVIRALES PARA EL TRATAMIENTO DE INFECCIONES DE VIH Y COMBINACIONES;J05AR01;ZIDOVUDINE Y LAMIVUDINE
J;ANTIINFECCIOSOS PARA USO SISTÉMICO;J05A;ANTIVIRALES DE ACCIÓN DIRECTA;J05AR;ANTIVIRALES PARA EL TRATAMIENTO DE INFECCIONES DE VIH Y COMBINACIONES;J05AR02;LAMIVUDINE Y ABACAVIR
J;ANTIINFECCIOSOS PARA USO SISTÉMICO;J05A;ANTIVIRALES DE ACCIÓN DIRECTA;J05AR;ANTIVIRALES PARA EL TRATAMIENTO DE INFECCIONES DE VIH Y COMBINACIONES;J05AR03;TENOFOVIR DISOPROXIL Y EMTRICITABINE
J;ANTIINFECCIOSOS PARA USO SISTÉMICO;J05A;ANTIVIRALES DE ACCIÓN DIRECTA;J05AR;ANTIVIRALES PARA EL TRATAMIENTO DE INFECCIONES DE VIH Y COMBINACIONES;J05AR04;ZIDOVUDINE, LAMIVUDINE Y ABACAVIR
J;ANTIINFECCIOSOS PARA USO SISTÉMICO;J05A;ANTIVIRALES DE ACCIÓN DIRECTA;J05AR;ANTIVIRALES PARA EL TRATAMIENTO DE INFECCIONES DE VIH Y COMBINACIONES;J05AR05;ZIDOVUDINA, AMIVUDINA Y NEVIRAPINA
J;ANTIINFECCIOSOS PARA USO SISTÉMICO;J05A;ANTIVIRALES DE ACCIÓN DIRECTA;J05AR;ANTIVIRALES PARA EL TRATAMIENTO DE INFECCIONES DE VIH Y COMBINACIONES;J05AR06;EMTRICITABINA, TENOFOVIR DISOPROXIL Y EFAVIRENZ
J;ANTIINFECCIOSOS PARA USO SISTÉMICO;J05A;ANTIVIRALES DE ACCIÓN DIRECTA;J05AR;ANTIVIRALES PARA EL TRATAMIENTO DE INFECCIONES DE VIH Y COMBINACIONES;J05AR07;ESTAVUDINA, LAMIVUDINA Y NEVIRAPINA
J;ANTIINFECCIOSOS PARA USO SISTÉMICO;J05A;ANTIVIRALES DE ACCIÓN DIRECTA;J05AR;ANTIVIRALES PARA EL TRATAMIENTO DE INFECCIONES DE VIH Y COMBINACIONES;J05AR08;EMTRICITABINA, TENOFOVIR DISOPROXIL Y RILPIVIRINA
J;ANTIINFECCIOSOS PARA USO SISTÉMICO;J05A;ANTIVIRALES DE ACCIÓN DIRECTA;J05AR;ANTIVIRALES PARA EL TRATAMIENTO DE INFECCIONES DE VIH Y COMBINACIONES;J05AR09;EMTRICITABINA, TENOFOVIR DISOPROXIL, ELVITEGRAVIR Y COBICISTAT
J;ANTIINFECCIOSOS PARA USO SISTÉMICO;J05A;ANTIVIRALES DE ACCIÓN DIRECTA;J05AR;ANTIVIRALES PARA EL TRATAMIENTO DE INFECCIONES DE VIH Y COMBINACIONES;J05AR10;LOPINAVIR Y RITONAVIR
J;ANTIINFECCIOSOS PARA USO SISTÉMICO;J05A;ANTIVIRALES DE ACCIÓN DIRECTA;J05AR;ANTIVIRALES PARA EL TRATAMIENTO DE INFECCIONES DE VIH Y COMBINACIONES;J05AR11;"""LAMIVUGINA; TENOFOVIR DISAPROXILO Y EFAVIRENZ"""
J;ANTIINFECCIOSOS PARA USO SISTÉMICO;J05A;ANTIVIRALES DE ACCIÓN DIRECTA;J05AX;OTROS ANTIVIRALES;J05AX01;MOROXIDINA
J;ANTIINFECCIOSOS PARA USO SISTÉMICO;J05A;ANTIVIRALES DE ACCIÓN DIRECTA;J05AX;OTROS ANTIVIRALES;J05AX02;LISOZIMA
J;ANTIINFECCIOSOS PARA USO SISTÉMICO;J05A;ANTIVIRALES DE ACCIÓN DIRECTA;J05AX;OTROS ANTIVIRALES;J05AX05;INOSINA PRANOVEX
J;ANTIINFECCIOSOS PARA USO SISTÉMICO;J05A;ANTIVIRALES DE ACCIÓN DIRECTA;J05AX;OTROS ANTIVIRALES;J05AX06;PLECONARILO
J;ANTIINFECCIOSOS PARA USO SISTÉMICO;J05A;ANTIVIRALES DE ACCIÓN DIRECTA;J05AX;OTROS ANTIVIRALES;J05AX07;ENFUVIRTIDA
J;ANTIINFECCIOSOS PARA USO SISTÉMICO;J05A;ANTIVIRALES DE ACCIÓN DIRECTA;J05AX;OTROS ANTIVIRALES;J05AX08;RALTEGRAVIR
J;ANTIINFECCIOSOS PARA USO SISTÉMICO;J05A;ANTIVIRALES DE ACCIÓN DIRECTA;J05AX;OTROS ANTIVIRALES;J05AX09;MARAVIROC
J;ANTIINFECCIOSOS PARA USO SISTÉMICO;J05A;ANTIVIRALES DE ACCIÓN DIRECTA;J05AX;OTROS ANTIVIRALES;J05AX10;MARIBAVIR
J;ANTIINFECCIOSOS PARA USO SISTÉMICO;J05A;ANTIVIRALES DE ACCIÓN DIRECTA;J05AX;OTROS ANTIVIRALES;J05AX11;ELVITEGRAVIR
J;ANTIINFECCIOSOS PARA USO SISTÉMICO;J05A;ANTIVIRALES DE ACCIÓN DIRECTA;J05AX;OTROS ANTIVIRALES;J05AX12;DOLUTEGRAVIR
J;ANTIINFECCIOSOS PARA USO SISTÉMICO;J06A;SUEROS INMUNES;J06AA;SUEROS INMUNES;J06AA01;DIFTÉRICA, ANTITOXINA
J;ANTIINFECCIOSOS PARA USO SISTÉMICO;J06A;SUEROS INMUNES;J06AA;SUEROS INMUNES;J06AA02;TETÁNICA, ANTITOXINA
J;ANTIINFECCIOSOS PARA USO SISTÉMICO;J06A;SUEROS INMUNES;J06AA;SUEROS INMUNES;J06AA03;SUERO ANTIOFÍDICO
J;ANTIINFECCIOSOS PARA USO SISTÉMICO;J06A;SUEROS INMUNES;J06AA;SUEROS INMUNES;J06AA04;BOTULÍNICA, ANTITOXINA
J;ANTIINFECCIOSOS PARA USO SISTÉMICO;J06A;SUEROS INMUNES;J06AA;SUEROS INMUNES;J06AA05;GANGRENA GASEOSA, SUERO CONTRA LA
J;ANTIINFECCIOSOS PARA USO SISTÉMICO;J06A;SUEROS INMUNES;J06AA;SUEROS INMUNES;J06AA06;ANTIRRÁBICO, SUERO
J;ANTIINFECCIOSOS PARA USO SISTÉMICO;J06B;INMUNOGLOBULINAS;J06BA;INMUNOGLOBULINAS HUMANAS NORMALES;J06BA01;INMUNOGLOBULINAS HUMANAS NORMALES PARA ADM. EXTRAVASCULAR
J;ANTIINFECCIOSOS PARA USO SISTÉMICO;J06B;INMUNOGLOBULINAS;J06BA;INMUNOGLOBULINAS HUMANAS NORMALES;J06BA02;INMUNOGLOBULINAS HUMANAS NORMALES PARA ADM. INTRAVASCULAR
J;ANTIINFECCIOSOS PARA USO SISTÉMICO;J06B;INMUNOGLOBULINAS;J06BB;INMUNOGLOBULINAS ESPECÍFICAS;J06BB01;INMUNOGLOBULINA ANTI-D (RH)
J;ANTIINFECCIOSOS PARA USO SISTÉMICO;J06B;INMUNOGLOBULINAS;J06BB;INMUNOGLOBULINAS ESPECÍFICAS;J06BB02;INMUNOGLOBULINA ANTITETÁNICA
J;ANTIINFECCIOSOS PARA USO SISTÉMICO;J06B;INMUNOGLOBULINAS;J06BB;INMUNOGLOBULINAS ESPECÍFICAS;J06BB03;INMUNOGLOBULINA ANTI-VARICELA/ZOSTER
J;ANTIINFECCIOSOS PARA USO SISTÉMICO;J06B;INMUNOGLOBULINAS;J06BB;INMUNOGLOBULINAS ESPECÍFICAS;J06BB04;INMUNOGLOBULINA ANTIHEPATITIS B
J;ANTIINFECCIOSOS PARA USO SISTÉMICO;J06B;INMUNOGLOBULINAS;J06BB;INMUNOGLOBULINAS ESPECÍFICAS;J06BB05;INMUNOGLOBULINA ANTIRRÁBICA
J;ANTIINFECCIOSOS PARA USO SISTÉMICO;J06B;INMUNOGLOBULINAS;J06BB;INMUNOGLOBULINAS ESPECÍFICAS;J06BB06;INMUNOGLOBULINA ANTIRRUBÉOLICA
J;ANTIINFECCIOSOS PARA USO SISTÉMICO;J06B;INMUNOGLOBULINAS;J06BB;INMUNOGLOBULINAS ESPECÍFICAS;J06BB07;INMUNOGLOBULINA ANTIVACCINIA
J;ANTIINFECCIOSOS PARA USO SISTÉMICO;J06B;INMUNOGLOBULINAS;J06BB;INMUNOGLOBULINAS ESPECÍFICAS;J06BB08;INMUNOGLOBULINA ANTIESTAFILOCOCO
J;ANTIINFECCIOSOS PARA USO SISTÉMICO;J06B;INMUNOGLOBULINAS;J06BB;INMUNOGLOBULINAS ESPECÍFICAS;J06BB09;INMUNOGLOBULINA ANTICITOMEGALOVIRUS
J;ANTIINFECCIOSOS PARA USO SISTÉMICO;J06B;INMUNOGLOBULINAS;J06BB;INMUNOGLOBULINAS ESPECÍFICAS;J06BB10;INMUNOGLOBULINA ANTIDIFTÉRICA
J;ANTIINFECCIOSOS PARA USO SISTÉMICO;J06B;INMUNOGLOBULINAS;J06BB;INMUNOGLOBULINAS ESPECÍFICAS;J06BB11;INMUNOGLOBULINA ANTIHEPATITIS A
J;ANTIINFECCIOSOS PARA USO SISTÉMICO;J06B;INMUNOGLOBULINAS;J06BB;INMUNOGLOBULINAS ESPECÍFICAS;J06BB12;INMUNOGLOBULINA, ANTIENCEFALITIS, (TRANSMITIDA POR GARRAPATAS)
J;ANTIINFECCIOSOS PARA USO SISTÉMICO;J06B;INMUNOGLOBULINAS;J06BB;INMUNOGLOBULINAS ESPECÍFICAS;J06BB13;INMUNOGLOBULINA ANTIPERTUSSIS
J;ANTIINFECCIOSOS PARA USO SISTÉMICO;J06B;INMUNOGLOBULINAS;J06BB;INMUNOGLOBULINAS ESPECÍFICAS;J06BB14;INMUNOGLOBULINA ANTISARAMPIONOSA
J;ANTIINFECCIOSOS PARA USO SISTÉMICO;J06B;INMUNOGLOBULINAS;J06BB;INMUNOGLOBULINAS ESPECÍFICAS;J06BB15;INMUNOGLOBULINA ANTIPAROTIDITICA
J;ANTIINFECCIOSOS PARA USO SISTÉMICO;J06B;INMUNOGLOBULINAS;J06BB;INMUNOGLOBULINAS ESPECÍFICAS;J06BB16;PALIVIZUMAB
J;ANTIINFECCIOSOS PARA USO SISTÉMICO;J06B;INMUNOGLOBULINAS;J06BB;INMUNOGLOBULINAS ESPECÍFICAS;J06BB17;MOTAVIZUMAB
J;ANTIINFECCIOSOS PARA USO SISTÉMICO;J06B;INMUNOGLOBULINAS;J06BB;INMUNOGLOBULINAS ESPECÍFICAS;J06BB30;COMBINACIONES
J;ANTIINFECCIOSOS PARA USO SISTÉMICO;J06B;INMUNOGLOBULINAS;J06BC;OTRAS INMUNOGLOBULINAS;J06BC01;NEBACUMAB
J;ANTIINFECCIOSOS PARA USO SISTÉMICO;J07A;VACUNAS ANTIBACTERIANAS;J07AC;VACUNAS CONTRA EL ÁNTRAX;J07AC01;ÁNTRAX, ANTÍGENO DE
J;ANTIINFECCIOSOS PARA USO SISTÉMICO;J07A;VACUNAS ANTIBACTERIANAS;J07AD;VACUNAS CONTRA LA BRUCELOSIS;J07AD01;BRUCELLA, ANTÍGENO DE
J;ANTIINFECCIOSOS PARA USO SISTÉMICO;J07A;VACUNAS ANTIBACTERIANAS;J07AE;VACUNAS CONTRA EL CÓLERA;J07AE01;CÓLERA, CÉLULA ENTERA INACTIVADA
J;ANTIINFECCIOSOS PARA USO SISTÉMICO;J07A;VACUNAS ANTIBACTERIANAS;J07AE;VACUNAS CONTRA EL CÓLERA;J07AE02;CÓLERA, VIBRIÓN VIVO ATENUADO
J;ANTIINFECCIOSOS PARA USO SISTÉMICO;J07A;VACUNAS ANTIBACTERIANAS;J07AE;VACUNAS CONTRA EL CÓLERA;J07AE51;CÓLERA, CÉLULA ENTERA INACTIVADA, COMBINACIONES CON VACUNA ANTITIFOIDEA
J;ANTIINFECCIOSOS PARA USO SISTÉMICO;J07A;VACUNAS ANTIBACTERIANAS;J07AF;VACUNAS ANTIDIFTÉRICA;J07AF01;DIFTÉRICO, TOXOIDE
J;ANTIINFECCIOSOS PARA USO SISTÉMICO;J07A;VACUNAS ANTIBACTERIANAS;J07AG;VACUNAS CONTRA EL HAEMOPHILUS INFLUENZAE B;J07AG01;HAEMOPHILUS INFLUENZAE B, ANTÍGENO PURIFICADO CONJUGADO
J;ANTIINFECCIOSOS PARA USO SISTÉMICO;J07A;VACUNAS ANTIBACTERIANAS;J07AG;VACUNAS CONTRA EL HAEMOPHILUS INFLUENZAE B;J07AG51;HAEMOPHILUS INFLUENZAE B, COMBINACIONES CON TOXOIDES
J;ANTIINFECCIOSOS PARA USO SISTÉMICO;J07A;VACUNAS ANTIBACTERIANAS;J07AG;VACUNAS CONTRA EL HAEMOPHILUS INFLUENZAE B;J07AG52;HAEMOPHILUS INFLUENZAE B, COMBINACIONES CON PERTUSSIS Y TOXOIDES
J;ANTIINFECCIOSOS PARA USO SISTÉMICO;J07A;VACUNAS ANTIBACTERIANAS;J07AG;VACUNAS CONTRA EL HAEMOPHILUS INFLUENZAE B;J07AG53;HAEMOPHILUS INFLUENZAE B, COMBINACIONES CON MENINGOCOCO C, CONJUGADO
J;ANTIINFECCIOSOS PARA USO SISTÉMICO;J07A;VACUNAS ANTIBACTERIANAS;J07AH;VACUNAS ANTIMENINGOCOCO;J07AH01;MENINGOCOCO A, ANTÍGENO DE POLISACÁRIDOS PURIFICADOS
J;ANTIINFECCIOSOS PARA USO SISTÉMICO;J07A;VACUNAS ANTIBACTERIANAS;J07AH;VACUNAS ANTIMENINGOCOCO;J07AH02;ANTÍGENO DE POLISACÁRIDO PURIFICADO DE OTROS MENINGOCOCOS
J;ANTIINFECCIOSOS PARA USO SISTÉMICO;J07A;VACUNAS ANTIBACTERIANAS;J07AH;VACUNAS ANTIMENINGOCOCO;J07AH03;MENINGOCOCO A,C, ANTÍGENO BIVALENTE, DE POLISACÁRIDOS PURIFICADOS
J;ANTIINFECCIOSOS PARA USO SISTÉMICO;J07A;VACUNAS ANTIBACTERIANAS;J07AH;VACUNAS ANTIMENINGOCOCO;J07AH04;MENINGOCOCO A,C,Y,W-135, ANTÍGENO TETRAVALENTE, CONSTITUIDO POR POLISACÁRIDO PURIFICADO
J;ANTIINFECCIOSOS PARA USO SISTÉMICO;J07A;VACUNAS ANTIBACTERIANAS;J07AH;VACUNAS ANTIMENINGOCOCO;J07AH05;ANTÍGENO POLIVALENTE DE POLISACÁRIDOS PURIFICADOS DE OTROS MENINGOCOCOS
J;ANTIINFECCIOSOS PARA USO SISTÉMICO;J07A;VACUNAS ANTIBACTERIANAS;J07AH;VACUNAS ANTIMENINGOCOCO;J07AH06;MENINGOCOCO B, VACUNA DE VESÍCULAS DE LA MEMBRANA EXTERNA
J;ANTIINFECCIOSOS PARA USO SISTÉMICO;J07A;VACUNAS ANTIBACTERIANAS;J07AH;VACUNAS ANTIMENINGOCOCO;J07AH07;MENINGOCOCO C, ANTÍGENOS CONJUGADO DE POLISACÁRIDOS PURIFICADOS
J;ANTIINFECCIOSOS PARA USO SISTÉMICO;J07A;VACUNAS ANTIBACTERIANAS;J07AH;VACUNAS ANTIMENINGOCOCO;J07AH08;MENINGOCOCO A,C,Y,W-135, ANTÍGENO CONJUGADO TETRAVALENTE, CONSTITUÍDO POR POLISACÁRIDOS PURIFICADOS
J;ANTIINFECCIOSOS PARA USO SISTÉMICO;J07A;VACUNAS ANTIBACTERIANAS;J07AH;VACUNAS ANTIMENINGOCOCO;J07AH09;MENINGOCOCO B, VACUNA MULTICOMPONENTE
J;ANTIINFECCIOSOS PARA USO SISTÉMICO;J07A;VACUNAS ANTIBACTERIANAS;J07AH;VACUNAS ANTIMENINGOCOCO;J07AH10;MENINGOCOCO A, ANTÍGENOS DE POLISACÁRIDOS PURIFICADOS, CONJUGADO
J;ANTIINFECCIOSOS PARA USO SISTÉMICO;J07A;VACUNAS ANTIBACTERIANAS;J07AJ;VACUNAS ANTIPERTUSSIS;J07AJ01;PERTUSSIS, CÉLULA ENTERA INACTIVADA
J;ANTIINFECCIOSOS PARA USO SISTÉMICO;J07A;VACUNAS ANTIBACTERIANAS;J07AJ;VACUNAS ANTIPERTUSSIS;J07AJ02;PERTUSSIS, ANTÍGENO PURIFICADO DE
J;ANTIINFECCIOSOS PARA USO SISTÉMICO;J07A;VACUNAS ANTIBACTERIANAS;J07AJ;VACUNAS ANTIPERTUSSIS;J07AJ51;PERTUSSIS, CÉLULAS ENTERAS INACTIVADA, COMBINACIONES CON TOXOIDES
J;ANTIINFECCIOSOS PARA USO SISTÉMICO;J07A;VACUNAS ANTIBACTERIANAS;J07AJ;VACUNAS ANTIPERTUSSIS;J07AJ52;PERTUSSIS, ANTÍGENO PURIFICADO, COMBINACIÓN CON TOXOIDES
J;ANTIINFECCIOSOS PARA USO SISTÉMICO;J07A;VACUNAS ANTIBACTERIANAS;J07AK;VACUNAS CONTRA LA  PESTE;J07AK01;PESTE, CÉLULA ENTERA INACTIVADA
J;ANTIINFECCIOSOS PARA USO SISTÉMICO;J07A;VACUNAS ANTIBACTERIANAS;J07AL;VACUNAS ANTINEUMOCOCO;J07AL01;NEUMOCOCO, ANTÍGENO DE POLISACÁRIDO PURIFICADO
J;ANTIINFECCIOSOS PARA USO SISTÉMICO;J07A;VACUNAS ANTIBACTERIANAS;J07AL;VACUNAS ANTINEUMOCOCO;J07AL02;NEUMOCOCO, ANTÍGENOS CONJUGADO DE POLISACÁRIDOS PURIFICADOS
J;ANTIINFECCIOSOS PARA USO SISTÉMICO;J07A;VACUNAS ANTIBACTERIANAS;J07AL;VACUNAS ANTINEUMOCOCO;J07AL52;ANTÍGENO DE NEUMOCOCO POLISACÁRIDO PURIFICADO Y HAEMOPHILUS INFLUENZAE, CONJUGADOS
J;ANTIINFECCIOSOS PARA USO SISTÉMICO;J07A;VACUNAS ANTIBACTERIANAS;J07AM;VACUNAS ANTITETÁNICAS;J07AM01;TETÁNICO, TOXOIDE
J;ANTIINFECCIOSOS PARA USO SISTÉMICO;J07A;VACUNAS ANTIBACTERIANAS;J07AM;VACUNAS ANTITETÁNICAS;J07AM51;TETÁNICO, TOXOIDE, COMBINACIONES CON TOXOIDE DIFTÉRICO
J;ANTIINFECCIOSOS PARA USO SISTÉMICO;J07A;VACUNAS ANTIBACTERIANAS;J07AM;VACUNAS ANTITETÁNICAS;J07AM52;TETÁNICO, TOXOIDE, COMBINACIONES CON INMUNOGLOBULINA ANTITETÁNICA
J;ANTIINFECCIOSOS PARA USO SISTÉMICO;J07A;VACUNAS ANTIBACTERIANAS;J07AN;VACUNA ANTITUBERCULOSA;J07AN01;TUBERCULOSIS, MICOBACTERIA VIVA ATENUADA
J;ANTIINFECCIOSOS PARA USO SISTÉMICO;J07A;VACUNAS ANTIBACTERIANAS;J07AP;VACUNAS ANTITIFOIDEAS;J07AP01;TIFOIDEA, VIVA ATENUADA, ORAL
J;ANTIINFECCIOSOS PARA USO SISTÉMICO;J07A;VACUNAS ANTIBACTERIANAS;J07AP;VACUNAS ANTITIFOIDEAS;J07AP02;TIFOIDEA, CÉLULA ENTERA INACTIVADA
J;ANTIINFECCIOSOS PARA USO SISTÉMICO;J07A;VACUNAS ANTIBACTERIANAS;J07AP;VACUNAS ANTITIFOIDEAS;J07AP03;TIFOIDEA, ANTÍGENO POLISACÁRIDO PURIFICADO
J;ANTIINFECCIOSOS PARA USO SISTÉMICO;J07A;VACUNAS ANTIBACTERIANAS;J07AP;VACUNAS ANTITIFOIDEAS;J07AP10;TIFOIDEA, COMBINACIONES CON TIPOS DE PARATYPHI
J;ANTIINFECCIOSOS PARA USO SISTÉMICO;J07A;VACUNAS ANTIBACTERIANAS;J07AR;VACUNAS CONTRA EL TIFUS (EXANTEMÁTICO);J07AR01;TIFUS EXANTEMÁTICO, INACTIVADO, CÉLULAS ENTERAS
J;ANTIINFECCIOSOS PARA USO SISTÉMICO;J07B;VACUNAS ANTIVIRALES;J07BA;VACUNAS CONTRA LA ENCEFALITIS;J07BA01;ENCEFALITIS TRANSMITIDA POR GARRAPATAS, VIRUS ENTERO INACTIVADO
J;ANTIINFECCIOSOS PARA USO SISTÉMICO;J07B;VACUNAS ANTIVIRALES;J07BA;VACUNAS CONTRA LA ENCEFALITIS;J07BA02;ENCEFALITIS JAPONESA, VIRUS ENTERO INACTIVADO
J;ANTIINFECCIOSOS PARA USO SISTÉMICO;J07B;VACUNAS ANTIVIRALES;J07BA;VACUNAS CONTRA LA ENCEFALITIS;J07BA03;"""ENCEFALITUS JAPONESA VIVA; ATENUADA"""
J;ANTIINFECCIOSOS PARA USO SISTÉMICO;J07B;VACUNAS ANTIVIRALES;J07BB;VACUNAS CONTRA LA GRIPE;J07BB01;INFLUENZA, VIRUS ENTERO INACTIVADO
J;ANTIINFECCIOSOS PARA USO SISTÉMICO;J07B;VACUNAS ANTIVIRALES;J07BB;VACUNAS CONTRA LA GRIPE;J07BB02;VIRUS DE LA INFLUEZA INACTIVADO Y SEPARADO, O ANTÍGENO SUPERFICIAL
J;ANTIINFECCIOSOS PARA USO SISTÉMICO;J07B;VACUNAS ANTIVIRALES;J07BB;VACUNAS CONTRA LA GRIPE;J07BB03;INFLUENZA, VIBRIÓN VIVO ATENUADO
J;ANTIINFECCIOSOS PARA USO SISTÉMICO;J07B;VACUNAS ANTIVIRALES;J07BC;VACUNAS CONTRA LA HEPATITIS;J07BC01;HEPATITIS B, ANTÍGENO PURIFICADO DE
J;ANTIINFECCIOSOS PARA USO SISTÉMICO;J07B;VACUNAS ANTIVIRALES;J07BC;VACUNAS CONTRA LA HEPATITIS;J07BC02;HEPATITIS A, VIRUS ENTERO INACTIVADO
J;ANTIINFECCIOSOS PARA USO SISTÉMICO;J07B;VACUNAS ANTIVIRALES;J07BC;VACUNAS CONTRA LA HEPATITIS;J07BC20;COMBINACIONES
J;ANTIINFECCIOSOS PARA USO SISTÉMICO;J07B;VACUNAS ANTIVIRALES;J07BD;VACUNAS CONTRA EL SARAMPIÓN;J07BD01;SARAMPIÓN, VIRUS VIVO ATENUADO
J;ANTIINFECCIOSOS PARA USO SISTÉMICO;J07B;VACUNAS ANTIVIRALES;J07BD;VACUNAS CONTRA EL SARAMPIÓN;J07BD51;SARAMPIÓN, VIRUS VIVO ATENUADO COMBINADO CON LA VACUNA CONTRA LA PAROTIDITIS
J;ANTIINFECCIOSOS PARA USO SISTÉMICO;J07B;VACUNAS ANTIVIRALES;J07BD;VACUNAS CONTRA EL SARAMPIÓN;J07BD52;SARAMPIÓN, VIRUS VIVO ATENUADO COMBINADO CON LA VACUNA CONTRA LA PAROTIDITIS Y LA RUBÉOLA
J;ANTIINFECCIOSOS PARA USO SISTÉMICO;J07B;VACUNAS ANTIVIRALES;J07BD;VACUNAS CONTRA EL SARAMPIÓN;J07BD53;SARAMPIÓN, VIRUS VIVO ATENUADO COMBINADO CON LA VACUNA CONTRA LA RUBÉOLA
J;ANTIINFECCIOSOS PARA USO SISTÉMICO;J07B;VACUNAS ANTIVIRALES;J07BD;VACUNAS CONTRA EL SARAMPIÓN;J07BD54;SARAMPIÓN, COMBINACIONES CON LA PAROTIDITIS, LA VARICELA Y LA RUBÉOLA, VIVOS ATENUADOS
J;ANTIINFECCIOSOS PARA USO SISTÉMICO;J07B;VACUNAS ANTIVIRALES;J07BE;VACUNAS CONTRA LA PAROTIDITIS;J07BE01;PAROTIDITIS, VIRUS VIVO ATENUADO
J;ANTIINFECCIOSOS PARA USO SISTÉMICO;J07B;VACUNAS ANTIVIRALES;J07BF;VACUNAS CONTRA LA POLIOMIELITIS;J07BF01;POLIOMIELITIS, VACUNA ORAL, VIRUS VIVO ATENUADO, MONOVALENTE
J;ANTIINFECCIOSOS PARA USO SISTÉMICO;J07B;VACUNAS ANTIVIRALES;J07BF;VACUNAS CONTRA LA POLIOMIELITIS;J07BF02;POLIOMIELITIS, VACUNA ORAL, VIRUS VIVO ATENUADO, TRIVALENTE
J;ANTIINFECCIOSOS PARA USO SISTÉMICO;J07B;VACUNAS ANTIVIRALES;J07BF;VACUNAS CONTRA LA POLIOMIELITIS;J07BF03;POLIOMIELITIS, INACTIVADO, VIRUS ENTERO, TRIVALENTE
J;ANTIINFECCIOSOS PARA USO SISTÉMICO;J07B;VACUNAS ANTIVIRALES;J07BF;VACUNAS CONTRA LA POLIOMIELITIS;J07BF04;POLIOMIELITIS, VACUNA ORAL, VIRUS VIVO ATENUADO, BIVALENTE
J;ANTIINFECCIOSOS PARA USO SISTÉMICO;J07B;VACUNAS ANTIVIRALES;J07BG;VACUNAS CONTRA LA RABIA;J07BG01;RABIA, VIRUS ENTERO INACTIVADO
J;ANTIINFECCIOSOS PARA USO SISTÉMICO;J07B;VACUNAS ANTIVIRALES;J07BH;VACUNAS CONTRA LA DIARREA POR ROTAVIRUS;J07BH01;ROTAVIRUS, VIRUS VIVO ATENUADO
J;ANTIINFECCIOSOS PARA USO SISTÉMICO;J07B;VACUNAS ANTIVIRALES;J07BH;VACUNAS CONTRA LA DIARREA POR ROTAVIRUS;J07BH02;ROTAVIRUS, PENTAVALENTE, VIVO, REASORTANTES
J;ANTIINFECCIOSOS PARA USO SISTÉMICO;J07B;VACUNAS ANTIVIRALES;J07BJ;VACUNAS CONTRA LA RUBÉOLA;J07BJ01;RUBÉOLA, VIRUS VIVO ATENUADO
J;ANTIINFECCIOSOS PARA USO SISTÉMICO;J07B;VACUNAS ANTIVIRALES;J07BJ;VACUNAS CONTRA LA RUBÉOLA;J07BJ51;RUBÉOLA, VIRUS VIVOS ATENUADOS COMBINACIONES CON LA VACUNA CONTRA LA PAROTIDITIS
J;ANTIINFECCIOSOS PARA USO SISTÉMICO;J07B;VACUNAS ANTIVIRALES;J07BK;VACUNAS ANTI VARICELA ZÓSTER;J07BK01;VARICELA, VIRUS VIVO ATENUADO
J;ANTIINFECCIOSOS PARA USO SISTÉMICO;J07B;VACUNAS ANTIVIRALES;J07BK;VACUNAS ANTI VARICELA ZÓSTER;J07BK02;ZÓSTER, VIRUS VIVO ATENUADO
J;ANTIINFECCIOSOS PARA USO SISTÉMICO;J07B;VACUNAS ANTIVIRALES;J07BL;VACUNAS CONTRA LA FIEBRE AMARILLA;J07BL01;FIEBRE AMARILLA, VIRUS VIVO ATENUADO
J;ANTIINFECCIOSOS PARA USO SISTÉMICO;J07B;VACUNAS ANTIVIRALES;J07BM;VACUNA CONTRA PAPILOMAVIRUS;J07BM01;PAPILOMAVIRUS (TIPOS HUMANOS 6, 11, 16, 18)
J;ANTIINFECCIOSOS PARA USO SISTÉMICO;J07B;VACUNAS ANTIVIRALES;J07BM;VACUNA CONTRA PAPILOMAVIRUS;J07BM02;PAPILOMAVIRUS (TIPOS HUMANOS 16,18)
J;ANTIINFECCIOSOS PARA USO SISTÉMICO;J07C;VACUNAS ANTIBACTERIANAS Y ANTIVIRALES COMBINADAS;J07CA;VACUNAS ANTIBACTERIANAS Y ANTIVIRALES COMBINADAS;J07CA01;DIFTERIA-POLIOMIELITIS-TÉTANOS
J;ANTIINFECCIOSOS PARA USO SISTÉMICO;J07C;VACUNAS ANTIBACTERIANAS Y ANTIVIRALES COMBINADAS;J07CA;VACUNAS ANTIBACTERIANAS Y ANTIVIRALES COMBINADAS;J07CA02;DIFTERIA-PERTUSSIS-POLIOMIELITIS-TÉTANOS
J;ANTIINFECCIOSOS PARA USO SISTÉMICO;J07C;VACUNAS ANTIBACTERIANAS Y ANTIVIRALES COMBINADAS;J07CA;VACUNAS ANTIBACTERIANAS Y ANTIVIRALES COMBINADAS;J07CA03;DIFTERIA-RUBÉOLA-TÉTANOS
J;ANTIINFECCIOSOS PARA USO SISTÉMICO;J07C;VACUNAS ANTIBACTERIANAS Y ANTIVIRALES COMBINADAS;J07CA;VACUNAS ANTIBACTERIANAS Y ANTIVIRALES COMBINADAS;J07CA04;HAEMOPHILUS INFLUENZAE B Y POLIOMIELITIS
J;ANTIINFECCIOSOS PARA USO SISTÉMICO;J07C;VACUNAS ANTIBACTERIANAS Y ANTIVIRALES COMBINADAS;J07CA;VACUNAS ANTIBACTERIANAS Y ANTIVIRALES COMBINADAS;J07CA05;DIFTERIA-HEPATITIS B-PERTUSSIS-TÉTANOS
J;ANTIINFECCIOSOS PARA USO SISTÉMICO;J07C;VACUNAS ANTIBACTERIANAS Y ANTIVIRALES COMBINADAS;J07CA;VACUNAS ANTIBACTERIANAS Y ANTIVIRALES COMBINADAS;J07CA06;DIFTERIA-HAEMOPHILUS INFLUENZAE B- PERTUSSIS-POLIOMIELITIS- TÉTANOS
J;ANTIINFECCIOSOS PARA USO SISTÉMICO;J07C;VACUNAS ANTIBACTERIANAS Y ANTIVIRALES COMBINADAS;J07CA;VACUNAS ANTIBACTERIANAS Y ANTIVIRALES COMBINADAS;J07CA07;DIFTERIA-HEPATITIS B-TÉTANOS
J;ANTIINFECCIOSOS PARA USO SISTÉMICO;J07C;VACUNAS ANTIBACTERIANAS Y ANTIVIRALES COMBINADAS;J07CA;VACUNAS ANTIBACTERIANAS Y ANTIVIRALES COMBINADAS;J07CA08;HAEMOPHILUS INFLUENZAE B Y HEPATITIS B
J;ANTIINFECCIOSOS PARA USO SISTÉMICO;J07C;VACUNAS ANTIBACTERIANAS Y ANTIVIRALES COMBINADAS;J07CA;VACUNAS ANTIBACTERIANAS Y ANTIVIRALES COMBINADAS;J07CA09;DIFTERIA-HAEMOPHILUS INFLUENZAE B- PERTUSSIS-POLIOMIELITIS- TÉTANOS-HEPATITIS B
J;ANTIINFECCIOSOS PARA USO SISTÉMICO;J07C;VACUNAS ANTIBACTERIANAS Y ANTIVIRALES COMBINADAS;J07CA;VACUNAS ANTIBACTERIANAS Y ANTIVIRALES COMBINADAS;J07CA10;TIFOIDEA-HEPATITIS A
J;ANTIINFECCIOSOS PARA USO SISTÉMICO;J07C;VACUNAS ANTIBACTERIANAS Y ANTIVIRALES COMBINADAS;J07CA;VACUNAS ANTIBACTERIANAS Y ANTIVIRALES COMBINADAS;J07CA11;DIFTERIA-HAEMOPHILUS INFLUENZAE B-PERTUSSIS-TÉTANOS-HEPATITIS B
J;ANTIINFECCIOSOS PARA USO SISTÉMICO;J07C;VACUNAS ANTIBACTERIANAS Y ANTIVIRALES COMBINADAS;J07CA;VACUNAS ANTIBACTERIANAS Y ANTIVIRALES COMBINADAS;J07CA12;DIFTERIA-PERTUSSIS-POLIOMIELITIS-TÉTANOS-HEPATITIS B
J;ANTIINFECCIOSOS PARA USO SISTÉMICO;J07C;VACUNAS ANTIBACTERIANAS Y ANTIVIRALES COMBINADAS;J07CA;VACUNAS ANTIBACTERIANAS Y ANTIVIRALES COMBINADAS;J07CA13;DIFTERIA-HAEMOPHILUS INFLUENZAE B-PERTUSSIS-TÉTANOS-HEPATITIS B- MENINGOCOCO A + C
L;AGENTES ANTINEOPLÁSICOS E INMUNOMODULADORES;L01A;AGENTES ALQUILANTES;L01AA;ANÁLOGOS DE LA MOSTAZA NITROGENADA;L01AA01;CICLOFOSFAMIDA
L;AGENTES ANTINEOPLÁSICOS E INMUNOMODULADORES;L01A;AGENTES ALQUILANTES;L01AA;ANÁLOGOS DE LA MOSTAZA NITROGENADA;L01AA02;CLORAMBUCILO
L;AGENTES ANTINEOPLÁSICOS E INMUNOMODULADORES;L01A;AGENTES ALQUILANTES;L01AA;ANÁLOGOS DE LA MOSTAZA NITROGENADA;L01AA03;MELFALÁN
L;AGENTES ANTINEOPLÁSICOS E INMUNOMODULADORES;L01A;AGENTES ALQUILANTES;L01AA;ANÁLOGOS DE LA MOSTAZA NITROGENADA;L01AA05;CLORMETINA
L;AGENTES ANTINEOPLÁSICOS E INMUNOMODULADORES;L01A;AGENTES ALQUILANTES;L01AA;ANÁLOGOS DE LA MOSTAZA NITROGENADA;L01AA06;IFOSFAMIDA
L;AGENTES ANTINEOPLÁSICOS E INMUNOMODULADORES;L01A;AGENTES ALQUILANTES;L01AA;ANÁLOGOS DE LA MOSTAZA NITROGENADA;L01AA07;TROFOSFAMIDA
L;AGENTES ANTINEOPLÁSICOS E INMUNOMODULADORES;L01A;AGENTES ALQUILANTES;L01AA;ANÁLOGOS DE LA MOSTAZA NITROGENADA;L01AA08;PREDNIMUSTINA
L;AGENTES ANTINEOPLÁSICOS E INMUNOMODULADORES;L01A;AGENTES ALQUILANTES;L01AA;ANÁLOGOS DE LA MOSTAZA NITROGENADA;L01AA09;BENDAMUSTINA
L;AGENTES ANTINEOPLÁSICOS E INMUNOMODULADORES;L01A;AGENTES ALQUILANTES;L01AB;ALQUILSULFONATOS;L01AB01;BUSULFANO
L;AGENTES ANTINEOPLÁSICOS E INMUNOMODULADORES;L01A;AGENTES ALQUILANTES;L01AB;ALQUILSULFONATOS;L01AB02;TREOSULFANO
L;AGENTES ANTINEOPLÁSICOS E INMUNOMODULADORES;L01A;AGENTES ALQUILANTES;L01AB;ALQUILSULFONATOS;L01AB03;MANOSULFANO
L;AGENTES ANTINEOPLÁSICOS E INMUNOMODULADORES;L01A;AGENTES ALQUILANTES;L01AC;ETILENIMINAS;L01AC01;TIOTEPA
L;AGENTES ANTINEOPLÁSICOS E INMUNOMODULADORES;L01A;AGENTES ALQUILANTES;L01AC;ETILENIMINAS;L01AC02;TRIAZICUONA
L;AGENTES ANTINEOPLÁSICOS E INMUNOMODULADORES;L01A;AGENTES ALQUILANTES;L01AC;ETILENIMINAS;L01AC03;CARBOCUONA
L;AGENTES ANTINEOPLÁSICOS E INMUNOMODULADORES;L01A;AGENTES ALQUILANTES;L01AD;NITROSOUREAS;L01AD01;CARMUSTINA
L;AGENTES ANTINEOPLÁSICOS E INMUNOMODULADORES;L01A;AGENTES ALQUILANTES;L01AD;NITROSOUREAS;L01AD02;LOMUSTINA
L;AGENTES ANTINEOPLÁSICOS E INMUNOMODULADORES;L01A;AGENTES ALQUILANTES;L01AD;NITROSOUREAS;L01AD03;SEMUSTINA
L;AGENTES ANTINEOPLÁSICOS E INMUNOMODULADORES;L01A;AGENTES ALQUILANTES;L01AD;NITROSOUREAS;L01AD04;ESTREPTOZOCINA
L;AGENTES ANTINEOPLÁSICOS E INMUNOMODULADORES;L01A;AGENTES ALQUILANTES;L01AD;NITROSOUREAS;L01AD05;FOTEMUSTINA
L;AGENTES ANTINEOPLÁSICOS E INMUNOMODULADORES;L01A;AGENTES ALQUILANTES;L01AD;NITROSOUREAS;L01AD06;NIMUSTINA
L;AGENTES ANTINEOPLÁSICOS E INMUNOMODULADORES;L01A;AGENTES ALQUILANTES;L01AD;NITROSOUREAS;L01AD07;RANIMUSTINA
L;AGENTES ANTINEOPLÁSICOS E INMUNOMODULADORES;L01A;AGENTES ALQUILANTES;L01AG;EPÓXIDOS;L01AG01;ETOGLÚCIDO
L;AGENTES ANTINEOPLÁSICOS E INMUNOMODULADORES;L01A;AGENTES ALQUILANTES;L01AX;OTROS AGENTES ALQUILANTES;L01AX01;MITOBRONITOL
L;AGENTES ANTINEOPLÁSICOS E INMUNOMODULADORES;L01A;AGENTES ALQUILANTES;L01AX;OTROS AGENTES ALQUILANTES;L01AX02;PIPOBROMÁN
L;AGENTES ANTINEOPLÁSICOS E INMUNOMODULADORES;L01A;AGENTES ALQUILANTES;L01AX;OTROS AGENTES ALQUILANTES;L01AX03;TEMOZOLOMIDA
L;AGENTES ANTINEOPLÁSICOS E INMUNOMODULADORES;L01A;AGENTES ALQUILANTES;L01AX;OTROS AGENTES ALQUILANTES;L01AX04;DACARBAZINA
L;AGENTES ANTINEOPLÁSICOS E INMUNOMODULADORES;L01A;AGENTES ALQUILANTES;L01AX;OTROS AGENTES ALQUILANTES;L01AX18;CRIDANIMOD
L;AGENTES ANTINEOPLÁSICOS E INMUNOMODULADORES;L01B;ANTIMETABOLITOS;L01BA;ANÁLOGOS DEL ÁCIDO FÓLICO;L01BA01;METOTREXATO
L;AGENTES ANTINEOPLÁSICOS E INMUNOMODULADORES;L01B;ANTIMETABOLITOS;L01BA;ANÁLOGOS DEL ÁCIDO FÓLICO;L01BA03;RALTITREXED
L;AGENTES ANTINEOPLÁSICOS E INMUNOMODULADORES;L01B;ANTIMETABOLITOS;L01BA;ANÁLOGOS DEL ÁCIDO FÓLICO;L01BA04;PEMETREXED
L;AGENTES ANTINEOPLÁSICOS E INMUNOMODULADORES;L01B;ANTIMETABOLITOS;L01BA;ANÁLOGOS DEL ÁCIDO FÓLICO;L01BA05;PRALATREXATO
L;AGENTES ANTINEOPLÁSICOS E INMUNOMODULADORES;L01B;ANTIMETABOLITOS;L01BB;ANÁLOGOS DE LAS PURINAS;L01BB02;MERCAPTOPURINA
L;AGENTES ANTINEOPLÁSICOS E INMUNOMODULADORES;L01B;ANTIMETABOLITOS;L01BB;ANÁLOGOS DE LAS PURINAS;L01BB03;TIOGUANINA
L;AGENTES ANTINEOPLÁSICOS E INMUNOMODULADORES;L01B;ANTIMETABOLITOS;L01BB;ANÁLOGOS DE LAS PURINAS;L01BB04;CLADRIBINA
L;AGENTES ANTINEOPLÁSICOS E INMUNOMODULADORES;L01B;ANTIMETABOLITOS;L01BB;ANÁLOGOS DE LAS PURINAS;L01BB05;FLUDARABINA
L;AGENTES ANTINEOPLÁSICOS E INMUNOMODULADORES;L01B;ANTIMETABOLITOS;L01BB;ANÁLOGOS DE LAS PURINAS;L01BB06;CLOFARABINA
L;AGENTES ANTINEOPLÁSICOS E INMUNOMODULADORES;L01B;ANTIMETABOLITOS;L01BB;ANÁLOGOS DE LAS PURINAS;L01BB07;NELARABINA
L;AGENTES ANTINEOPLÁSICOS E INMUNOMODULADORES;L01B;ANTIMETABOLITOS;L01BC;ANÁLOGOS DE LAS PIRIMIDINAS;L01BC01;CITARABINA
L;AGENTES ANTINEOPLÁSICOS E INMUNOMODULADORES;L01B;ANTIMETABOLITOS;L01BC;ANÁLOGOS DE LAS PIRIMIDINAS;L01BC02;FLUOROURACILO
L;AGENTES ANTINEOPLÁSICOS E INMUNOMODULADORES;L01B;ANTIMETABOLITOS;L01BC;ANÁLOGOS DE LAS PIRIMIDINAS;L01BC03;TEGAFUR
L;AGENTES ANTINEOPLÁSICOS E INMUNOMODULADORES;L01B;ANTIMETABOLITOS;L01BC;ANÁLOGOS DE LAS PIRIMIDINAS;L01BC04;CARMOFUR
L;AGENTES ANTINEOPLÁSICOS E INMUNOMODULADORES;L01B;ANTIMETABOLITOS;L01BC;ANÁLOGOS DE LAS PIRIMIDINAS;L01BC05;GEMCITABINA
L;AGENTES ANTINEOPLÁSICOS E INMUNOMODULADORES;L01B;ANTIMETABOLITOS;L01BC;ANÁLOGOS DE LAS PIRIMIDINAS;L01BC06;CAPECITABINA
L;AGENTES ANTINEOPLÁSICOS E INMUNOMODULADORES;L01B;ANTIMETABOLITOS;L01BC;ANÁLOGOS DE LAS PIRIMIDINAS;L01BC07;AZACITIDINA
L;AGENTES ANTINEOPLÁSICOS E INMUNOMODULADORES;L01B;ANTIMETABOLITOS;L01BC;ANÁLOGOS DE LAS PIRIMIDINAS;L01BC08;DECITABINA
L;AGENTES ANTINEOPLÁSICOS E INMUNOMODULADORES;L01B;ANTIMETABOLITOS;L01BC;ANÁLOGOS DE LAS PIRIMIDINAS;L01BC52;FLUOROURACILO, COMBINACIONES
L;AGENTES ANTINEOPLÁSICOS E INMUNOMODULADORES;L01B;ANTIMETABOLITOS;L01BC;ANÁLOGOS DE LAS PIRIMIDINAS;L01BC53;TEGAFUR, COMBINACIONES
L;AGENTES ANTINEOPLÁSICOS E INMUNOMODULADORES;L01C;ALCALOIDES DE PLANTAS Y OTROS PRODUCTOS NATURALES;L01CA;ALCALOIDES DE LA VINCA Y ANÁLOGOS;L01CA01;VINBLASTINA
L;AGENTES ANTINEOPLÁSICOS E INMUNOMODULADORES;L01C;ALCALOIDES DE PLANTAS Y OTROS PRODUCTOS NATURALES;L01CA;ALCALOIDES DE LA VINCA Y ANÁLOGOS;L01CA02;VINCRISTINA
L;AGENTES ANTINEOPLÁSICOS E INMUNOMODULADORES;L01C;ALCALOIDES DE PLANTAS Y OTROS PRODUCTOS NATURALES;L01CA;ALCALOIDES DE LA VINCA Y ANÁLOGOS;L01CA03;VINDESINA
L;AGENTES ANTINEOPLÁSICOS E INMUNOMODULADORES;L01C;ALCALOIDES DE PLANTAS Y OTROS PRODUCTOS NATURALES;L01CA;ALCALOIDES DE LA VINCA Y ANÁLOGOS;L01CA04;VINORELBINA
L;AGENTES ANTINEOPLÁSICOS E INMUNOMODULADORES;L01C;ALCALOIDES DE PLANTAS Y OTROS PRODUCTOS NATURALES;L01CA;ALCALOIDES DE LA VINCA Y ANÁLOGOS;L01CA05;VINFLUNINA
L;AGENTES ANTINEOPLÁSICOS E INMUNOMODULADORES;L01C;ALCALOIDES DE PLANTAS Y OTROS PRODUCTOS NATURALES;L01CA;ALCALOIDES DE LA VINCA Y ANÁLOGOS;L01CA06;VINTAFOLIDA
L;AGENTES ANTINEOPLÁSICOS E INMUNOMODULADORES;L01C;ALCALOIDES DE PLANTAS Y OTROS PRODUCTOS NATURALES;L01CB;DERIVADOS DE LA PODOFILOTOXINA;L01CB01;ETOPÓSIDO
L;AGENTES ANTINEOPLÁSICOS E INMUNOMODULADORES;L01C;ALCALOIDES DE PLANTAS Y OTROS PRODUCTOS NATURALES;L01CB;DERIVADOS DE LA PODOFILOTOXINA;L01CB02;TENIPÓSIDO
L;AGENTES ANTINEOPLÁSICOS E INMUNOMODULADORES;L01C;ALCALOIDES DE PLANTAS Y OTROS PRODUCTOS NATURALES;L01CC;DERIVADOS DE LA COLCHICINA;L01CC01;DEMECOLCINA
L;AGENTES ANTINEOPLÁSICOS E INMUNOMODULADORES;L01C;ALCALOIDES DE PLANTAS Y OTROS PRODUCTOS NATURALES;L01CD;TAXANOS;L01CD01;PACLITAXEL
L;AGENTES ANTINEOPLÁSICOS E INMUNOMODULADORES;L01C;ALCALOIDES DE PLANTAS Y OTROS PRODUCTOS NATURALES;L01CD;TAXANOS;L01CD02;DOCETAXEL
L;AGENTES ANTINEOPLÁSICOS E INMUNOMODULADORES;L01C;ALCALOIDES DE PLANTAS Y OTROS PRODUCTOS NATURALES;L01CD;TAXANOS;L01CD03;PACLITAXEL POLIGLUMEX
L;AGENTES ANTINEOPLÁSICOS E INMUNOMODULADORES;L01C;ALCALOIDES DE PLANTAS Y OTROS PRODUCTOS NATURALES;L01CD;TAXANOS;L01CD04;CABAZITAXEL
L;AGENTES ANTINEOPLÁSICOS E INMUNOMODULADORES;L01C;ALCALOIDES DE PLANTAS Y OTROS PRODUCTOS NATURALES;L01CX;OTROS ALCALOIDES DE PLANTAS Y PRODUCTOS NATURALES;L01CX01;TRABECTEDINA
L;AGENTES ANTINEOPLÁSICOS E INMUNOMODULADORES;L01D;ANTIBIÓTICOS CITOTÓXICOS Y SUSTANCIAS RELACIONADAS;L01DA;ACTINOMICINAS;L01DA01;DACTINOMICINA
L;AGENTES ANTINEOPLÁSICOS E INMUNOMODULADORES;L01D;ANTIBIÓTICOS CITOTÓXICOS Y SUSTANCIAS RELACIONADAS;L01DB;ANTRACICLINAS Y SUSTANCIAS RELACIONADAS;L01DB01;DOXORUBICINA
L;AGENTES ANTINEOPLÁSICOS E INMUNOMODULADORES;L01D;ANTIBIÓTICOS CITOTÓXICOS Y SUSTANCIAS RELACIONADAS;L01DB;ANTRACICLINAS Y SUSTANCIAS RELACIONADAS;L01DB02;DAUNORUBICINA
L;AGENTES ANTINEOPLÁSICOS E INMUNOMODULADORES;L01D;ANTIBIÓTICOS CITOTÓXICOS Y SUSTANCIAS RELACIONADAS;L01DB;ANTRACICLINAS Y SUSTANCIAS RELACIONADAS;L01DB03;EPIRUBICINA
L;AGENTES ANTINEOPLÁSICOS E INMUNOMODULADORES;L01D;ANTIBIÓTICOS CITOTÓXICOS Y SUSTANCIAS RELACIONADAS;L01DB;ANTRACICLINAS Y SUSTANCIAS RELACIONADAS;L01DB04;ACLARUBICINA
L;AGENTES ANTINEOPLÁSICOS E INMUNOMODULADORES;L01D;ANTIBIÓTICOS CITOTÓXICOS Y SUSTANCIAS RELACIONADAS;L01DB;ANTRACICLINAS Y SUSTANCIAS RELACIONADAS;L01DB05;ZORUBICINA
L;AGENTES ANTINEOPLÁSICOS E INMUNOMODULADORES;L01D;ANTIBIÓTICOS CITOTÓXICOS Y SUSTANCIAS RELACIONADAS;L01DB;ANTRACICLINAS Y SUSTANCIAS RELACIONADAS;L01DB06;IDARUBICINA
L;AGENTES ANTINEOPLÁSICOS E INMUNOMODULADORES;L01D;ANTIBIÓTICOS CITOTÓXICOS Y SUSTANCIAS RELACIONADAS;L01DB;ANTRACICLINAS Y SUSTANCIAS RELACIONADAS;L01DB07;MITOXANTRONA
L;AGENTES ANTINEOPLÁSICOS E INMUNOMODULADORES;L01D;ANTIBIÓTICOS CITOTÓXICOS Y SUSTANCIAS RELACIONADAS;L01DB;ANTRACICLINAS Y SUSTANCIAS RELACIONADAS;L01DB08;PIRARUBICINA
L;AGENTES ANTINEOPLÁSICOS E INMUNOMODULADORES;L01D;ANTIBIÓTICOS CITOTÓXICOS Y SUSTANCIAS RELACIONADAS;L01DB;ANTRACICLINAS Y SUSTANCIAS RELACIONADAS;L01DB09;VALRUBICINA
L;AGENTES ANTINEOPLÁSICOS E INMUNOMODULADORES;L01D;ANTIBIÓTICOS CITOTÓXICOS Y SUSTANCIAS RELACIONADAS;L01DB;ANTRACICLINAS Y SUSTANCIAS RELACIONADAS;L01DB10;AMRUBICINA
L;AGENTES ANTINEOPLÁSICOS E INMUNOMODULADORES;L01D;ANTIBIÓTICOS CITOTÓXICOS Y SUSTANCIAS RELACIONADAS;L01DB;ANTRACICLINAS Y SUSTANCIAS RELACIONADAS;L01DB11;PIXANTRONA
L;AGENTES ANTINEOPLÁSICOS E INMUNOMODULADORES;L01D;ANTIBIÓTICOS CITOTÓXICOS Y SUSTANCIAS RELACIONADAS;L01DC;OTROS ANTIBIÓTICOS CITOTÓXICOS;L01DC01;BLEOMICINA
L;AGENTES ANTINEOPLÁSICOS E INMUNOMODULADORES;L01D;ANTIBIÓTICOS CITOTÓXICOS Y SUSTANCIAS RELACIONADAS;L01DC;OTROS ANTIBIÓTICOS CITOTÓXICOS;L01DC02;PLICAMICINA
L;AGENTES ANTINEOPLÁSICOS E INMUNOMODULADORES;L01D;ANTIBIÓTICOS CITOTÓXICOS Y SUSTANCIAS RELACIONADAS;L01DC;OTROS ANTIBIÓTICOS CITOTÓXICOS;L01DC03;MITOMICINA
L;AGENTES ANTINEOPLÁSICOS E INMUNOMODULADORES;L01D;ANTIBIÓTICOS CITOTÓXICOS Y SUSTANCIAS RELACIONADAS;L01DC;OTROS ANTIBIÓTICOS CITOTÓXICOS;L01DC04;IXABEPILONA
L;AGENTES ANTINEOPLÁSICOS E INMUNOMODULADORES;L01X;OTROS AGENTES ANTINEOPLÁSICOS;L01XA;COMPUESTOS DEL PLATINO;L01XA01;CISPLATINO
L;AGENTES ANTINEOPLÁSICOS E INMUNOMODULADORES;L01X;OTROS AGENTES ANTINEOPLÁSICOS;L01XA;COMPUESTOS DEL PLATINO;L01XA02;CARBOPLATINO
L;AGENTES ANTINEOPLÁSICOS E INMUNOMODULADORES;L01X;OTROS AGENTES ANTINEOPLÁSICOS;L01XA;COMPUESTOS DEL PLATINO;L01XA03;OXALIPLATINO
L;AGENTES ANTINEOPLÁSICOS E INMUNOMODULADORES;L01X;OTROS AGENTES ANTINEOPLÁSICOS;L01XA;COMPUESTOS DEL PLATINO;L01XA04;SATRAPLATINO
L;AGENTES ANTINEOPLÁSICOS E INMUNOMODULADORES;L01X;OTROS AGENTES ANTINEOPLÁSICOS;L01XA;COMPUESTOS DEL PLATINO;L01XA05;POLYPLATILLENA
L;AGENTES ANTINEOPLÁSICOS E INMUNOMODULADORES;L01X;OTROS AGENTES ANTINEOPLÁSICOS;L01XB;METILHIDRAZINAS;L01XB01;PROCARBAZINA
L;AGENTES ANTINEOPLÁSICOS E INMUNOMODULADORES;L01X;OTROS AGENTES ANTINEOPLÁSICOS;L01XC;ANTICUERPOS MONOCLONALES;L01XC01;EDRECOLOMAB
L;AGENTES ANTINEOPLÁSICOS E INMUNOMODULADORES;L01X;OTROS AGENTES ANTINEOPLÁSICOS;L01XC;ANTICUERPOS MONOCLONALES;L01XC02;RITUXIMAB
L;AGENTES ANTINEOPLÁSICOS E INMUNOMODULADORES;L01X;OTROS AGENTES ANTINEOPLÁSICOS;L01XC;ANTICUERPOS MONOCLONALES;L01XC03;TRASTUZUMAB
L;AGENTES ANTINEOPLÁSICOS E INMUNOMODULADORES;L01X;OTROS AGENTES ANTINEOPLÁSICOS;L01XC;ANTICUERPOS MONOCLONALES;L01XC04;ALEMTUZUMAB
L;AGENTES ANTINEOPLÁSICOS E INMUNOMODULADORES;L01X;OTROS AGENTES ANTINEOPLÁSICOS;L01XC;ANTICUERPOS MONOCLONALES;L01XC05;GEMTUZUMAB
L;AGENTES ANTINEOPLÁSICOS E INMUNOMODULADORES;L01X;OTROS AGENTES ANTINEOPLÁSICOS;L01XC;ANTICUERPOS MONOCLONALES;L01XC06;CETUXIMAB
L;AGENTES ANTINEOPLÁSICOS E INMUNOMODULADORES;L01X;OTROS AGENTES ANTINEOPLÁSICOS;L01XC;ANTICUERPOS MONOCLONALES;L01XC07;BEVACIZUMAB
L;AGENTES ANTINEOPLÁSICOS E INMUNOMODULADORES;L01X;OTROS AGENTES ANTINEOPLÁSICOS;L01XC;ANTICUERPOS MONOCLONALES;L01XC08;PANITUMUMAB
L;AGENTES ANTINEOPLÁSICOS E INMUNOMODULADORES;L01X;OTROS AGENTES ANTINEOPLÁSICOS;L01XC;ANTICUERPOS MONOCLONALES;L01XC09;CATUMAXOMAB
L;AGENTES ANTINEOPLÁSICOS E INMUNOMODULADORES;L01X;OTROS AGENTES ANTINEOPLÁSICOS;L01XC;ANTICUERPOS MONOCLONALES;L01XC10;OFATUMUMAB
L;AGENTES ANTINEOPLÁSICOS E INMUNOMODULADORES;L01X;OTROS AGENTES ANTINEOPLÁSICOS;L01XC;ANTICUERPOS MONOCLONALES;L01XC11;IPILIMUMAB
L;AGENTES ANTINEOPLÁSICOS E INMUNOMODULADORES;L01X;OTROS AGENTES ANTINEOPLÁSICOS;L01XC;ANTICUERPOS MONOCLONALES;L01XC12;BRENTUXIMAB VEDOTINA
L;AGENTES ANTINEOPLÁSICOS E INMUNOMODULADORES;L01X;OTROS AGENTES ANTINEOPLÁSICOS;L01XC;ANTICUERPOS MONOCLONALES;L01XC13;PERTUZUMAB
L;AGENTES ANTINEOPLÁSICOS E INMUNOMODULADORES;L01X;OTROS AGENTES ANTINEOPLÁSICOS;L01XC;ANTICUERPOS MONOCLONALES;L01XC14;TRASTUZUMSAB ESTANCINA
L;AGENTES ANTINEOPLÁSICOS E INMUNOMODULADORES;L01X;OTROS AGENTES ANTINEOPLÁSICOS;L01XC;ANTICUERPOS MONOCLONALES;L01XC15;ONINOTUZUMAB
L;AGENTES ANTINEOPLÁSICOS E INMUNOMODULADORES;L01X;OTROS AGENTES ANTINEOPLÁSICOS;L01XC;ANTICUERPOS MONOCLONALES;L01XC23;DABRAFENIB
L;AGENTES ANTINEOPLÁSICOS E INMUNOMODULADORES;L01X;OTROS AGENTES ANTINEOPLÁSICOS;L01XC;ANTICUERPOS MONOCLONALES;L01XC24;PONATINIB
L;AGENTES ANTINEOPLÁSICOS E INMUNOMODULADORES;L01X;OTROS AGENTES ANTINEOPLÁSICOS;L01XC;ANTICUERPOS MONOCLONALES;L01XC25;TRAMTINIB
L;AGENTES ANTINEOPLÁSICOS E INMUNOMODULADORES;L01X;OTROS AGENTES ANTINEOPLÁSICOS;L01XD;SENSIBILIZADORES USADOS EN TERAPIA FOTODINÁMICA Y RADIACIÓN;L01XD01;PORFÍMERO DE SODIO
L;AGENTES ANTINEOPLÁSICOS E INMUNOMODULADORES;L01X;OTROS AGENTES ANTINEOPLÁSICOS;L01XD;SENSIBILIZADORES USADOS EN TERAPIA FOTODINÁMICA Y RADIACIÓN;L01XD03;METILAMINOLEVULINATO
L;AGENTES ANTINEOPLÁSICOS E INMUNOMODULADORES;L01X;OTROS AGENTES ANTINEOPLÁSICOS;L01XD;SENSIBILIZADORES USADOS EN TERAPIA FOTODINÁMICA Y RADIACIÓN;L01XD04;ÁCIDO AMINOLEVULÍNICO
L;AGENTES ANTINEOPLÁSICOS E INMUNOMODULADORES;L01X;OTROS AGENTES ANTINEOPLÁSICOS;L01XD;SENSIBILIZADORES USADOS EN TERAPIA FOTODINÁMICA Y RADIACIÓN;L01XD05;TEMOPORFINA
L;AGENTES ANTINEOPLÁSICOS E INMUNOMODULADORES;L01X;OTROS AGENTES ANTINEOPLÁSICOS;L01XD;SENSIBILIZADORES USADOS EN TERAPIA FOTODINÁMICA Y RADIACIÓN;L01XD06;EFAPROXIRAL
L;AGENTES ANTINEOPLÁSICOS E INMUNOMODULADORES;L01X;OTROS AGENTES ANTINEOPLÁSICOS;L01XE;INHIBIDORES DIRECTOS DE LA PROTEINQUINASA;L01XE01;IMATINIB
L;AGENTES ANTINEOPLÁSICOS E INMUNOMODULADORES;L01X;OTROS AGENTES ANTINEOPLÁSICOS;L01XE;INHIBIDORES DIRECTOS DE LA PROTEINQUINASA;L01XE02;GEFITINIB
L;AGENTES ANTINEOPLÁSICOS E INMUNOMODULADORES;L01X;OTROS AGENTES ANTINEOPLÁSICOS;L01XE;INHIBIDORES DIRECTOS DE LA PROTEINQUINASA;L01XE03;ERLOTINIB
L;AGENTES ANTINEOPLÁSICOS E INMUNOMODULADORES;L01X;OTROS AGENTES ANTINEOPLÁSICOS;L01XE;INHIBIDORES DIRECTOS DE LA PROTEINQUINASA;L01XE04;SUNITINIB
L;AGENTES ANTINEOPLÁSICOS E INMUNOMODULADORES;L01X;OTROS AGENTES ANTINEOPLÁSICOS;L01XE;INHIBIDORES DIRECTOS DE LA PROTEINQUINASA;L01XE05;SORAFENIB
L;AGENTES ANTINEOPLÁSICOS E INMUNOMODULADORES;L01X;OTROS AGENTES ANTINEOPLÁSICOS;L01XE;INHIBIDORES DIRECTOS DE LA PROTEINQUINASA;L01XE06;DASATINIB
L;AGENTES ANTINEOPLÁSICOS E INMUNOMODULADORES;L01X;OTROS AGENTES ANTINEOPLÁSICOS;L01XE;INHIBIDORES DIRECTOS DE LA PROTEINQUINASA;L01XE07;LAPATINIB
L;AGENTES ANTINEOPLÁSICOS E INMUNOMODULADORES;L01X;OTROS AGENTES ANTINEOPLÁSICOS;L01XE;INHIBIDORES DIRECTOS DE LA PROTEINQUINASA;L01XE08;NILOTINIB
L;AGENTES ANTINEOPLÁSICOS E INMUNOMODULADORES;L01X;OTROS AGENTES ANTINEOPLÁSICOS;L01XE;INHIBIDORES DIRECTOS DE LA PROTEINQUINASA;L01XE09;TEMSIROLIMUS
L;AGENTES ANTINEOPLÁSICOS E INMUNOMODULADORES;L01X;OTROS AGENTES ANTINEOPLÁSICOS;L01XE;INHIBIDORES DIRECTOS DE LA PROTEINQUINASA;L01XE10;EVEROLIMUS
L;AGENTES ANTINEOPLÁSICOS E INMUNOMODULADORES;L01X;OTROS AGENTES ANTINEOPLÁSICOS;L01XE;INHIBIDORES DIRECTOS DE LA PROTEINQUINASA;L01XE11;PAZOPANIB
L;AGENTES ANTINEOPLÁSICOS E INMUNOMODULADORES;L01X;OTROS AGENTES ANTINEOPLÁSICOS;L01XE;INHIBIDORES DIRECTOS DE LA PROTEINQUINASA;L01XE12;VANDETANIB
L;AGENTES ANTINEOPLÁSICOS E INMUNOMODULADORES;L01X;OTROS AGENTES ANTINEOPLÁSICOS;L01XE;INHIBIDORES DIRECTOS DE LA PROTEINQUINASA;L01XE13;AFATINIB
L;AGENTES ANTINEOPLÁSICOS E INMUNOMODULADORES;L01X;OTROS AGENTES ANTINEOPLÁSICOS;L01XE;INHIBIDORES DIRECTOS DE LA PROTEINQUINASA;L01XE14;BOSUTINIB
L;AGENTES ANTINEOPLÁSICOS E INMUNOMODULADORES;L01X;OTROS AGENTES ANTINEOPLÁSICOS;L01XE;INHIBIDORES DIRECTOS DE LA PROTEINQUINASA;L01XE15;VEMURAFENIB
L;AGENTES ANTINEOPLÁSICOS E INMUNOMODULADORES;L01X;OTROS AGENTES ANTINEOPLÁSICOS;L01XE;INHIBIDORES DIRECTOS DE LA PROTEINQUINASA;L01XE16;CRIZOTINIB
L;AGENTES ANTINEOPLÁSICOS E INMUNOMODULADORES;L01X;OTROS AGENTES ANTINEOPLÁSICOS;L01XE;INHIBIDORES DIRECTOS DE LA PROTEINQUINASA;L01XE17;AXITINIB
L;AGENTES ANTINEOPLÁSICOS E INMUNOMODULADORES;L01X;OTROS AGENTES ANTINEOPLÁSICOS;L01XE;INHIBIDORES DIRECTOS DE LA PROTEINQUINASA;L01XE18;RUXOLITINIB
L;AGENTES ANTINEOPLÁSICOS E INMUNOMODULADORES;L01X;OTROS AGENTES ANTINEOPLÁSICOS;L01XE;INHIBIDORES DIRECTOS DE LA PROTEINQUINASA;L01XE19;RIDAFOROLIMUS
L;AGENTES ANTINEOPLÁSICOS E INMUNOMODULADORES;L01X;OTROS AGENTES ANTINEOPLÁSICOS;L01XE;INHIBIDORES DIRECTOS DE LA PROTEINQUINASA;L01XE21;REGORAFENIB
L;AGENTES ANTINEOPLÁSICOS E INMUNOMODULADORES;L01X;OTROS AGENTES ANTINEOPLÁSICOS;L01XE;INHIBIDORES DIRECTOS DE LA PROTEINQUINASA;L01XE22;MASITINIB
L;AGENTES ANTINEOPLÁSICOS E INMUNOMODULADORES;L01X;OTROS AGENTES ANTINEOPLÁSICOS;L01XX;OTROS AGENTES ANTINEOPLÁSICOS;L01XX01;AMSACRINA
L;AGENTES ANTINEOPLÁSICOS E INMUNOMODULADORES;L01X;OTROS AGENTES ANTINEOPLÁSICOS;L01XX;OTROS AGENTES ANTINEOPLÁSICOS;L01XX02;ASPARAGINASA
L;AGENTES ANTINEOPLÁSICOS E INMUNOMODULADORES;L01X;OTROS AGENTES ANTINEOPLÁSICOS;L01XX;OTROS AGENTES ANTINEOPLÁSICOS;L01XX03;ALTRETAMINA
L;AGENTES ANTINEOPLÁSICOS E INMUNOMODULADORES;L01X;OTROS AGENTES ANTINEOPLÁSICOS;L01XX;OTROS AGENTES ANTINEOPLÁSICOS;L01XX05;HIDROXICARBAMIDA
L;AGENTES ANTINEOPLÁSICOS E INMUNOMODULADORES;L01X;OTROS AGENTES ANTINEOPLÁSICOS;L01XX;OTROS AGENTES ANTINEOPLÁSICOS;L01XX07;LONIDAMINA
L;AGENTES ANTINEOPLÁSICOS E INMUNOMODULADORES;L01X;OTROS AGENTES ANTINEOPLÁSICOS;L01XX;OTROS AGENTES ANTINEOPLÁSICOS;L01XX08;PENTOSTATINA
L;AGENTES ANTINEOPLÁSICOS E INMUNOMODULADORES;L01X;OTROS AGENTES ANTINEOPLÁSICOS;L01XX;OTROS AGENTES ANTINEOPLÁSICOS;L01XX09;MILTEFOSINA
L;AGENTES ANTINEOPLÁSICOS E INMUNOMODULADORES;L01X;OTROS AGENTES ANTINEOPLÁSICOS;L01XX;OTROS AGENTES ANTINEOPLÁSICOS;L01XX10;MASOPROCOL
L;AGENTES ANTINEOPLÁSICOS E INMUNOMODULADORES;L01X;OTROS AGENTES ANTINEOPLÁSICOS;L01XX;OTROS AGENTES ANTINEOPLÁSICOS;L01XX11;ESTRAMUSTINA
L;AGENTES ANTINEOPLÁSICOS E INMUNOMODULADORES;L01X;OTROS AGENTES ANTINEOPLÁSICOS;L01XX;OTROS AGENTES ANTINEOPLÁSICOS;L01XX14;TRETINOÍNA
L;AGENTES ANTINEOPLÁSICOS E INMUNOMODULADORES;L01X;OTROS AGENTES ANTINEOPLÁSICOS;L01XX;OTROS AGENTES ANTINEOPLÁSICOS;L01XX16;MITOGUAZONA
L;AGENTES ANTINEOPLÁSICOS E INMUNOMODULADORES;L01X;OTROS AGENTES ANTINEOPLÁSICOS;L01XX;OTROS AGENTES ANTINEOPLÁSICOS;L01XX17;TOPOTECÁN
L;AGENTES ANTINEOPLÁSICOS E INMUNOMODULADORES;L01X;OTROS AGENTES ANTINEOPLÁSICOS;L01XX;OTROS AGENTES ANTINEOPLÁSICOS;L01XX18;TIAZOFURINA
L;AGENTES ANTINEOPLÁSICOS E INMUNOMODULADORES;L01X;OTROS AGENTES ANTINEOPLÁSICOS;L01XX;OTROS AGENTES ANTINEOPLÁSICOS;L01XX19;IRINOTECÁN
L;AGENTES ANTINEOPLÁSICOS E INMUNOMODULADORES;L01X;OTROS AGENTES ANTINEOPLÁSICOS;L01XX;OTROS AGENTES ANTINEOPLÁSICOS;L01XX22;ALITRETINOINA
L;AGENTES ANTINEOPLÁSICOS E INMUNOMODULADORES;L01X;OTROS AGENTES ANTINEOPLÁSICOS;L01XX;OTROS AGENTES ANTINEOPLÁSICOS;L01XX23;MITOTANO
L;AGENTES ANTINEOPLÁSICOS E INMUNOMODULADORES;L01X;OTROS AGENTES ANTINEOPLÁSICOS;L01XX;OTROS AGENTES ANTINEOPLÁSICOS;L01XX24;PEGASPARGASA
L;AGENTES ANTINEOPLÁSICOS E INMUNOMODULADORES;L01X;OTROS AGENTES ANTINEOPLÁSICOS;L01XX;OTROS AGENTES ANTINEOPLÁSICOS;L01XX25;BEXAROTENO
L;AGENTES ANTINEOPLÁSICOS E INMUNOMODULADORES;L01X;OTROS AGENTES ANTINEOPLÁSICOS;L01XX;OTROS AGENTES ANTINEOPLÁSICOS;L01XX27;ARSÉNICO TRIÓXIDO
L;AGENTES ANTINEOPLÁSICOS E INMUNOMODULADORES;L01X;OTROS AGENTES ANTINEOPLÁSICOS;L01XX;OTROS AGENTES ANTINEOPLÁSICOS;L01XX29;DENILEUKINA DIFTITOX
L;AGENTES ANTINEOPLÁSICOS E INMUNOMODULADORES;L01X;OTROS AGENTES ANTINEOPLÁSICOS;L01XX;OTROS AGENTES ANTINEOPLÁSICOS;L01XX32;BORTEZOMIB
L;AGENTES ANTINEOPLÁSICOS E INMUNOMODULADORES;L01X;OTROS AGENTES ANTINEOPLÁSICOS;L01XX;OTROS AGENTES ANTINEOPLÁSICOS;L01XX33;CELECOXIB
L;AGENTES ANTINEOPLÁSICOS E INMUNOMODULADORES;L01X;OTROS AGENTES ANTINEOPLÁSICOS;L01XX;OTROS AGENTES ANTINEOPLÁSICOS;L01XX35;ANAGRELIDA
L;AGENTES ANTINEOPLÁSICOS E INMUNOMODULADORES;L01X;OTROS AGENTES ANTINEOPLÁSICOS;L01XX;OTROS AGENTES ANTINEOPLÁSICOS;L01XX36;OBLIMERSEN
L;AGENTES ANTINEOPLÁSICOS E INMUNOMODULADORES;L01X;OTROS AGENTES ANTINEOPLÁSICOS;L01XX;OTROS AGENTES ANTINEOPLÁSICOS;L01XX37;SITIMAGÉN CERADENOVEC
L;AGENTES ANTINEOPLÁSICOS E INMUNOMODULADORES;L01X;OTROS AGENTES ANTINEOPLÁSICOS;L01XX;OTROS AGENTES ANTINEOPLÁSICOS;L01XX38;VORINOSTAT
L;AGENTES ANTINEOPLÁSICOS E INMUNOMODULADORES;L01X;OTROS AGENTES ANTINEOPLÁSICOS;L01XX;OTROS AGENTES ANTINEOPLÁSICOS;L01XX39;ROMIDEPSINA
L;AGENTES ANTINEOPLÁSICOS E INMUNOMODULADORES;L01X;OTROS AGENTES ANTINEOPLÁSICOS;L01XX;OTROS AGENTES ANTINEOPLÁSICOS;L01XX40;MEPESUCCINATO DE OMACETAXINA
L;AGENTES ANTINEOPLÁSICOS E INMUNOMODULADORES;L01X;OTROS AGENTES ANTINEOPLÁSICOS;L01XX;OTROS AGENTES ANTINEOPLÁSICOS;L01XX41;ERIBULINA
L;AGENTES ANTINEOPLÁSICOS E INMUNOMODULADORES;L01X;OTROS AGENTES ANTINEOPLÁSICOS;L01XX;OTROS AGENTES ANTINEOPLÁSICOS;L01XX42;PANOBINOSTAT
L;AGENTES ANTINEOPLÁSICOS E INMUNOMODULADORES;L01X;OTROS AGENTES ANTINEOPLÁSICOS;L01XX;OTROS AGENTES ANTINEOPLÁSICOS;L01XX43;VISMODEGIB
L;AGENTES ANTINEOPLÁSICOS E INMUNOMODULADORES;L01X;OTROS AGENTES ANTINEOPLÁSICOS;L01XX;OTROS AGENTES ANTINEOPLÁSICOS;L01XX44;AFILIBERCEPT
L;AGENTES ANTINEOPLÁSICOS E INMUNOMODULADORES;L01X;OTROS AGENTES ANTINEOPLÁSICOS;L01XX;OTROS AGENTES ANTINEOPLÁSICOS;L01XX45;CARFILOZOMIB
L;AGENTES ANTINEOPLÁSICOS E INMUNOMODULADORES;L02A;HORMONAS Y AGENTES RELACIONADOS;L02AA;ESTRÓGENOS;L02AA01;DIETILESTILBESTROL
L;AGENTES ANTINEOPLÁSICOS E INMUNOMODULADORES;L02A;HORMONAS Y AGENTES RELACIONADOS;L02AA;ESTRÓGENOS;L02AA02;POLIESTRADIOL FOSFATO
L;AGENTES ANTINEOPLÁSICOS E INMUNOMODULADORES;L02A;HORMONAS Y AGENTES RELACIONADOS;L02AA;ESTRÓGENOS;L02AA03;ETINILESTRADIOL
L;AGENTES ANTINEOPLÁSICOS E INMUNOMODULADORES;L02A;HORMONAS Y AGENTES RELACIONADOS;L02AA;ESTRÓGENOS;L02AA04;FOSFESTROL
L;AGENTES ANTINEOPLÁSICOS E INMUNOMODULADORES;L02A;HORMONAS Y AGENTES RELACIONADOS;L02AB;PROGESTÁGENOS;L02AB01;MEGESTROL
L;AGENTES ANTINEOPLÁSICOS E INMUNOMODULADORES;L02A;HORMONAS Y AGENTES RELACIONADOS;L02AB;PROGESTÁGENOS;L02AB02;MEDROXIPROGESTERONA
L;AGENTES ANTINEOPLÁSICOS E INMUNOMODULADORES;L02A;HORMONAS Y AGENTES RELACIONADOS;L02AB;PROGESTÁGENOS;L02AB03;GESTONORONA
L;AGENTES ANTINEOPLÁSICOS E INMUNOMODULADORES;L02A;HORMONAS Y AGENTES RELACIONADOS;L02AE;ANÁLOGOS DE LA HORMONA LIBERADORA DE GONADOTROFINAS;L02AE01;BUSERELINA
L;AGENTES ANTINEOPLÁSICOS E INMUNOMODULADORES;L02A;HORMONAS Y AGENTES RELACIONADOS;L02AE;ANÁLOGOS DE LA HORMONA LIBERADORA DE GONADOTROFINAS;L02AE02;LEUPRORELINA
L;AGENTES ANTINEOPLÁSICOS E INMUNOMODULADORES;L02A;HORMONAS Y AGENTES RELACIONADOS;L02AE;ANÁLOGOS DE LA HORMONA LIBERADORA DE GONADOTROFINAS;L02AE03;GOSERELINA
L;AGENTES ANTINEOPLÁSICOS E INMUNOMODULADORES;L02A;HORMONAS Y AGENTES RELACIONADOS;L02AE;ANÁLOGOS DE LA HORMONA LIBERADORA DE GONADOTROFINAS;L02AE04;TRIPTORELINA
L;AGENTES ANTINEOPLÁSICOS E INMUNOMODULADORES;L02A;HORMONAS Y AGENTES RELACIONADOS;L02AE;ANÁLOGOS DE LA HORMONA LIBERADORA DE GONADOTROFINAS;L02AE05;HISTRELINA
L;AGENTES ANTINEOPLÁSICOS E INMUNOMODULADORES;L02B;ANTAGONISTAS DE HORMONAS Y AGENTES RELACIONADOS;L02BA;ANTIESTRÓGENOS;L02BA01;TAMOXIFENO
L;AGENTES ANTINEOPLÁSICOS E INMUNOMODULADORES;L02B;ANTAGONISTAS DE HORMONAS Y AGENTES RELACIONADOS;L02BA;ANTIESTRÓGENOS;L02BA02;TOREMIFENO
L;AGENTES ANTINEOPLÁSICOS E INMUNOMODULADORES;L02B;ANTAGONISTAS DE HORMONAS Y AGENTES RELACIONADOS;L02BA;ANTIESTRÓGENOS;L02BA03;FULVESTRANT
L;AGENTES ANTINEOPLÁSICOS E INMUNOMODULADORES;L02B;ANTAGONISTAS DE HORMONAS Y AGENTES RELACIONADOS;L02BB;ANTIANDRÓGENOS;L02BB01;FLUTAMIDA
L;AGENTES ANTINEOPLÁSICOS E INMUNOMODULADORES;L02B;ANTAGONISTAS DE HORMONAS Y AGENTES RELACIONADOS;L02BB;ANTIANDRÓGENOS;L02BB02;NILUTAMIDA
L;AGENTES ANTINEOPLÁSICOS E INMUNOMODULADORES;L02B;ANTAGONISTAS DE HORMONAS Y AGENTES RELACIONADOS;L02BB;ANTIANDRÓGENOS;L02BB03;BICALUTAMIDA
L;AGENTES ANTINEOPLÁSICOS E INMUNOMODULADORES;L02B;ANTAGONISTAS DE HORMONAS Y AGENTES RELACIONADOS;L02BG;INHIBIDORES DE LA AROMATASA;L02BG01;AMINOGLUTETIMIDA
L;AGENTES ANTINEOPLÁSICOS E INMUNOMODULADORES;L02B;ANTAGONISTAS DE HORMONAS Y AGENTES RELACIONADOS;L02BG;INHIBIDORES DE LA AROMATASA;L02BG02;FORMESTANO
L;AGENTES ANTINEOPLÁSICOS E INMUNOMODULADORES;L02B;ANTAGONISTAS DE HORMONAS Y AGENTES RELACIONADOS;L02BG;INHIBIDORES DE LA AROMATASA;L02BG03;ANASTROZOL
L;AGENTES ANTINEOPLÁSICOS E INMUNOMODULADORES;L02B;ANTAGONISTAS DE HORMONAS Y AGENTES RELACIONADOS;L02BG;INHIBIDORES DE LA AROMATASA;L02BG04;LETROZOL
L;AGENTES ANTINEOPLÁSICOS E INMUNOMODULADORES;L02B;ANTAGONISTAS DE HORMONAS Y AGENTES RELACIONADOS;L02BG;INHIBIDORES DE LA AROMATASA;L02BG05;VOROZOL
L;AGENTES ANTINEOPLÁSICOS E INMUNOMODULADORES;L02B;ANTAGONISTAS DE HORMONAS Y AGENTES RELACIONADOS;L02BG;INHIBIDORES DE LA AROMATASA;L02BG06;EXEMESTANO
L;AGENTES ANTINEOPLÁSICOS E INMUNOMODULADORES;L02B;ANTAGONISTAS DE HORMONAS Y AGENTES RELACIONADOS;L02BX;OTROS ANTAGONISTAS DE HORMONAS Y AGENTES RELACIONADOS;L02BX01;ABARELIX
L;AGENTES ANTINEOPLÁSICOS E INMUNOMODULADORES;L02B;ANTAGONISTAS DE HORMONAS Y AGENTES RELACIONADOS;L02BX;OTROS ANTAGONISTAS DE HORMONAS Y AGENTES RELACIONADOS;L02BX02;DEGARELIX
L;AGENTES ANTINEOPLÁSICOS E INMUNOMODULADORES;L02B;ANTAGONISTAS DE HORMONAS Y AGENTES RELACIONADOS;L02BX;OTROS ANTAGONISTAS DE HORMONAS Y AGENTES RELACIONADOS;L02BX03;ABIRATERONA
L;AGENTES ANTINEOPLÁSICOS E INMUNOMODULADORES;L03A;INMUNOESTIMULANTES;L03AA;FACTORES ESTIMULANTES DE COLONIAS;L03AA02;FILGRASTIM
L;AGENTES ANTINEOPLÁSICOS E INMUNOMODULADORES;L03A;INMUNOESTIMULANTES;L03AA;FACTORES ESTIMULANTES DE COLONIAS;L03AA03;MOLGRAMOSTIM
L;AGENTES ANTINEOPLÁSICOS E INMUNOMODULADORES;L03A;INMUNOESTIMULANTES;L03AA;FACTORES ESTIMULANTES DE COLONIAS;L03AA09;SARGRAMOSTIM
L;AGENTES ANTINEOPLÁSICOS E INMUNOMODULADORES;L03A;INMUNOESTIMULANTES;L03AA;FACTORES ESTIMULANTES DE COLONIAS;L03AA10;LENOGRASTIM
L;AGENTES ANTINEOPLÁSICOS E INMUNOMODULADORES;L03A;INMUNOESTIMULANTES;L03AA;FACTORES ESTIMULANTES DE COLONIAS;L03AA12;ANCESTIM
L;AGENTES ANTINEOPLÁSICOS E INMUNOMODULADORES;L03A;INMUNOESTIMULANTES;L03AA;FACTORES ESTIMULANTES DE COLONIAS;L03AA13;PEGFILGRASTIM
L;AGENTES ANTINEOPLÁSICOS E INMUNOMODULADORES;L03A;INMUNOESTIMULANTES;L03AA;FACTORES ESTIMULANTES DE COLONIAS;L03AA14;LIPEGFILGRASTIM
L;AGENTES ANTINEOPLÁSICOS E INMUNOMODULADORES;L03A;INMUNOESTIMULANTES;L03AB;INTERFERONES;L03AB01;INTERFERÓN ALFA NATURAL
L;AGENTES ANTINEOPLÁSICOS E INMUNOMODULADORES;L03A;INMUNOESTIMULANTES;L03AB;INTERFERONES;L03AB02;INTERFERÓN BETA NATURAL
L;AGENTES ANTINEOPLÁSICOS E INMUNOMODULADORES;L03A;INMUNOESTIMULANTES;L03AB;INTERFERONES;L03AB03;INTERFERÓN GAMMA
L;AGENTES ANTINEOPLÁSICOS E INMUNOMODULADORES;L03A;INMUNOESTIMULANTES;L03AB;INTERFERONES;L03AB04;INTERFERON ALFA-2A
L;AGENTES ANTINEOPLÁSICOS E INMUNOMODULADORES;L03A;INMUNOESTIMULANTES;L03AB;INTERFERONES;L03AB05;INTERFERÓN ALFA-2B
L;AGENTES ANTINEOPLÁSICOS E INMUNOMODULADORES;L03A;INMUNOESTIMULANTES;L03AB;INTERFERONES;L03AB06;INTERFERÓN ALFA-N1
L;AGENTES ANTINEOPLÁSICOS E INMUNOMODULADORES;L03A;INMUNOESTIMULANTES;L03AB;INTERFERONES;L03AB07;INTERFERÓN BETA-1A
L;AGENTES ANTINEOPLÁSICOS E INMUNOMODULADORES;L03A;INMUNOESTIMULANTES;L03AB;INTERFERONES;L03AB08;INTERFERÓN BETA-1B
L;AGENTES ANTINEOPLÁSICOS E INMUNOMODULADORES;L03A;INMUNOESTIMULANTES;L03AB;INTERFERONES;L03AB09;INTERFERÓN ALFACÓN-1
L;AGENTES ANTINEOPLÁSICOS E INMUNOMODULADORES;L03A;INMUNOESTIMULANTES;L03AB;INTERFERONES;L03AB10;PEGINTERFERÓN ALFA-2B
L;AGENTES ANTINEOPLÁSICOS E INMUNOMODULADORES;L03A;INMUNOESTIMULANTES;L03AB;INTERFERONES;L03AB11;PEGINTERFERÓN ALFA-2A
L;AGENTES ANTINEOPLÁSICOS E INMUNOMODULADORES;L03A;INMUNOESTIMULANTES;L03AB;INTERFERONES;L03AB12;ALBINTERFERÓN ALFA-2B
L;AGENTES ANTINEOPLÁSICOS E INMUNOMODULADORES;L03A;INMUNOESTIMULANTES;L03AB;INTERFERONES;L03AB60;PEGINTERFERÓN ALFA-2B, COMBINCIONES
L;AGENTES ANTINEOPLÁSICOS E INMUNOMODULADORES;L03A;INMUNOESTIMULANTES;L03AB;INTERFERONES;L03AB61;PEGINTERFERÓN ALFA-2A, COMBINCIONES
L;AGENTES ANTINEOPLÁSICOS E INMUNOMODULADORES;L03A;INMUNOESTIMULANTES;L03AC;INTERLEUKINAS;L03AC01;ALDESLEUKINA
L;AGENTES ANTINEOPLÁSICOS E INMUNOMODULADORES;L03A;INMUNOESTIMULANTES;L03AC;INTERLEUKINAS;L03AC02;OPRELVEKINA
L;AGENTES ANTINEOPLÁSICOS E INMUNOMODULADORES;L03A;INMUNOESTIMULANTES;L03AX;OTROS INMUNOESTIMULANTES;L03AX01;LENTINÁN
L;AGENTES ANTINEOPLÁSICOS E INMUNOMODULADORES;L03A;INMUNOESTIMULANTES;L03AX;OTROS INMUNOESTIMULANTES;L03AX02;ROQUINIMEX
L;AGENTES ANTINEOPLÁSICOS E INMUNOMODULADORES;L03A;INMUNOESTIMULANTES;L03AX;OTROS INMUNOESTIMULANTES;L03AX03;VACUNA BCG
L;AGENTES ANTINEOPLÁSICOS E INMUNOMODULADORES;L03A;INMUNOESTIMULANTES;L03AX;OTROS INMUNOESTIMULANTES;L03AX04;PEGADEMASA
L;AGENTES ANTINEOPLÁSICOS E INMUNOMODULADORES;L03A;INMUNOESTIMULANTES;L03AX;OTROS INMUNOESTIMULANTES;L03AX05;PIDOTIMOD
L;AGENTES ANTINEOPLÁSICOS E INMUNOMODULADORES;L03A;INMUNOESTIMULANTES;L03AX;OTROS INMUNOESTIMULANTES;L03AX07;POLI IC
L;AGENTES ANTINEOPLÁSICOS E INMUNOMODULADORES;L03A;INMUNOESTIMULANTES;L03AX;OTROS INMUNOESTIMULANTES;L03AX08;POLI ICLC
L;AGENTES ANTINEOPLÁSICOS E INMUNOMODULADORES;L03A;INMUNOESTIMULANTES;L03AX;OTROS INMUNOESTIMULANTES;L03AX09;TIMOPENTINA
L;AGENTES ANTINEOPLÁSICOS E INMUNOMODULADORES;L03A;INMUNOESTIMULANTES;L03AX;OTROS INMUNOESTIMULANTES;L03AX10;INMUNOCIANINA
L;AGENTES ANTINEOPLÁSICOS E INMUNOMODULADORES;L03A;INMUNOESTIMULANTES;L03AX;OTROS INMUNOESTIMULANTES;L03AX11;TASONERMINA
L;AGENTES ANTINEOPLÁSICOS E INMUNOMODULADORES;L03A;INMUNOESTIMULANTES;L03AX;OTROS INMUNOESTIMULANTES;L03AX12;VACUNA MELANOMA
L;AGENTES ANTINEOPLÁSICOS E INMUNOMODULADORES;L03A;INMUNOESTIMULANTES;L03AX;OTROS INMUNOESTIMULANTES;L03AX13;GLATIRÁMERO, ACETATO DE
L;AGENTES ANTINEOPLÁSICOS E INMUNOMODULADORES;L03A;INMUNOESTIMULANTES;L03AX;OTROS INMUNOESTIMULANTES;L03AX14;HISTAMINA DIHIDROCHLORID
L;AGENTES ANTINEOPLÁSICOS E INMUNOMODULADORES;L03A;INMUNOESTIMULANTES;L03AX;OTROS INMUNOESTIMULANTES;L03AX15;MIFAMURTIDA
L;AGENTES ANTINEOPLÁSICOS E INMUNOMODULADORES;L03A;INMUNOESTIMULANTES;L03AX;OTROS INMUNOESTIMULANTES;L03AX16;PLERIXAFOR
L;AGENTES ANTINEOPLÁSICOS E INMUNOMODULADORES;L03A;INMUNOESTIMULANTES;L03AX;OTROS INMUNOESTIMULANTES;L03AX17;SIPULEUCEL-T
L;AGENTES ANTINEOPLÁSICOS E INMUNOMODULADORES;L04A;INMUNOSUPRESORES;L04AA;INMUNOSUPRESORES SELECTIVOS;L04AA02;MUROMONAB-CD3
L;AGENTES ANTINEOPLÁSICOS E INMUNOMODULADORES;L04A;INMUNOSUPRESORES;L04AA;INMUNOSUPRESORES SELECTIVOS;L04AA03;INMUNOGLOBULINA ANTILINFOCITARIA
L;AGENTES ANTINEOPLÁSICOS E INMUNOMODULADORES;L04A;INMUNOSUPRESORES;L04AA;INMUNOSUPRESORES SELECTIVOS;L04AA04;INMUNOGLOBULINA CONTRA TIMOCITOS
L;AGENTES ANTINEOPLÁSICOS E INMUNOMODULADORES;L04A;INMUNOSUPRESORES;L04AA;INMUNOSUPRESORES SELECTIVOS;L04AA06;ÁCIDO MICOFENÓLICO
L;AGENTES ANTINEOPLÁSICOS E INMUNOMODULADORES;L04A;INMUNOSUPRESORES;L04AA;INMUNOSUPRESORES SELECTIVOS;L04AA10;SIROLIMUS
L;AGENTES ANTINEOPLÁSICOS E INMUNOMODULADORES;L04A;INMUNOSUPRESORES;L04AA;INMUNOSUPRESORES SELECTIVOS;L04AA13;LEFLUNOMIDA
L;AGENTES ANTINEOPLÁSICOS E INMUNOMODULADORES;L04A;INMUNOSUPRESORES;L04AA;INMUNOSUPRESORES SELECTIVOS;L04AA15;ALEFACEPT
L;AGENTES ANTINEOPLÁSICOS E INMUNOMODULADORES;L04A;INMUNOSUPRESORES;L04AA;INMUNOSUPRESORES SELECTIVOS;L04AA18;EVEROLIMUS
L;AGENTES ANTINEOPLÁSICOS E INMUNOMODULADORES;L04A;INMUNOSUPRESORES;L04AA;INMUNOSUPRESORES SELECTIVOS;L04AA19;GUSPERIMUS
L;AGENTES ANTINEOPLÁSICOS E INMUNOMODULADORES;L04A;INMUNOSUPRESORES;L04AA;INMUNOSUPRESORES SELECTIVOS;L04AA21;EFALIZUMAB
L;AGENTES ANTINEOPLÁSICOS E INMUNOMODULADORES;L04A;INMUNOSUPRESORES;L04AA;INMUNOSUPRESORES SELECTIVOS;L04AA22;ABETIMUS
L;AGENTES ANTINEOPLÁSICOS E INMUNOMODULADORES;L04A;INMUNOSUPRESORES;L04AA;INMUNOSUPRESORES SELECTIVOS;L04AA23;NATALIZUMAB
L;AGENTES ANTINEOPLÁSICOS E INMUNOMODULADORES;L04A;INMUNOSUPRESORES;L04AA;INMUNOSUPRESORES SELECTIVOS;L04AA24;ABATACEPT
L;AGENTES ANTINEOPLÁSICOS E INMUNOMODULADORES;L04A;INMUNOSUPRESORES;L04AA;INMUNOSUPRESORES SELECTIVOS;L04AA25;ECULIZUMAB
L;AGENTES ANTINEOPLÁSICOS E INMUNOMODULADORES;L04A;INMUNOSUPRESORES;L04AA;INMUNOSUPRESORES SELECTIVOS;L04AA26;BELIMUMAB
L;AGENTES ANTINEOPLÁSICOS E INMUNOMODULADORES;L04A;INMUNOSUPRESORES;L04AA;INMUNOSUPRESORES SELECTIVOS;L04AA27;FINGOLIMOD
L;AGENTES ANTINEOPLÁSICOS E INMUNOMODULADORES;L04A;INMUNOSUPRESORES;L04AA;INMUNOSUPRESORES SELECTIVOS;L04AA28;BELATACEPT
L;AGENTES ANTINEOPLÁSICOS E INMUNOMODULADORES;L04A;INMUNOSUPRESORES;L04AA;INMUNOSUPRESORES SELECTIVOS;L04AA29;TOFACITINIB
L;AGENTES ANTINEOPLÁSICOS E INMUNOMODULADORES;L04A;INMUNOSUPRESORES;L04AA;INMUNOSUPRESORES SELECTIVOS;L04AA31;TERIFLUNOMIDA
L;AGENTES ANTINEOPLÁSICOS E INMUNOMODULADORES;L04A;INMUNOSUPRESORES;L04AA;INMUNOSUPRESORES SELECTIVOS;L04AA32;APREMILAST
L;AGENTES ANTINEOPLÁSICOS E INMUNOMODULADORES;L04A;INMUNOSUPRESORES;L04AB;INHIBIDORES DEL FACTOR DE NECROSIS TUMORAL ALFA (TNF- );L04AB01;ETANERCEPT
L;AGENTES ANTINEOPLÁSICOS E INMUNOMODULADORES;L04A;INMUNOSUPRESORES;L04AB;INHIBIDORES DEL FACTOR DE NECROSIS TUMORAL ALFA (TNF- );L04AB02;INFLIXIMAB
L;AGENTES ANTINEOPLÁSICOS E INMUNOMODULADORES;L04A;INMUNOSUPRESORES;L04AB;INHIBIDORES DEL FACTOR DE NECROSIS TUMORAL ALFA (TNF- );L04AB03;AFELIMOMAB
L;AGENTES ANTINEOPLÁSICOS E INMUNOMODULADORES;L04A;INMUNOSUPRESORES;L04AB;INHIBIDORES DEL FACTOR DE NECROSIS TUMORAL ALFA (TNF- );L04AB04;ADALIMUMAB
L;AGENTES ANTINEOPLÁSICOS E INMUNOMODULADORES;L04A;INMUNOSUPRESORES;L04AB;INHIBIDORES DEL FACTOR DE NECROSIS TUMORAL ALFA (TNF- );L04AB05;CERTOLIZUMAB PEGOL
L;AGENTES ANTINEOPLÁSICOS E INMUNOMODULADORES;L04A;INMUNOSUPRESORES;L04AB;INHIBIDORES DEL FACTOR DE NECROSIS TUMORAL ALFA (TNF- );L04AB06;GOLIMUMAB
L;AGENTES ANTINEOPLÁSICOS E INMUNOMODULADORES;L04A;INMUNOSUPRESORES;L04AC;INHIBIDORES DE LA INTERLEUCINA;L04AC01;DACLIZUMAB
L;AGENTES ANTINEOPLÁSICOS E INMUNOMODULADORES;L04A;INMUNOSUPRESORES;L04AC;INHIBIDORES DE LA INTERLEUCINA;L04AC02;BASILIXIMAB
L;AGENTES ANTINEOPLÁSICOS E INMUNOMODULADORES;L04A;INMUNOSUPRESORES;L04AC;INHIBIDORES DE LA INTERLEUCINA;L04AC03;ANAKINRA
L;AGENTES ANTINEOPLÁSICOS E INMUNOMODULADORES;L04A;INMUNOSUPRESORES;L04AC;INHIBIDORES DE LA INTERLEUCINA;L04AC04;RILONACEPT
L;AGENTES ANTINEOPLÁSICOS E INMUNOMODULADORES;L04A;INMUNOSUPRESORES;L04AC;INHIBIDORES DE LA INTERLEUCINA;L04AC05;USTEKINUMAB
L;AGENTES ANTINEOPLÁSICOS E INMUNOMODULADORES;L04A;INMUNOSUPRESORES;L04AC;INHIBIDORES DE LA INTERLEUCINA;L04AC06;MEPOLIZUMAB
L;AGENTES ANTINEOPLÁSICOS E INMUNOMODULADORES;L04A;INMUNOSUPRESORES;L04AC;INHIBIDORES DE LA INTERLEUCINA;L04AC07;TOCILIZUMAB
L;AGENTES ANTINEOPLÁSICOS E INMUNOMODULADORES;L04A;INMUNOSUPRESORES;L04AC;INHIBIDORES DE LA INTERLEUCINA;L04AC08;CANAKINUMAB
L;AGENTES ANTINEOPLÁSICOS E INMUNOMODULADORES;L04A;INMUNOSUPRESORES;L04AC;INHIBIDORES DE LA INTERLEUCINA;L04AC09;BRIAKINUMAB
L;AGENTES ANTINEOPLÁSICOS E INMUNOMODULADORES;L04A;INMUNOSUPRESORES;L04AC;INHIBIDORES DE LA INTERLEUCINA;L04AC10;SECUKINUMAB
L;AGENTES ANTINEOPLÁSICOS E INMUNOMODULADORES;L04A;INMUNOSUPRESORES;L04AD;INHIBIDORES DE LA CALCINEURINA;L04AD01;CICLOSPORINA
L;AGENTES ANTINEOPLÁSICOS E INMUNOMODULADORES;L04A;INMUNOSUPRESORES;L04AD;INHIBIDORES DE LA CALCINEURINA;L04AD02;TACROLIMO
L;AGENTES ANTINEOPLÁSICOS E INMUNOMODULADORES;L04A;INMUNOSUPRESORES;L04AD;INHIBIDORES DE LA CALCINEURINA;L04AD03;VOCLOSPORINA
L;AGENTES ANTINEOPLÁSICOS E INMUNOMODULADORES;L04A;INMUNOSUPRESORES;L04AX;OTROS INMUNOSUPRESORES;L04AX01;AZATIOPRINA
L;AGENTES ANTINEOPLÁSICOS E INMUNOMODULADORES;L04A;INMUNOSUPRESORES;L04AX;OTROS INMUNOSUPRESORES;L04AX02;TALIDOMIDA
L;AGENTES ANTINEOPLÁSICOS E INMUNOMODULADORES;L04A;INMUNOSUPRESORES;L04AX;OTROS INMUNOSUPRESORES;L04AX03;METOTREXATO
L;AGENTES ANTINEOPLÁSICOS E INMUNOMODULADORES;L04A;INMUNOSUPRESORES;L04AX;OTROS INMUNOSUPRESORES;L04AX04;LENALIDOMIDE
L;AGENTES ANTINEOPLÁSICOS E INMUNOMODULADORES;L04A;INMUNOSUPRESORES;L04AX;OTROS INMUNOSUPRESORES;L04AX05;PIRFENIDONA
L;AGENTES ANTINEOPLÁSICOS E INMUNOMODULADORES;L04A;INMUNOSUPRESORES;L04AX;OTROS INMUNOSUPRESORES;L04AX06;POMALIDOMIDA
M;SISTEMA MUSCULOESQUELÉTICO;M01A;PRODUCTOS ANTIINFLAMATORIOS Y ANTIRREUMÁTICOS NO ESTEROIDEOS;M01AA;BUTILPIRAZOLIDINAS;M01AA01;FENILBUTAZONA
M;SISTEMA MUSCULOESQUELÉTICO;M01A;PRODUCTOS ANTIINFLAMATORIOS Y ANTIRREUMÁTICOS NO ESTEROIDEOS;M01AA;BUTILPIRAZOLIDINAS;M01AA02;MOFEBUTAZONA
M;SISTEMA MUSCULOESQUELÉTICO;M01A;PRODUCTOS ANTIINFLAMATORIOS Y ANTIRREUMÁTICOS NO ESTEROIDEOS;M01AA;BUTILPIRAZOLIDINAS;M01AA03;OXIFENBUTAZONA
M;SISTEMA MUSCULOESQUELÉTICO;M01A;PRODUCTOS ANTIINFLAMATORIOS Y ANTIRREUMÁTICOS NO ESTEROIDEOS;M01AA;BUTILPIRAZOLIDINAS;M01AA05;CLOFEZONA
M;SISTEMA MUSCULOESQUELÉTICO;M01A;PRODUCTOS ANTIINFLAMATORIOS Y ANTIRREUMÁTICOS NO ESTEROIDEOS;M01AA;BUTILPIRAZOLIDINAS;M01AA06;KEBUZONA
M;SISTEMA MUSCULOESQUELÉTICO;M01A;PRODUCTOS ANTIINFLAMATORIOS Y ANTIRREUMÁTICOS NO ESTEROIDEOS;M01AB;DERIVADOS DEL ÁCIDO ACÉTICO Y SUSTANCIAS RELACIONADAS;M01AB01;INDOMETACINA
M;SISTEMA MUSCULOESQUELÉTICO;M01A;PRODUCTOS ANTIINFLAMATORIOS Y ANTIRREUMÁTICOS NO ESTEROIDEOS;M01AB;DERIVADOS DEL ÁCIDO ACÉTICO Y SUSTANCIAS RELACIONADAS;M01AB02;SULINDACO
M;SISTEMA MUSCULOESQUELÉTICO;M01A;PRODUCTOS ANTIINFLAMATORIOS Y ANTIRREUMÁTICOS NO ESTEROIDEOS;M01AB;DERIVADOS DEL ÁCIDO ACÉTICO Y SUSTANCIAS RELACIONADAS;M01AB03;TOLMETINA
M;SISTEMA MUSCULOESQUELÉTICO;M01A;PRODUCTOS ANTIINFLAMATORIOS Y ANTIRREUMÁTICOS NO ESTEROIDEOS;M01AB;DERIVADOS DEL ÁCIDO ACÉTICO Y SUSTANCIAS RELACIONADAS;M01AB04;ZOMEPIRACO
M;SISTEMA MUSCULOESQUELÉTICO;M01A;PRODUCTOS ANTIINFLAMATORIOS Y ANTIRREUMÁTICOS NO ESTEROIDEOS;M01AB;DERIVADOS DEL ÁCIDO ACÉTICO Y SUSTANCIAS RELACIONADAS;M01AB05;DICLOFENACO
M;SISTEMA MUSCULOESQUELÉTICO;M01A;PRODUCTOS ANTIINFLAMATORIOS Y ANTIRREUMÁTICOS NO ESTEROIDEOS;M01AB;DERIVADOS DEL ÁCIDO ACÉTICO Y SUSTANCIAS RELACIONADAS;M01AB06;ALCLOFENACO
M;SISTEMA MUSCULOESQUELÉTICO;M01A;PRODUCTOS ANTIINFLAMATORIOS Y ANTIRREUMÁTICOS NO ESTEROIDEOS;M01AB;DERIVADOS DEL ÁCIDO ACÉTICO Y SUSTANCIAS RELACIONADAS;M01AB07;BUMADIZONA
M;SISTEMA MUSCULOESQUELÉTICO;M01A;PRODUCTOS ANTIINFLAMATORIOS Y ANTIRREUMÁTICOS NO ESTEROIDEOS;M01AB;DERIVADOS DEL ÁCIDO ACÉTICO Y SUSTANCIAS RELACIONADAS;M01AB08;ETODOLACO
M;SISTEMA MUSCULOESQUELÉTICO;M01A;PRODUCTOS ANTIINFLAMATORIOS Y ANTIRREUMÁTICOS NO ESTEROIDEOS;M01AB;DERIVADOS DEL ÁCIDO ACÉTICO Y SUSTANCIAS RELACIONADAS;M01AB09;LONAZOLACO
M;SISTEMA MUSCULOESQUELÉTICO;M01A;PRODUCTOS ANTIINFLAMATORIOS Y ANTIRREUMÁTICOS NO ESTEROIDEOS;M01AB;DERIVADOS DEL ÁCIDO ACÉTICO Y SUSTANCIAS RELACIONADAS;M01AB10;FENTIAZACO
M;SISTEMA MUSCULOESQUELÉTICO;M01A;PRODUCTOS ANTIINFLAMATORIOS Y ANTIRREUMÁTICOS NO ESTEROIDEOS;M01AB;DERIVADOS DEL ÁCIDO ACÉTICO Y SUSTANCIAS RELACIONADAS;M01AB11;ACEMETACINA
M;SISTEMA MUSCULOESQUELÉTICO;M01A;PRODUCTOS ANTIINFLAMATORIOS Y ANTIRREUMÁTICOS NO ESTEROIDEOS;M01AB;DERIVADOS DEL ÁCIDO ACÉTICO Y SUSTANCIAS RELACIONADAS;M01AB12;DIFENPIRAMINA
M;SISTEMA MUSCULOESQUELÉTICO;M01A;PRODUCTOS ANTIINFLAMATORIOS Y ANTIRREUMÁTICOS NO ESTEROIDEOS;M01AB;DERIVADOS DEL ÁCIDO ACÉTICO Y SUSTANCIAS RELACIONADAS;M01AB13;OXAMETACINA
M;SISTEMA MUSCULOESQUELÉTICO;M01A;PRODUCTOS ANTIINFLAMATORIOS Y ANTIRREUMÁTICOS NO ESTEROIDEOS;M01AB;DERIVADOS DEL ÁCIDO ACÉTICO Y SUSTANCIAS RELACIONADAS;M01AB14;PROGLUMETACINA
M;SISTEMA MUSCULOESQUELÉTICO;M01A;PRODUCTOS ANTIINFLAMATORIOS Y ANTIRREUMÁTICOS NO ESTEROIDEOS;M01AB;DERIVADOS DEL ÁCIDO ACÉTICO Y SUSTANCIAS RELACIONADAS;M01AB15;KETOROLACO
M;SISTEMA MUSCULOESQUELÉTICO;M01A;PRODUCTOS ANTIINFLAMATORIOS Y ANTIRREUMÁTICOS NO ESTEROIDEOS;M01AB;DERIVADOS DEL ÁCIDO ACÉTICO Y SUSTANCIAS RELACIONADAS;M01AB16;ACECLOFENACO
M;SISTEMA MUSCULOESQUELÉTICO;M01A;PRODUCTOS ANTIINFLAMATORIOS Y ANTIRREUMÁTICOS NO ESTEROIDEOS;M01AB;DERIVADOS DEL ÁCIDO ACÉTICO Y SUSTANCIAS RELACIONADAS;M01AB17;BUFEXAMACO
M;SISTEMA MUSCULOESQUELÉTICO;M01A;PRODUCTOS ANTIINFLAMATORIOS Y ANTIRREUMÁTICOS NO ESTEROIDEOS;M01AB;DERIVADOS DEL ÁCIDO ACÉTICO Y SUSTANCIAS RELACIONADAS;M01AB51;INDOMETACINA, COMBINACIONES
M;SISTEMA MUSCULOESQUELÉTICO;M01A;PRODUCTOS ANTIINFLAMATORIOS Y ANTIRREUMÁTICOS NO ESTEROIDEOS;M01AB;DERIVADOS DEL ÁCIDO ACÉTICO Y SUSTANCIAS RELACIONADAS;M01AB55;DICLOFENACO, COMBINACIONES
M;SISTEMA MUSCULOESQUELÉTICO;M01A;PRODUCTOS ANTIINFLAMATORIOS Y ANTIRREUMÁTICOS NO ESTEROIDEOS;M01AC;OXICAMOS;M01AC01;PIROXICAM
M;SISTEMA MUSCULOESQUELÉTICO;M01A;PRODUCTOS ANTIINFLAMATORIOS Y ANTIRREUMÁTICOS NO ESTEROIDEOS;M01AC;OXICAMOS;M01AC02;TENOXICAM
M;SISTEMA MUSCULOESQUELÉTICO;M01A;PRODUCTOS ANTIINFLAMATORIOS Y ANTIRREUMÁTICOS NO ESTEROIDEOS;M01AC;OXICAMOS;M01AC04;DROXICAM
M;SISTEMA MUSCULOESQUELÉTICO;M01A;PRODUCTOS ANTIINFLAMATORIOS Y ANTIRREUMÁTICOS NO ESTEROIDEOS;M01AC;OXICAMOS;M01AC05;LORNOXICAM
M;SISTEMA MUSCULOESQUELÉTICO;M01A;PRODUCTOS ANTIINFLAMATORIOS Y ANTIRREUMÁTICOS NO ESTEROIDEOS;M01AC;OXICAMOS;M01AC06;MELOXICAM
M;SISTEMA MUSCULOESQUELÉTICO;M01A;PRODUCTOS ANTIINFLAMATORIOS Y ANTIRREUMÁTICOS NO ESTEROIDEOS;M01AC;OXICAMOS;M01AC56;MELOXICAM, COMBINACIONES
M;SISTEMA MUSCULOESQUELÉTICO;M01A;PRODUCTOS ANTIINFLAMATORIOS Y ANTIRREUMÁTICOS NO ESTEROIDEOS;M01AE;DERIVADOS DEL ÁCIDO PROPIÓNICO;M01AE01;IBUPROFENO
M;SISTEMA MUSCULOESQUELÉTICO;M01A;PRODUCTOS ANTIINFLAMATORIOS Y ANTIRREUMÁTICOS NO ESTEROIDEOS;M01AE;DERIVADOS DEL ÁCIDO PROPIÓNICO;M01AE02;NAPROXENO
M;SISTEMA MUSCULOESQUELÉTICO;M01A;PRODUCTOS ANTIINFLAMATORIOS Y ANTIRREUMÁTICOS NO ESTEROIDEOS;M01AE;DERIVADOS DEL ÁCIDO PROPIÓNICO;M01AE03;KETOPROFENO
M;SISTEMA MUSCULOESQUELÉTICO;M01A;PRODUCTOS ANTIINFLAMATORIOS Y ANTIRREUMÁTICOS NO ESTEROIDEOS;M01AE;DERIVADOS DEL ÁCIDO PROPIÓNICO;M01AE04;FENOPROFENO
M;SISTEMA MUSCULOESQUELÉTICO;M01A;PRODUCTOS ANTIINFLAMATORIOS Y ANTIRREUMÁTICOS NO ESTEROIDEOS;M01AE;DERIVADOS DEL ÁCIDO PROPIÓNICO;M01AE05;FENBUFÉN
M;SISTEMA MUSCULOESQUELÉTICO;M01A;PRODUCTOS ANTIINFLAMATORIOS Y ANTIRREUMÁTICOS NO ESTEROIDEOS;M01AE;DERIVADOS DEL ÁCIDO PROPIÓNICO;M01AE06;BENOXAPROFENO
M;SISTEMA MUSCULOESQUELÉTICO;M01A;PRODUCTOS ANTIINFLAMATORIOS Y ANTIRREUMÁTICOS NO ESTEROIDEOS;M01AE;DERIVADOS DEL ÁCIDO PROPIÓNICO;M01AE07;SUPROFENO
M;SISTEMA MUSCULOESQUELÉTICO;M01A;PRODUCTOS ANTIINFLAMATORIOS Y ANTIRREUMÁTICOS NO ESTEROIDEOS;M01AE;DERIVADOS DEL ÁCIDO PROPIÓNICO;M01AE08;PIRPROFENO
M;SISTEMA MUSCULOESQUELÉTICO;M01A;PRODUCTOS ANTIINFLAMATORIOS Y ANTIRREUMÁTICOS NO ESTEROIDEOS;M01AE;DERIVADOS DEL ÁCIDO PROPIÓNICO;M01AE09;FLURBIPROFENO
M;SISTEMA MUSCULOESQUELÉTICO;M01A;PRODUCTOS ANTIINFLAMATORIOS Y ANTIRREUMÁTICOS NO ESTEROIDEOS;M01AE;DERIVADOS DEL ÁCIDO PROPIÓNICO;M01AE10;INDOPROFENO
M;SISTEMA MUSCULOESQUELÉTICO;M01A;PRODUCTOS ANTIINFLAMATORIOS Y ANTIRREUMÁTICOS NO ESTEROIDEOS;M01AE;DERIVADOS DEL ÁCIDO PROPIÓNICO;M01AE11;ÁCIDO TIAPROFÉNICO
M;SISTEMA MUSCULOESQUELÉTICO;M01A;PRODUCTOS ANTIINFLAMATORIOS Y ANTIRREUMÁTICOS NO ESTEROIDEOS;M01AE;DERIVADOS DEL ÁCIDO PROPIÓNICO;M01AE12;OXAPROZINA
M;SISTEMA MUSCULOESQUELÉTICO;M01A;PRODUCTOS ANTIINFLAMATORIOS Y ANTIRREUMÁTICOS NO ESTEROIDEOS;M01AE;DERIVADOS DEL ÁCIDO PROPIÓNICO;M01AE13;IBUPROXAM
M;SISTEMA MUSCULOESQUELÉTICO;M01A;PRODUCTOS ANTIINFLAMATORIOS Y ANTIRREUMÁTICOS NO ESTEROIDEOS;M01AE;DERIVADOS DEL ÁCIDO PROPIÓNICO;M01AE14;DEXIBUPROFENO
M;SISTEMA MUSCULOESQUELÉTICO;M01A;PRODUCTOS ANTIINFLAMATORIOS Y ANTIRREUMÁTICOS NO ESTEROIDEOS;M01AE;DERIVADOS DEL ÁCIDO PROPIÓNICO;M01AE15;FLUNOXAPROFENO
M;SISTEMA MUSCULOESQUELÉTICO;M01A;PRODUCTOS ANTIINFLAMATORIOS Y ANTIRREUMÁTICOS NO ESTEROIDEOS;M01AE;DERIVADOS DEL ÁCIDO PROPIÓNICO;M01AE16;ALMINOPROFENO
M;SISTEMA MUSCULOESQUELÉTICO;M01A;PRODUCTOS ANTIINFLAMATORIOS Y ANTIRREUMÁTICOS NO ESTEROIDEOS;M01AE;DERIVADOS DEL ÁCIDO PROPIÓNICO;M01AE17;DEXKETOPROFENO
M;SISTEMA MUSCULOESQUELÉTICO;M01A;PRODUCTOS ANTIINFLAMATORIOS Y ANTIRREUMÁTICOS NO ESTEROIDEOS;M01AE;DERIVADOS DEL ÁCIDO PROPIÓNICO;M01AE18;NAPROXCINOD
M;SISTEMA MUSCULOESQUELÉTICO;M01A;PRODUCTOS ANTIINFLAMATORIOS Y ANTIRREUMÁTICOS NO ESTEROIDEOS;M01AE;DERIVADOS DEL ÁCIDO PROPIÓNICO;M01AE51;IBUPROFENO, COMBINACIONES
M;SISTEMA MUSCULOESQUELÉTICO;M01A;PRODUCTOS ANTIINFLAMATORIOS Y ANTIRREUMÁTICOS NO ESTEROIDEOS;M01AE;DERIVADOS DEL ÁCIDO PROPIÓNICO;M01AE52;NAPROXENO Y ESOMEPRAZOL
M;SISTEMA MUSCULOESQUELÉTICO;M01A;PRODUCTOS ANTIINFLAMATORIOS Y ANTIRREUMÁTICOS NO ESTEROIDEOS;M01AE;DERIVADOS DEL ÁCIDO PROPIÓNICO;M01AE53;KETOPROFENO, COMBINACIONES
M;SISTEMA MUSCULOESQUELÉTICO;M01A;PRODUCTOS ANTIINFLAMATORIOS Y ANTIRREUMÁTICOS NO ESTEROIDEOS;M01AE;DERIVADOS DEL ÁCIDO PROPIÓNICO;M01AE56;NAPROXENO Y MISOPROSTOL
M;SISTEMA MUSCULOESQUELÉTICO;M01A;PRODUCTOS ANTIINFLAMATORIOS Y ANTIRREUMÁTICOS NO ESTEROIDEOS;M01AG;FENAMATOS;M01AG01;ÁCIDO MEFENÁMICO
M;SISTEMA MUSCULOESQUELÉTICO;M01A;PRODUCTOS ANTIINFLAMATORIOS Y ANTIRREUMÁTICOS NO ESTEROIDEOS;M01AG;FENAMATOS;M01AG02;ÁCIDO TOLFENÁMICO
M;SISTEMA MUSCULOESQUELÉTICO;M01A;PRODUCTOS ANTIINFLAMATORIOS Y ANTIRREUMÁTICOS NO ESTEROIDEOS;M01AG;FENAMATOS;M01AG03;ÁCIDO FLUFENÁMICO
M;SISTEMA MUSCULOESQUELÉTICO;M01A;PRODUCTOS ANTIINFLAMATORIOS Y ANTIRREUMÁTICOS NO ESTEROIDEOS;M01AG;FENAMATOS;M01AG04;ÁCIDO MECLOFENÁMICO
M;SISTEMA MUSCULOESQUELÉTICO;M01A;PRODUCTOS ANTIINFLAMATORIOS Y ANTIRREUMÁTICOS NO ESTEROIDEOS;M01AH;COXIBS;M01AH01;CELECOXIB
M;SISTEMA MUSCULOESQUELÉTICO;M01A;PRODUCTOS ANTIINFLAMATORIOS Y ANTIRREUMÁTICOS NO ESTEROIDEOS;M01AH;COXIBS;M01AH02;ROFECOXIB
M;SISTEMA MUSCULOESQUELÉTICO;M01A;PRODUCTOS ANTIINFLAMATORIOS Y ANTIRREUMÁTICOS NO ESTEROIDEOS;M01AH;COXIBS;M01AH03;VALDECOXIB
M;SISTEMA MUSCULOESQUELÉTICO;M01A;PRODUCTOS ANTIINFLAMATORIOS Y ANTIRREUMÁTICOS NO ESTEROIDEOS;M01AH;COXIBS;M01AH04;PARECOXIB
M;SISTEMA MUSCULOESQUELÉTICO;M01A;PRODUCTOS ANTIINFLAMATORIOS Y ANTIRREUMÁTICOS NO ESTEROIDEOS;M01AH;COXIBS;M01AH05;ETORICOXIB
M;SISTEMA MUSCULOESQUELÉTICO;M01A;PRODUCTOS ANTIINFLAMATORIOS Y ANTIRREUMÁTICOS NO ESTEROIDEOS;M01AH;COXIBS;M01AH06;LUMIRACOXIB
M;SISTEMA MUSCULOESQUELÉTICO;M01A;PRODUCTOS ANTIINFLAMATORIOS Y ANTIRREUMÁTICOS NO ESTEROIDEOS;M01AX;OTROS AGENTES ANTIINFLAMATORIOS Y ANTIRREUMÁTICOS NO ESTEROIDEOS;M01AX01;NABUMETONA
M;SISTEMA MUSCULOESQUELÉTICO;M01A;PRODUCTOS ANTIINFLAMATORIOS Y ANTIRREUMÁTICOS NO ESTEROIDEOS;M01AX;OTROS AGENTES ANTIINFLAMATORIOS Y ANTIRREUMÁTICOS NO ESTEROIDEOS;M01AX02;ÁCIDO NIFLÚMICO
M;SISTEMA MUSCULOESQUELÉTICO;M01A;PRODUCTOS ANTIINFLAMATORIOS Y ANTIRREUMÁTICOS NO ESTEROIDEOS;M01AX;OTROS AGENTES ANTIINFLAMATORIOS Y ANTIRREUMÁTICOS NO ESTEROIDEOS;M01AX04;AZAPROPAZONA
M;SISTEMA MUSCULOESQUELÉTICO;M01A;PRODUCTOS ANTIINFLAMATORIOS Y ANTIRREUMÁTICOS NO ESTEROIDEOS;M01AX;OTROS AGENTES ANTIINFLAMATORIOS Y ANTIRREUMÁTICOS NO ESTEROIDEOS;M01AX05;GLUCOSAMINA
M;SISTEMA MUSCULOESQUELÉTICO;M01A;PRODUCTOS ANTIINFLAMATORIOS Y ANTIRREUMÁTICOS NO ESTEROIDEOS;M01AX;OTROS AGENTES ANTIINFLAMATORIOS Y ANTIRREUMÁTICOS NO ESTEROIDEOS;M01AX07;BENCIDAMINA
M;SISTEMA MUSCULOESQUELÉTICO;M01A;PRODUCTOS ANTIINFLAMATORIOS Y ANTIRREUMÁTICOS NO ESTEROIDEOS;M01AX;OTROS AGENTES ANTIINFLAMATORIOS Y ANTIRREUMÁTICOS NO ESTEROIDEOS;M01AX12;GLUCOSAMINOGLICANO POLISULFATO
M;SISTEMA MUSCULOESQUELÉTICO;M01A;PRODUCTOS ANTIINFLAMATORIOS Y ANTIRREUMÁTICOS NO ESTEROIDEOS;M01AX;OTROS AGENTES ANTIINFLAMATORIOS Y ANTIRREUMÁTICOS NO ESTEROIDEOS;M01AX13;PROCUAZONA
M;SISTEMA MUSCULOESQUELÉTICO;M01A;PRODUCTOS ANTIINFLAMATORIOS Y ANTIRREUMÁTICOS NO ESTEROIDEOS;M01AX;OTROS AGENTES ANTIINFLAMATORIOS Y ANTIRREUMÁTICOS NO ESTEROIDEOS;M01AX14;ORGOTEÍNA
M;SISTEMA MUSCULOESQUELÉTICO;M01A;PRODUCTOS ANTIINFLAMATORIOS Y ANTIRREUMÁTICOS NO ESTEROIDEOS;M01AX;OTROS AGENTES ANTIINFLAMATORIOS Y ANTIRREUMÁTICOS NO ESTEROIDEOS;M01AX17;NIMESULIDA
M;SISTEMA MUSCULOESQUELÉTICO;M01A;PRODUCTOS ANTIINFLAMATORIOS Y ANTIRREUMÁTICOS NO ESTEROIDEOS;M01AX;OTROS AGENTES ANTIINFLAMATORIOS Y ANTIRREUMÁTICOS NO ESTEROIDEOS;M01AX18;FEPRAZONA
M;SISTEMA MUSCULOESQUELÉTICO;M01A;PRODUCTOS ANTIINFLAMATORIOS Y ANTIRREUMÁTICOS NO ESTEROIDEOS;M01AX;OTROS AGENTES ANTIINFLAMATORIOS Y ANTIRREUMÁTICOS NO ESTEROIDEOS;M01AX21;DIACEREÍNA
M;SISTEMA MUSCULOESQUELÉTICO;M01A;PRODUCTOS ANTIINFLAMATORIOS Y ANTIRREUMÁTICOS NO ESTEROIDEOS;M01AX;OTROS AGENTES ANTIINFLAMATORIOS Y ANTIRREUMÁTICOS NO ESTEROIDEOS;M01AX22;MORNIFLUMATO
M;SISTEMA MUSCULOESQUELÉTICO;M01A;PRODUCTOS ANTIINFLAMATORIOS Y ANTIRREUMÁTICOS NO ESTEROIDEOS;M01AX;OTROS AGENTES ANTIINFLAMATORIOS Y ANTIRREUMÁTICOS NO ESTEROIDEOS;M01AX23;TENIDAP
M;SISTEMA MUSCULOESQUELÉTICO;M01A;PRODUCTOS ANTIINFLAMATORIOS Y ANTIRREUMÁTICOS NO ESTEROIDEOS;M01AX;OTROS AGENTES ANTIINFLAMATORIOS Y ANTIRREUMÁTICOS NO ESTEROIDEOS;M01AX24;OXACEPROL
M;SISTEMA MUSCULOESQUELÉTICO;M01A;PRODUCTOS ANTIINFLAMATORIOS Y ANTIRREUMÁTICOS NO ESTEROIDEOS;M01AX;OTROS AGENTES ANTIINFLAMATORIOS Y ANTIRREUMÁTICOS NO ESTEROIDEOS;M01AX25;CONDROITINSULFATO
M;SISTEMA MUSCULOESQUELÉTICO;M01A;PRODUCTOS ANTIINFLAMATORIOS Y ANTIRREUMÁTICOS NO ESTEROIDEOS;M01AX;OTROS AGENTES ANTIINFLAMATORIOS Y ANTIRREUMÁTICOS NO ESTEROIDEOS;M01AX26;AGUACATE Y ACEITE DE SEMILLA DE SOYA, INSAPONIFICABLES
M;SISTEMA MUSCULOESQUELÉTICO;M01A;PRODUCTOS ANTIINFLAMATORIOS Y ANTIRREUMÁTICOS NO ESTEROIDEOS;M01AX;OTROS AGENTES ANTIINFLAMATORIOS Y ANTIRREUMÁTICOS NO ESTEROIDEOS;M01AX68;FEPRAZONA, COMBINACIONES
M;SISTEMA MUSCULOESQUELÉTICO;M01B;AGENTES ANTIINFLAMATORIOS/ ANTIRREUMÁTICOS EN COMBINACIÓN;M01BA;AGENTES ANTIINFLAMATORIOS/ANTIRREUMÁTICOS EN COMBINACIÓN CON CORTICOSTEROIDES;M01BA01;FENILBUTAZONA CON CORTICOSTEROIDES
M;SISTEMA MUSCULOESQUELÉTICO;M01B;AGENTES ANTIINFLAMATORIOS/ ANTIRREUMÁTICOS EN COMBINACIÓN;M01BA;AGENTES ANTIINFLAMATORIOS/ANTIRREUMÁTICOS EN COMBINACIÓN CON CORTICOSTEROIDES;M01BA02;DIPIROCETILO CON CORTICOSTEROIDES
M;SISTEMA MUSCULOESQUELÉTICO;M01B;AGENTES ANTIINFLAMATORIOS/ ANTIRREUMÁTICOS EN COMBINACIÓN;M01BA;AGENTES ANTIINFLAMATORIOS/ANTIRREUMÁTICOS EN COMBINACIÓN CON CORTICOSTEROIDES;M01BA03;ÁCIDO ACETILSALICÍLICO CON CORTICOSTEROIDES
M;SISTEMA MUSCULOESQUELÉTICO;M01C;AGENTES ANTIRREUMÁTICOS ESPECÍFICOS;M01CA;QUINOLINAS;M01CA03;OXICINCOFENO
M;SISTEMA MUSCULOESQUELÉTICO;M01C;AGENTES ANTIRREUMÁTICOS ESPECÍFICOS;M01CB;PREPARADOS DE ORO;M01CB01;AUROTIOMALATO DE SODIO
M;SISTEMA MUSCULOESQUELÉTICO;M01C;AGENTES ANTIRREUMÁTICOS ESPECÍFICOS;M01CB;PREPARADOS DE ORO;M01CB02;AUROTIOSULFATO DE SODIO
M;SISTEMA MUSCULOESQUELÉTICO;M01C;AGENTES ANTIRREUMÁTICOS ESPECÍFICOS;M01CB;PREPARADOS DE ORO;M01CB03;AURANOFINA
M;SISTEMA MUSCULOESQUELÉTICO;M01C;AGENTES ANTIRREUMÁTICOS ESPECÍFICOS;M01CB;PREPARADOS DE ORO;M01CB04;AUROTIOGLUCOSA
M;SISTEMA MUSCULOESQUELÉTICO;M01C;AGENTES ANTIRREUMÁTICOS ESPECÍFICOS;M01CB;PREPARADOS DE ORO;M01CB05;AUROTIOPROL
M;SISTEMA MUSCULOESQUELÉTICO;M01C;AGENTES ANTIRREUMÁTICOS ESPECÍFICOS;M01CC;PENICILAMINA Y AGENTES SIMILARES;M01CC01;PENICILAMINA
M;SISTEMA MUSCULOESQUELÉTICO;M01C;AGENTES ANTIRREUMÁTICOS ESPECÍFICOS;M01CC;PENICILAMINA Y AGENTES SIMILARES;M01CC02;BUCILAMINA
M;SISTEMA MUSCULOESQUELÉTICO;M02A;PRODUCTOS TÓPICOS PARA EL DOLOR ARTICULAR Y MUSCULAR;M02AA;PREPARADOS CON ANTIINFLAMATORIOS NO ESTEROIDEOS PARA USO TÓPICO;M02AA01;FENILBUTAZONA
M;SISTEMA MUSCULOESQUELÉTICO;M02A;PRODUCTOS TÓPICOS PARA EL DOLOR ARTICULAR Y MUSCULAR;M02AA;PREPARADOS CON ANTIINFLAMATORIOS NO ESTEROIDEOS PARA USO TÓPICO;M02AA02;MOFEBUTAZONA
M;SISTEMA MUSCULOESQUELÉTICO;M02A;PRODUCTOS TÓPICOS PARA EL DOLOR ARTICULAR Y MUSCULAR;M02AA;PREPARADOS CON ANTIINFLAMATORIOS NO ESTEROIDEOS PARA USO TÓPICO;M02AA03;CLOFEZONA
M;SISTEMA MUSCULOESQUELÉTICO;M02A;PRODUCTOS TÓPICOS PARA EL DOLOR ARTICULAR Y MUSCULAR;M02AA;PREPARADOS CON ANTIINFLAMATORIOS NO ESTEROIDEOS PARA USO TÓPICO;M02AA04;OXIFENBUTAZONA
M;SISTEMA MUSCULOESQUELÉTICO;M02A;PRODUCTOS TÓPICOS PARA EL DOLOR ARTICULAR Y MUSCULAR;M02AA;PREPARADOS CON ANTIINFLAMATORIOS NO ESTEROIDEOS PARA USO TÓPICO;M02AA05;BENCIDAMINA
M;SISTEMA MUSCULOESQUELÉTICO;M02A;PRODUCTOS TÓPICOS PARA EL DOLOR ARTICULAR Y MUSCULAR;M02AA;PREPARADOS CON ANTIINFLAMATORIOS NO ESTEROIDEOS PARA USO TÓPICO;M02AA06;ETOFENAMATO
M;SISTEMA MUSCULOESQUELÉTICO;M02A;PRODUCTOS TÓPICOS PARA EL DOLOR ARTICULAR Y MUSCULAR;M02AA;PREPARADOS CON ANTIINFLAMATORIOS NO ESTEROIDEOS PARA USO TÓPICO;M02AA07;PIROXICAM
M;SISTEMA MUSCULOESQUELÉTICO;M02A;PRODUCTOS TÓPICOS PARA EL DOLOR ARTICULAR Y MUSCULAR;M02AA;PREPARADOS CON ANTIINFLAMATORIOS NO ESTEROIDEOS PARA USO TÓPICO;M02AA08;FELBINACO
M;SISTEMA MUSCULOESQUELÉTICO;M02A;PRODUCTOS TÓPICOS PARA EL DOLOR ARTICULAR Y MUSCULAR;M02AA;PREPARADOS CON ANTIINFLAMATORIOS NO ESTEROIDEOS PARA USO TÓPICO;M02AA09;BUFEXAMACO
M;SISTEMA MUSCULOESQUELÉTICO;M02A;PRODUCTOS TÓPICOS PARA EL DOLOR ARTICULAR Y MUSCULAR;M02AA;PREPARADOS CON ANTIINFLAMATORIOS NO ESTEROIDEOS PARA USO TÓPICO;M02AA10;KETOPROFENO
M;SISTEMA MUSCULOESQUELÉTICO;M02A;PRODUCTOS TÓPICOS PARA EL DOLOR ARTICULAR Y MUSCULAR;M02AA;PREPARADOS CON ANTIINFLAMATORIOS NO ESTEROIDEOS PARA USO TÓPICO;M02AA11;BENDAZACO
M;SISTEMA MUSCULOESQUELÉTICO;M02A;PRODUCTOS TÓPICOS PARA EL DOLOR ARTICULAR Y MUSCULAR;M02AA;PREPARADOS CON ANTIINFLAMATORIOS NO ESTEROIDEOS PARA USO TÓPICO;M02AA12;NAPROXENO
M;SISTEMA MUSCULOESQUELÉTICO;M02A;PRODUCTOS TÓPICOS PARA EL DOLOR ARTICULAR Y MUSCULAR;M02AA;PREPARADOS CON ANTIINFLAMATORIOS NO ESTEROIDEOS PARA USO TÓPICO;M02AA13;IBUPROFENO
M;SISTEMA MUSCULOESQUELÉTICO;M02A;PRODUCTOS TÓPICOS PARA EL DOLOR ARTICULAR Y MUSCULAR;M02AA;PREPARADOS CON ANTIINFLAMATORIOS NO ESTEROIDEOS PARA USO TÓPICO;M02AA14;FENTIAZACO
M;SISTEMA MUSCULOESQUELÉTICO;M02A;PRODUCTOS TÓPICOS PARA EL DOLOR ARTICULAR Y MUSCULAR;M02AA;PREPARADOS CON ANTIINFLAMATORIOS NO ESTEROIDEOS PARA USO TÓPICO;M02AA15;DICLOFENACO
M;SISTEMA MUSCULOESQUELÉTICO;M02A;PRODUCTOS TÓPICOS PARA EL DOLOR ARTICULAR Y MUSCULAR;M02AA;PREPARADOS CON ANTIINFLAMATORIOS NO ESTEROIDEOS PARA USO TÓPICO;M02AA16;FEPRAZONA
M;SISTEMA MUSCULOESQUELÉTICO;M02A;PRODUCTOS TÓPICOS PARA EL DOLOR ARTICULAR Y MUSCULAR;M02AA;PREPARADOS CON ANTIINFLAMATORIOS NO ESTEROIDEOS PARA USO TÓPICO;M02AA17;ÁCIDO NIFLÚMICO
M;SISTEMA MUSCULOESQUELÉTICO;M02A;PRODUCTOS TÓPICOS PARA EL DOLOR ARTICULAR Y MUSCULAR;M02AA;PREPARADOS CON ANTIINFLAMATORIOS NO ESTEROIDEOS PARA USO TÓPICO;M02AA18;ÁCIDO MECLOFENÁMICO
M;SISTEMA MUSCULOESQUELÉTICO;M02A;PRODUCTOS TÓPICOS PARA EL DOLOR ARTICULAR Y MUSCULAR;M02AA;PREPARADOS CON ANTIINFLAMATORIOS NO ESTEROIDEOS PARA USO TÓPICO;M02AA19;FLURBIPROFENO
M;SISTEMA MUSCULOESQUELÉTICO;M02A;PRODUCTOS TÓPICOS PARA EL DOLOR ARTICULAR Y MUSCULAR;M02AA;PREPARADOS CON ANTIINFLAMATORIOS NO ESTEROIDEOS PARA USO TÓPICO;M02AA21;TOLMETINA
M;SISTEMA MUSCULOESQUELÉTICO;M02A;PRODUCTOS TÓPICOS PARA EL DOLOR ARTICULAR Y MUSCULAR;M02AA;PREPARADOS CON ANTIINFLAMATORIOS NO ESTEROIDEOS PARA USO TÓPICO;M02AA22;SUXIBUZONA
M;SISTEMA MUSCULOESQUELÉTICO;M02A;PRODUCTOS TÓPICOS PARA EL DOLOR ARTICULAR Y MUSCULAR;M02AA;PREPARADOS CON ANTIINFLAMATORIOS NO ESTEROIDEOS PARA USO TÓPICO;M02AA23;INDOMETACINA
M;SISTEMA MUSCULOESQUELÉTICO;M02A;PRODUCTOS TÓPICOS PARA EL DOLOR ARTICULAR Y MUSCULAR;M02AA;PREPARADOS CON ANTIINFLAMATORIOS NO ESTEROIDEOS PARA USO TÓPICO;M02AA24;NIFENAZONA
M;SISTEMA MUSCULOESQUELÉTICO;M02A;PRODUCTOS TÓPICOS PARA EL DOLOR ARTICULAR Y MUSCULAR;M02AA;PREPARADOS CON ANTIINFLAMATORIOS NO ESTEROIDEOS PARA USO TÓPICO;M02AA25;ACECLOFENACO
M;SISTEMA MUSCULOESQUELÉTICO;M02A;PRODUCTOS TÓPICOS PARA EL DOLOR ARTICULAR Y MUSCULAR;M02AA;PREPARADOS CON ANTIINFLAMATORIOS NO ESTEROIDEOS PARA USO TÓPICO;M02AA26;NIMESULIDA
M;SISTEMA MUSCULOESQUELÉTICO;M02A;PRODUCTOS TÓPICOS PARA EL DOLOR ARTICULAR Y MUSCULAR;M02AB;PREPARADOS CON CÁPSAICINA Y AGENTES SIMILARES;M02AB01;CAPSAICINA
M;SISTEMA MUSCULOESQUELÉTICO;M02A;PRODUCTOS TÓPICOS PARA EL DOLOR ARTICULAR Y MUSCULAR;M02AB;PREPARADOS CON CÁPSAICINA Y AGENTES SIMILARES;M02AB02;ZUCAPSAICINA
M;SISTEMA MUSCULOESQUELÉTICO;M02A;PRODUCTOS TÓPICOS PARA EL DOLOR ARTICULAR Y MUSCULAR;M02AX;OTROS PRODUCTOS TÓPICOS PARA EL DOLOR ARTICULAR Y MUSCULAR;M02AX02;TOLAZOLINA
M;SISTEMA MUSCULOESQUELÉTICO;M02A;PRODUCTOS TÓPICOS PARA EL DOLOR ARTICULAR Y MUSCULAR;M02AX;OTROS PRODUCTOS TÓPICOS PARA EL DOLOR ARTICULAR Y MUSCULAR;M02AX03;DIMETIL SULFÓXIDO
M;SISTEMA MUSCULOESQUELÉTICO;M02A;PRODUCTOS TÓPICOS PARA EL DOLOR ARTICULAR Y MUSCULAR;M02AX;OTROS PRODUCTOS TÓPICOS PARA EL DOLOR ARTICULAR Y MUSCULAR;M02AX05;IDROCILAMIDA
M;SISTEMA MUSCULOESQUELÉTICO;M02A;PRODUCTOS TÓPICOS PARA EL DOLOR ARTICULAR Y MUSCULAR;M02AX;OTROS PRODUCTOS TÓPICOS PARA EL DOLOR ARTICULAR Y MUSCULAR;M02AX06;TOLPERISONA
M;SISTEMA MUSCULOESQUELÉTICO;M02A;PRODUCTOS TÓPICOS PARA EL DOLOR ARTICULAR Y MUSCULAR;M02AX;OTROS PRODUCTOS TÓPICOS PARA EL DOLOR ARTICULAR Y MUSCULAR;M02AX10;VARIOS
M;SISTEMA MUSCULOESQUELÉTICO;M03A;AGENTES RELAJANTES MUSCULARES  DE ACCIÓN PERIFÉRICA;M03AA;ALCALOIDES CURARES;M03AA01;ALCURONIO
M;SISTEMA MUSCULOESQUELÉTICO;M03A;AGENTES RELAJANTES MUSCULARES  DE ACCIÓN PERIFÉRICA;M03AA;ALCALOIDES CURARES;M03AA02;TUBOCURARINA
M;SISTEMA MUSCULOESQUELÉTICO;M03A;AGENTES RELAJANTES MUSCULARES  DE ACCIÓN PERIFÉRICA;M03AA;ALCALOIDES CURARES;M03AA04;DIMETILTUBOCURARINA
M;SISTEMA MUSCULOESQUELÉTICO;M03A;AGENTES RELAJANTES MUSCULARES  DE ACCIÓN PERIFÉRICA;M03AB;DERIVADOS DE LA COLINA;M03AB01;SUXAMETONIO
M;SISTEMA MUSCULOESQUELÉTICO;M03A;AGENTES RELAJANTES MUSCULARES  DE ACCIÓN PERIFÉRICA;M03AC;OTROS COMPUESTOS DE AMONIO CUATERNARIO;M03AC01;PANCURONIO
M;SISTEMA MUSCULOESQUELÉTICO;M03A;AGENTES RELAJANTES MUSCULARES  DE ACCIÓN PERIFÉRICA;M03AC;OTROS COMPUESTOS DE AMONIO CUATERNARIO;M03AC02;GALAMINA
M;SISTEMA MUSCULOESQUELÉTICO;M03A;AGENTES RELAJANTES MUSCULARES  DE ACCIÓN PERIFÉRICA;M03AC;OTROS COMPUESTOS DE AMONIO CUATERNARIO;M03AC03;VECURONIO
M;SISTEMA MUSCULOESQUELÉTICO;M03A;AGENTES RELAJANTES MUSCULARES  DE ACCIÓN PERIFÉRICA;M03AC;OTROS COMPUESTOS DE AMONIO CUATERNARIO;M03AC04;ATRACURIO
M;SISTEMA MUSCULOESQUELÉTICO;M03A;AGENTES RELAJANTES MUSCULARES  DE ACCIÓN PERIFÉRICA;M03AC;OTROS COMPUESTOS DE AMONIO CUATERNARIO;M03AC05;HEXAFLURONIO
M;SISTEMA MUSCULOESQUELÉTICO;M03A;AGENTES RELAJANTES MUSCULARES  DE ACCIÓN PERIFÉRICA;M03AC;OTROS COMPUESTOS DE AMONIO CUATERNARIO;M03AC06;PIPECURONIO, BROMURO DE
M;SISTEMA MUSCULOESQUELÉTICO;M03A;AGENTES RELAJANTES MUSCULARES  DE ACCIÓN PERIFÉRICA;M03AC;OTROS COMPUESTOS DE AMONIO CUATERNARIO;M03AC07;DOXACURIO, CLORURO DE
M;SISTEMA MUSCULOESQUELÉTICO;M03A;AGENTES RELAJANTES MUSCULARES  DE ACCIÓN PERIFÉRICA;M03AC;OTROS COMPUESTOS DE AMONIO CUATERNARIO;M03AC08;FAZADINIO, BROMURO DE
M;SISTEMA MUSCULOESQUELÉTICO;M03A;AGENTES RELAJANTES MUSCULARES  DE ACCIÓN PERIFÉRICA;M03AC;OTROS COMPUESTOS DE AMONIO CUATERNARIO;M03AC09;ROCURONIO, BROMURO DE
M;SISTEMA MUSCULOESQUELÉTICO;M03A;AGENTES RELAJANTES MUSCULARES  DE ACCIÓN PERIFÉRICA;M03AC;OTROS COMPUESTOS DE AMONIO CUATERNARIO;M03AC10;MIVACURIO, CLORURO DE
M;SISTEMA MUSCULOESQUELÉTICO;M03A;AGENTES RELAJANTES MUSCULARES  DE ACCIÓN PERIFÉRICA;M03AC;OTROS COMPUESTOS DE AMONIO CUATERNARIO;M03AC11;CISATRACURIO
M;SISTEMA MUSCULOESQUELÉTICO;M03A;AGENTES RELAJANTES MUSCULARES  DE ACCIÓN PERIFÉRICA;M03AX;OTROS AGENTES RELAJANTES MUSCULARES DE ACCIÓN PERIFÉRICA;M03AX01;BOTULÍNICA, TOXINA
M;SISTEMA MUSCULOESQUELÉTICO;M03B;AGENTES RELAJANTES MUSCULARES DE ACCIÓN CENTRAL;M03BA;ÉSTERES DEL ÁCIDO CARBÁMICO;M03BA01;FENPROBAMATO
M;SISTEMA MUSCULOESQUELÉTICO;M03B;AGENTES RELAJANTES MUSCULARES DE ACCIÓN CENTRAL;M03BA;ÉSTERES DEL ÁCIDO CARBÁMICO;M03BA02;CARISOPRODOL
M;SISTEMA MUSCULOESQUELÉTICO;M03B;AGENTES RELAJANTES MUSCULARES DE ACCIÓN CENTRAL;M03BA;ÉSTERES DEL ÁCIDO CARBÁMICO;M03BA03;METOCARBAMOL
M;SISTEMA MUSCULOESQUELÉTICO;M03B;AGENTES RELAJANTES MUSCULARES DE ACCIÓN CENTRAL;M03BA;ÉSTERES DEL ÁCIDO CARBÁMICO;M03BA04;ESTIRAMATO
M;SISTEMA MUSCULOESQUELÉTICO;M03B;AGENTES RELAJANTES MUSCULARES DE ACCIÓN CENTRAL;M03BA;ÉSTERES DEL ÁCIDO CARBÁMICO;M03BA05;FEBARBAMATO
M;SISTEMA MUSCULOESQUELÉTICO;M03B;AGENTES RELAJANTES MUSCULARES DE ACCIÓN CENTRAL;M03BA;ÉSTERES DEL ÁCIDO CARBÁMICO;M03BA51;FENPROBAMATO, COMBINACIONES EXCLUIDOS PSICOLÉPTICOS
M;SISTEMA MUSCULOESQUELÉTICO;M03B;AGENTES RELAJANTES MUSCULARES DE ACCIÓN CENTRAL;M03BA;ÉSTERES DEL ÁCIDO CARBÁMICO;M03BA52;CARISOPRODOL, COMBINACIONES EXCLUIDOS PSICOLÉPTICOS
M;SISTEMA MUSCULOESQUELÉTICO;M03B;AGENTES RELAJANTES MUSCULARES DE ACCIÓN CENTRAL;M03BA;ÉSTERES DEL ÁCIDO CARBÁMICO;M03BA53;METOCARBAMOL, COMBINACIONES EXCLUIDOS PSICOLÉPTICOS
M;SISTEMA MUSCULOESQUELÉTICO;M03B;AGENTES RELAJANTES MUSCULARES DE ACCIÓN CENTRAL;M03BA;ÉSTERES DEL ÁCIDO CARBÁMICO;M03BA71;FENPROBAMATO, COMBINACIONES CON PSICOLÉPTICOS
M;SISTEMA MUSCULOESQUELÉTICO;M03B;AGENTES RELAJANTES MUSCULARES DE ACCIÓN CENTRAL;M03BA;ÉSTERES DEL ÁCIDO CARBÁMICO;M03BA72;CARISOPRODOL, COMBINACIONES CON PSICOLÉPTICOS
M;SISTEMA MUSCULOESQUELÉTICO;M03B;AGENTES RELAJANTES MUSCULARES DE ACCIÓN CENTRAL;M03BA;ÉSTERES DEL ÁCIDO CARBÁMICO;M03BA73;METOCARBAMOL, COMBINACIONES CON PSICOLÉPTICOS
M;SISTEMA MUSCULOESQUELÉTICO;M03B;AGENTES RELAJANTES MUSCULARES DE ACCIÓN CENTRAL;M03BB;DERIVADOS OXAZÓLICOS, TIAZÍNICOS Y TRIAZÍNICOS;M03BB02;CLORMEZANONA
M;SISTEMA MUSCULOESQUELÉTICO;M03B;AGENTES RELAJANTES MUSCULARES DE ACCIÓN CENTRAL;M03BB;DERIVADOS OXAZÓLICOS, TIAZÍNICOS Y TRIAZÍNICOS;M03BB03;CLORZOXAZONA
M;SISTEMA MUSCULOESQUELÉTICO;M03B;AGENTES RELAJANTES MUSCULARES DE ACCIÓN CENTRAL;M03BB;DERIVADOS OXAZÓLICOS, TIAZÍNICOS Y TRIAZÍNICOS;M03BB52;CLORMEZANONA, COMBINACIONES EXCLUIDOS PSICOLÉPTICOS
M;SISTEMA MUSCULOESQUELÉTICO;M03B;AGENTES RELAJANTES MUSCULARES DE ACCIÓN CENTRAL;M03BB;DERIVADOS OXAZÓLICOS, TIAZÍNICOS Y TRIAZÍNICOS;M03BB53;CLORZOXAZONA, COMBINACIONES EXCLUIDOS PSICOLÉPTICOS
M;SISTEMA MUSCULOESQUELÉTICO;M03B;AGENTES RELAJANTES MUSCULARES DE ACCIÓN CENTRAL;M03BB;DERIVADOS OXAZÓLICOS, TIAZÍNICOS Y TRIAZÍNICOS;M03BB72;CLORMEZANONA, COMBINACIONES CON PSICOLÉPTICOS
M;SISTEMA MUSCULOESQUELÉTICO;M03B;AGENTES RELAJANTES MUSCULARES DE ACCIÓN CENTRAL;M03BB;DERIVADOS OXAZÓLICOS, TIAZÍNICOS Y TRIAZÍNICOS;M03BB73;CLORZOXAZONA, COMBINACIONES CON PSICOLÉPTICOS
M;SISTEMA MUSCULOESQUELÉTICO;M03B;AGENTES RELAJANTES MUSCULARES DE ACCIÓN CENTRAL;M03BC;ÉSTERES QUÍMICAMENTE RELACIONADOS CON ANTIHISTAMÍNICOS;M03BC01;ORFENADRINA, CITRATO DE
M;SISTEMA MUSCULOESQUELÉTICO;M03B;AGENTES RELAJANTES MUSCULARES DE ACCIÓN CENTRAL;M03BC;ÉSTERES QUÍMICAMENTE RELACIONADOS CON ANTIHISTAMÍNICOS;M03BC51;ORFENADRINA, COMBINACIONES CON
M;SISTEMA MUSCULOESQUELÉTICO;M03B;AGENTES RELAJANTES MUSCULARES DE ACCIÓN CENTRAL;M03BX;OTROS AGENTES DE ACCIÓN CENTRAL;M03BX01;BACLOFENO
M;SISTEMA MUSCULOESQUELÉTICO;M03B;AGENTES RELAJANTES MUSCULARES DE ACCIÓN CENTRAL;M03BX;OTROS AGENTES DE ACCIÓN CENTRAL;M03BX02;TIZANIDINA
M;SISTEMA MUSCULOESQUELÉTICO;M03B;AGENTES RELAJANTES MUSCULARES DE ACCIÓN CENTRAL;M03BX;OTROS AGENTES DE ACCIÓN CENTRAL;M03BX03;PRIDINOL
M;SISTEMA MUSCULOESQUELÉTICO;M03B;AGENTES RELAJANTES MUSCULARES DE ACCIÓN CENTRAL;M03BX;OTROS AGENTES DE ACCIÓN CENTRAL;M03BX04;TOLPERISONA
M;SISTEMA MUSCULOESQUELÉTICO;M03B;AGENTES RELAJANTES MUSCULARES DE ACCIÓN CENTRAL;M03BX;OTROS AGENTES DE ACCIÓN CENTRAL;M03BX05;TIOCOLCHICÓSIDO
M;SISTEMA MUSCULOESQUELÉTICO;M03B;AGENTES RELAJANTES MUSCULARES DE ACCIÓN CENTRAL;M03BX;OTROS AGENTES DE ACCIÓN CENTRAL;M03BX06;MEFENESINA
M;SISTEMA MUSCULOESQUELÉTICO;M03B;AGENTES RELAJANTES MUSCULARES DE ACCIÓN CENTRAL;M03BX;OTROS AGENTES DE ACCIÓN CENTRAL;M03BX07;TETRAZEPAM
M;SISTEMA MUSCULOESQUELÉTICO;M03B;AGENTES RELAJANTES MUSCULARES DE ACCIÓN CENTRAL;M03BX;OTROS AGENTES DE ACCIÓN CENTRAL;M03BX08;CICLOBENZAPRINA
M;SISTEMA MUSCULOESQUELÉTICO;M03B;AGENTES RELAJANTES MUSCULARES DE ACCIÓN CENTRAL;M03BX;OTROS AGENTES DE ACCIÓN CENTRAL;M03BX09;EPERISONA
M;SISTEMA MUSCULOESQUELÉTICO;M03B;AGENTES RELAJANTES MUSCULARES DE ACCIÓN CENTRAL;M03BX;OTROS AGENTES DE ACCIÓN CENTRAL;M03BX30;FENIRAMINOL
M;SISTEMA MUSCULOESQUELÉTICO;M03C;AGENTES RELAJANTES MUSCULARES DE ACCIÓN DIRECTA;M03CA;DANTROLENO Y DERIVADOS;M03CA01;DANTROLENO
M;SISTEMA MUSCULOESQUELÉTICO;M04A;PREPARADOS ANTIGOTOSOS;M04AA;PREPARADOS QUE INHIBEN LA PRODUCCIÓN DE ÁCIDO ÚRICO;M04AA01;ALOPURINOL
M;SISTEMA MUSCULOESQUELÉTICO;M04A;PREPARADOS ANTIGOTOSOS;M04AA;PREPARADOS QUE INHIBEN LA PRODUCCIÓN DE ÁCIDO ÚRICO;M04AA02;TISOPURINA
M;SISTEMA MUSCULOESQUELÉTICO;M04A;PREPARADOS ANTIGOTOSOS;M04AA;PREPARADOS QUE INHIBEN LA PRODUCCIÓN DE ÁCIDO ÚRICO;M04AA03;FEBUXOSTAT
M;SISTEMA MUSCULOESQUELÉTICO;M04A;PREPARADOS ANTIGOTOSOS;M04AA;PREPARADOS QUE INHIBEN LA PRODUCCIÓN DE ÁCIDO ÚRICO;M04AA51;ALOPURINOL, COMBINACIONES CON
M;SISTEMA MUSCULOESQUELÉTICO;M04A;PREPARADOS ANTIGOTOSOS;M04AB;PREPARADOS QUE AUMENTAN LA EXCRECIÓN DE ÁCIDO ÚRICO;M04AB01;PROBENECID
M;SISTEMA MUSCULOESQUELÉTICO;M04A;PREPARADOS ANTIGOTOSOS;M04AB;PREPARADOS QUE AUMENTAN LA EXCRECIÓN DE ÁCIDO ÚRICO;M04AB02;SULFINPIRAZONA
M;SISTEMA MUSCULOESQUELÉTICO;M04A;PREPARADOS ANTIGOTOSOS;M04AB;PREPARADOS QUE AUMENTAN LA EXCRECIÓN DE ÁCIDO ÚRICO;M04AB03;BENZBROMARONA
M;SISTEMA MUSCULOESQUELÉTICO;M04A;PREPARADOS ANTIGOTOSOS;M04AB;PREPARADOS QUE AUMENTAN LA EXCRECIÓN DE ÁCIDO ÚRICO;M04AB04;ISOBROMINDIONA
M;SISTEMA MUSCULOESQUELÉTICO;M04A;PREPARADOS ANTIGOTOSOS;M04AC;PREPARADOS SIN EFECTO SOBRE EL METABOLISMO DEL ÁCIDO ÚRICO;M04AC01;COLCHICINA
M;SISTEMA MUSCULOESQUELÉTICO;M04A;PREPARADOS ANTIGOTOSOS;M04AC;PREPARADOS SIN EFECTO SOBRE EL METABOLISMO DEL ÁCIDO ÚRICO;M04AC02;CINCOFENO
M;SISTEMA MUSCULOESQUELÉTICO;M04A;PREPARADOS ANTIGOTOSOS;M04AX;OTROS PREPARADOS ANTIGOTOSOS;M04AX01;URATO OXIDASA
M;SISTEMA MUSCULOESQUELÉTICO;M04A;PREPARADOS ANTIGOTOSOS;M04AX;OTROS PREPARADOS ANTIGOTOSOS;M04AX02;PEGLOTICASA
M;SISTEMA MUSCULOESQUELÉTICO;M05B;AGENTES QUE AFECTAN LA ESTRUCTURA ÓSEA Y LA MINERALIZACIÓN;M05BA;BIFOSFONATOS;M05BA01;ÁCIDO ETIDRÓNICO
M;SISTEMA MUSCULOESQUELÉTICO;M05B;AGENTES QUE AFECTAN LA ESTRUCTURA ÓSEA Y LA MINERALIZACIÓN;M05BA;BIFOSFONATOS;M05BA02;ÁCIDO CLODRÓNICO
M;SISTEMA MUSCULOESQUELÉTICO;M05B;AGENTES QUE AFECTAN LA ESTRUCTURA ÓSEA Y LA MINERALIZACIÓN;M05BA;BIFOSFONATOS;M05BA03;ÁCIDO PAMIDRÓNICO
M;SISTEMA MUSCULOESQUELÉTICO;M05B;AGENTES QUE AFECTAN LA ESTRUCTURA ÓSEA Y LA MINERALIZACIÓN;M05BA;BIFOSFONATOS;M05BA04;ÁCIDO ALENDRÓNICO
M;SISTEMA MUSCULOESQUELÉTICO;M05B;AGENTES QUE AFECTAN LA ESTRUCTURA ÓSEA Y LA MINERALIZACIÓN;M05BA;BIFOSFONATOS;M05BA05;ÁCIDO TILUDRÓNICO
M;SISTEMA MUSCULOESQUELÉTICO;M05B;AGENTES QUE AFECTAN LA ESTRUCTURA ÓSEA Y LA MINERALIZACIÓN;M05BA;BIFOSFONATOS;M05BA06;ÁCIDO IBANDRÓNICO
M;SISTEMA MUSCULOESQUELÉTICO;M05B;AGENTES QUE AFECTAN LA ESTRUCTURA ÓSEA Y LA MINERALIZACIÓN;M05BA;BIFOSFONATOS;M05BA07;ÁCIDO RISEDRÓNICO
M;SISTEMA MUSCULOESQUELÉTICO;M05B;AGENTES QUE AFECTAN LA ESTRUCTURA ÓSEA Y LA MINERALIZACIÓN;M05BA;BIFOSFONATOS;M05BA08;ÁCIDO ZOLEDRÓNICO
M;SISTEMA MUSCULOESQUELÉTICO;M05B;AGENTES QUE AFECTAN LA ESTRUCTURA ÓSEA Y LA MINERALIZACIÓN;M05BB;BIFOSFONATOS, COMBINACIONES;M05BB01;ÁCIDO ETIDRÓNICO Y CALCIO, PREPARADOS SECUENCIALE
M;SISTEMA MUSCULOESQUELÉTICO;M05B;AGENTES QUE AFECTAN LA ESTRUCTURA ÓSEA Y LA MINERALIZACIÓN;M05BB;BIFOSFONATOS, COMBINACIONES;M05BB02;ÁCIDO RISEDRÓNICO Y CALCIO,  PREPARADOS SECUENCIALES
M;SISTEMA MUSCULOESQUELÉTICO;M05B;AGENTES QUE AFECTAN LA ESTRUCTURA ÓSEA Y LA MINERALIZACIÓN;M05BB;BIFOSFONATOS, COMBINACIONES;M05BB03;ÁCIDO ALENDRÓNICO Y COLECALCIFEROL
M;SISTEMA MUSCULOESQUELÉTICO;M05B;AGENTES QUE AFECTAN LA ESTRUCTURA ÓSEA Y LA MINERALIZACIÓN;M05BB;BIFOSFONATOS, COMBINACIONES;M05BB04;ÁCIDO RISEDRÓNICO, CALCIO Y COLECALCIFEROL, PREPARADOS SECUENCIALES
M;SISTEMA MUSCULOESQUELÉTICO;M05B;AGENTES QUE AFECTAN LA ESTRUCTURA ÓSEA Y LA MINERALIZACIÓN;M05BB;BIFOSFONATOS, COMBINACIONES;M05BB05;ÁCIDO ALENDRÓNICO, CALCIO Y COLECALCIFEROL, PREPARADOS SECUENCIALES
M;SISTEMA MUSCULOESQUELÉTICO;M05B;AGENTES QUE AFECTAN LA ESTRUCTURA ÓSEA Y LA MINERALIZACIÓN;M05BB;BIFOSFONATOS, COMBINACIONES;M05BB06;ÁCIDO ALENDRÓNICO Y COLECALCIFEROL, PREPARADOS SECUENCIALES
M;SISTEMA MUSCULOESQUELÉTICO;M05B;AGENTES QUE AFECTAN LA ESTRUCTURA ÓSEA Y LA MINERALIZACIÓN;M05BC;PROTEÍNAS MORFOGENÉTICAS ÓSEAS;M05BC01;DIBOTERMIN ALFA
M;SISTEMA MUSCULOESQUELÉTICO;M05B;AGENTES QUE AFECTAN LA ESTRUCTURA ÓSEA Y LA MINERALIZACIÓN;M05BC;PROTEÍNAS MORFOGENÉTICAS ÓSEAS;M05BC02;EPTOTERMIN ALFA
M;SISTEMA MUSCULOESQUELÉTICO;M05B;AGENTES QUE AFECTAN LA ESTRUCTURA ÓSEA Y LA MINERALIZACIÓN;M05BX;OTROS AGENTES QUE AFECTAN LA ESTRUCTURA ÓSEA Y LA MINERALIZACIÓN;M05BX01;IPRIFLAVONA
M;SISTEMA MUSCULOESQUELÉTICO;M05B;AGENTES QUE AFECTAN LA ESTRUCTURA ÓSEA Y LA MINERALIZACIÓN;M05BX;OTROS AGENTES QUE AFECTAN LA ESTRUCTURA ÓSEA Y LA MINERALIZACIÓN;M05BX02;CLORHIDRATO DE ALUMINIO
M;SISTEMA MUSCULOESQUELÉTICO;M05B;AGENTES QUE AFECTAN LA ESTRUCTURA ÓSEA Y LA MINERALIZACIÓN;M05BX;OTROS AGENTES QUE AFECTAN LA ESTRUCTURA ÓSEA Y LA MINERALIZACIÓN;M05BX03;ESTRONCIO, RANELATO DE
M;SISTEMA MUSCULOESQUELÉTICO;M05B;AGENTES QUE AFECTAN LA ESTRUCTURA ÓSEA Y LA MINERALIZACIÓN;M05BX;OTROS AGENTES QUE AFECTAN LA ESTRUCTURA ÓSEA Y LA MINERALIZACIÓN;M05BX04;DENOSUMAB
M;SISTEMA MUSCULOESQUELÉTICO;M05B;AGENTES QUE AFECTAN LA ESTRUCTURA ÓSEA Y LA MINERALIZACIÓN;M05BX;OTROS AGENTES QUE AFECTAN LA ESTRUCTURA ÓSEA Y LA MINERALIZACIÓN;M06BX21;MEBICAR
M;SISTEMA MUSCULOESQUELÉTICO;M05B;AGENTES QUE AFECTAN LA ESTRUCTURA ÓSEA Y LA MINERALIZACIÓN;M05BX;OTROS AGENTES QUE AFECTAN LA ESTRUCTURA ÓSEA Y LA MINERALIZACIÓN;M06BX22;FENIBUT
M;SISTEMA MUSCULOESQUELÉTICO;M09A;OTRAS DROGAS PARA TRASTORNOS DEL SISTEMA MUSCULOESQUELÉTICO;M09AA;QUININA Y DERIVADOS;M09AA01;HIDROQUININA
M;SISTEMA MUSCULOESQUELÉTICO;M09A;OTRAS DROGAS PARA TRASTORNOS DEL SISTEMA MUSCULOESQUELÉTICO;M09AA;QUININA Y DERIVADOS;M09AA72;QUININA, COMBINACIONES CON PSICOLÉPTICOS
M;SISTEMA MUSCULOESQUELÉTICO;M09A;OTRAS DROGAS PARA TRASTORNOS DEL SISTEMA MUSCULOESQUELÉTICO;M09AB;ENZIMAS;M09AB01;QUIMOPAPAÍNA
M;SISTEMA MUSCULOESQUELÉTICO;M09A;OTRAS DROGAS PARA TRASTORNOS DEL SISTEMA MUSCULOESQUELÉTICO;M09AB;ENZIMAS;M09AB02;COLAGENASA DE CLOSTRIDIUM HISTOLÍTICO
M;SISTEMA MUSCULOESQUELÉTICO;M09A;OTRAS DROGAS PARA TRASTORNOS DEL SISTEMA MUSCULOESQUELÉTICO;M09AB;ENZIMAS;M09AB52;TRIPSINA, COMBINACIONES CON
M;SISTEMA MUSCULOESQUELÉTICO;M09A;OTRAS DROGAS PARA TRASTORNOS DEL SISTEMA MUSCULOESQUELÉTICO;M09AX;OTRAS DROGAS PARA DESÓRDENES DEL SISTEMA MUSCULOESQUELÉTICO;M09AX01;ÁCIDO HIALURÓNICO
M;SISTEMA MUSCULOESQUELÉTICO;M09A;OTRAS DROGAS PARA TRASTORNOS DEL SISTEMA MUSCULOESQUELÉTICO;M09AX;OTRAS DROGAS PARA DESÓRDENES DEL SISTEMA MUSCULOESQUELÉTICO;M09AX02;CONDROCITOS, AUTÓLOGOS
N;SISTEMA NERVIOSO;N01A;ANESTÉSICOS GENERALES;N01AA;ÉTERES;N01AA01;DIETILÉTER
N;SISTEMA NERVIOSO;N01A;ANESTÉSICOS GENERALES;N01AA;ÉTERES;N01AA02;VINILÉTER
N;SISTEMA NERVIOSO;N01A;ANESTÉSICOS GENERALES;N01AB;HIDROCARBUROS HALOGENADOS;N01AB01;HALOTANO
N;SISTEMA NERVIOSO;N01A;ANESTÉSICOS GENERALES;N01AB;HIDROCARBUROS HALOGENADOS;N01AB02;CLOROFORMO
N;SISTEMA NERVIOSO;N01A;ANESTÉSICOS GENERALES;N01AB;HIDROCARBUROS HALOGENADOS;N01AB04;ENFLURANO
N;SISTEMA NERVIOSO;N01A;ANESTÉSICOS GENERALES;N01AB;HIDROCARBUROS HALOGENADOS;N01AB05;TRICLOROETILENO
N;SISTEMA NERVIOSO;N01A;ANESTÉSICOS GENERALES;N01AB;HIDROCARBUROS HALOGENADOS;N01AB06;ISOFLURANO
N;SISTEMA NERVIOSO;N01A;ANESTÉSICOS GENERALES;N01AB;HIDROCARBUROS HALOGENADOS;N01AB07;DESFLURANO
N;SISTEMA NERVIOSO;N01A;ANESTÉSICOS GENERALES;N01AB;HIDROCARBUROS HALOGENADOS;N01AB08;SEVOFLURANO
N;SISTEMA NERVIOSO;N01A;ANESTÉSICOS GENERALES;N01AF;BARBITÚRICOS, MONOTERAPIA;N01AF01;METOHEXITAL
N;SISTEMA NERVIOSO;N01A;ANESTÉSICOS GENERALES;N01AF;BARBITÚRICOS, MONOTERAPIA;N01AF02;HEXOBARBITAL
N;SISTEMA NERVIOSO;N01A;ANESTÉSICOS GENERALES;N01AF;BARBITÚRICOS, MONOTERAPIA;N01AF03;TIOPENTAL
N;SISTEMA NERVIOSO;N01A;ANESTÉSICOS GENERALES;N01AG;BARBITÚRICOS EN COMBINACIÓN CON OTRAS DROGAS;N01AG01;NARCOBARBITAL
N;SISTEMA NERVIOSO;N01A;ANESTÉSICOS GENERALES;N01AH;ANÉSTESICOS OPIODES;N01AH01;FENTANILO
N;SISTEMA NERVIOSO;N01A;ANESTÉSICOS GENERALES;N01AH;ANÉSTESICOS OPIODES;N01AH02;ALFENTANILO
N;SISTEMA NERVIOSO;N01A;ANESTÉSICOS GENERALES;N01AH;ANÉSTESICOS OPIODES;N01AH03;SUFENTANILO
N;SISTEMA NERVIOSO;N01A;ANESTÉSICOS GENERALES;N01AH;ANÉSTESICOS OPIODES;N01AH04;FENOPERIDINA
N;SISTEMA NERVIOSO;N01A;ANESTÉSICOS GENERALES;N01AH;ANÉSTESICOS OPIODES;N01AH05;ANILERIDINA
N;SISTEMA NERVIOSO;N01A;ANESTÉSICOS GENERALES;N01AH;ANÉSTESICOS OPIODES;N01AH06;REMIFENTANILO
N;SISTEMA NERVIOSO;N01A;ANESTÉSICOS GENERALES;N01AH;ANÉSTESICOS OPIODES;N01AH51;FENTANILO, COMBINACIONES CON
N;SISTEMA NERVIOSO;N01A;ANESTÉSICOS GENERALES;N01AX;OTROS ANESTÉSICOS GENERALES;N01AX03;KETAMINA
N;SISTEMA NERVIOSO;N01A;ANESTÉSICOS GENERALES;N01AX;OTROS ANESTÉSICOS GENERALES;N01AX04;PROPANIDID
N;SISTEMA NERVIOSO;N01A;ANESTÉSICOS GENERALES;N01AX;OTROS ANESTÉSICOS GENERALES;N01AX05;ALFAXALONA
N;SISTEMA NERVIOSO;N01A;ANESTÉSICOS GENERALES;N01AX;OTROS ANESTÉSICOS GENERALES;N01AX07;ETOMIDATO
N;SISTEMA NERVIOSO;N01A;ANESTÉSICOS GENERALES;N01AX;OTROS ANESTÉSICOS GENERALES;N01AX10;PROPOFOL
N;SISTEMA NERVIOSO;N01A;ANESTÉSICOS GENERALES;N01AX;OTROS ANESTÉSICOS GENERALES;N01AX11;OXIBATO DE SODIO
N;SISTEMA NERVIOSO;N01A;ANESTÉSICOS GENERALES;N01AX;OTROS ANESTÉSICOS GENERALES;N01AX13;ÓXIDO NITROSO
N;SISTEMA NERVIOSO;N01A;ANESTÉSICOS GENERALES;N01AX;OTROS ANESTÉSICOS GENERALES;N01AX14;ESKETAMINA
N;SISTEMA NERVIOSO;N01A;ANESTÉSICOS GENERALES;N01AX;OTROS ANESTÉSICOS GENERALES;N01AX15;XENÓN
N;SISTEMA NERVIOSO;N01A;ANESTÉSICOS GENERALES;N01AX;OTROS ANESTÉSICOS GENERALES;N01AX63;ÓXIDO NITROSO, COMBINACIONES
N;SISTEMA NERVIOSO;N01B;ANESTÉSICOS LOCALES;N01BA;ÉSTERES DEL ÁCIDO AMINOBENZOICO;N01BA01;METABUTETAMINA
N;SISTEMA NERVIOSO;N01B;ANESTÉSICOS LOCALES;N01BA;ÉSTERES DEL ÁCIDO AMINOBENZOICO;N01BA02;PROCAÍNA
N;SISTEMA NERVIOSO;N01B;ANESTÉSICOS LOCALES;N01BA;ÉSTERES DEL ÁCIDO AMINOBENZOICO;N01BA03;TETRACAÍNA
N;SISTEMA NERVIOSO;N01B;ANESTÉSICOS LOCALES;N01BA;ÉSTERES DEL ÁCIDO AMINOBENZOICO;N01BA04;CLORPROCAÍNA
N;SISTEMA NERVIOSO;N01B;ANESTÉSICOS LOCALES;N01BA;ÉSTERES DEL ÁCIDO AMINOBENZOICO;N01BA05;BENZOCAÍNA
N;SISTEMA NERVIOSO;N01B;ANESTÉSICOS LOCALES;N01BA;ÉSTERES DEL ÁCIDO AMINOBENZOICO;N01BA52;PROCAÍNA, COMBINACIONES
N;SISTEMA NERVIOSO;N01B;ANESTÉSICOS LOCALES;N01BB;AMIDAS;N01BB01;BUPIVACAÍNA
N;SISTEMA NERVIOSO;N01B;ANESTÉSICOS LOCALES;N01BB;AMIDAS;N01BB02;LIDOCAÍNA
N;SISTEMA NERVIOSO;N01B;ANESTÉSICOS LOCALES;N01BB;AMIDAS;N01BB03;MEPIVACAÍNA
N;SISTEMA NERVIOSO;N01B;ANESTÉSICOS LOCALES;N01BB;AMIDAS;N01BB04;PRILOCAÍNA
N;SISTEMA NERVIOSO;N01B;ANESTÉSICOS LOCALES;N01BB;AMIDAS;N01BB05;BUTANILICAÍNA
N;SISTEMA NERVIOSO;N01B;ANESTÉSICOS LOCALES;N01BB;AMIDAS;N01BB06;CINCOCAÍNA
N;SISTEMA NERVIOSO;N01B;ANESTÉSICOS LOCALES;N01BB;AMIDAS;N01BB07;ETIDOCAÍNA
N;SISTEMA NERVIOSO;N01B;ANESTÉSICOS LOCALES;N01BB;AMIDAS;N01BB08;ARTICAÍNA
N;SISTEMA NERVIOSO;N01B;ANESTÉSICOS LOCALES;N01BB;AMIDAS;N01BB09;ROPIVACAÍNA
N;SISTEMA NERVIOSO;N01B;ANESTÉSICOS LOCALES;N01BB;AMIDAS;N01BB10;LEVOBUPIVACAÍNA
N;SISTEMA NERVIOSO;N01B;ANESTÉSICOS LOCALES;N01BB;AMIDAS;N01BB20;COMBINACIONES
N;SISTEMA NERVIOSO;N01B;ANESTÉSICOS LOCALES;N01BB;AMIDAS;N01BB51;BUPIVACAÍNA, COMBINACIONES
N;SISTEMA NERVIOSO;N01B;ANESTÉSICOS LOCALES;N01BB;AMIDAS;N01BB52;LIDOCAÍNA, COMBINACIONES
N;SISTEMA NERVIOSO;N01B;ANESTÉSICOS LOCALES;N01BB;AMIDAS;N01BB53;MEPIVACAÍNA, COMBINACIONES
N;SISTEMA NERVIOSO;N01B;ANESTÉSICOS LOCALES;N01BB;AMIDAS;N01BB54;PRILOCAÍNA, COMBINACIONES
N;SISTEMA NERVIOSO;N01B;ANESTÉSICOS LOCALES;N01BB;AMIDAS;N01BB57;ETIDOCAÍNA, COMBINACIONES
N;SISTEMA NERVIOSO;N01B;ANESTÉSICOS LOCALES;N01BB;AMIDAS;N01BB58;ARTICAÍNA, COMBINACIONES
N;SISTEMA NERVIOSO;N01B;ANESTÉSICOS LOCALES;N01BC;ÉSTERES DEL ÁCIDO BENZOICO;N01BC01;COCAÍNA
N;SISTEMA NERVIOSO;N01B;ANESTÉSICOS LOCALES;N01BX;OTROS ANESTÉSICOS LOCALES;N01BX01;ETILCLORURO
N;SISTEMA NERVIOSO;N01B;ANESTÉSICOS LOCALES;N01BX;OTROS ANESTÉSICOS LOCALES;N01BX02;DICLONINA
N;SISTEMA NERVIOSO;N01B;ANESTÉSICOS LOCALES;N01BX;OTROS ANESTÉSICOS LOCALES;N01BX03;FENOL
N;SISTEMA NERVIOSO;N01B;ANESTÉSICOS LOCALES;N01BX;OTROS ANESTÉSICOS LOCALES;N01BX04;CAPSAICINA
N;SISTEMA NERVIOSO;N02A;OPIOIDES;N02AA;ALCALOIDES NATURALES DEL OPIO;N02AA01;MORFINA
N;SISTEMA NERVIOSO;N02A;OPIOIDES;N02AA;ALCALOIDES NATURALES DEL OPIO;N02AA02;OPIO
N;SISTEMA NERVIOSO;N02A;OPIOIDES;N02AA;ALCALOIDES NATURALES DEL OPIO;N02AA03;HIDROMORFONA
N;SISTEMA NERVIOSO;N02A;OPIOIDES;N02AA;ALCALOIDES NATURALES DEL OPIO;N02AA04;NICOMORFINA
N;SISTEMA NERVIOSO;N02A;OPIOIDES;N02AA;ALCALOIDES NATURALES DEL OPIO;N02AA05;OXICODONA
N;SISTEMA NERVIOSO;N02A;OPIOIDES;N02AA;ALCALOIDES NATURALES DEL OPIO;N02AA08;DIHIDROCODEÍNA
N;SISTEMA NERVIOSO;N02A;OPIOIDES;N02AA;ALCALOIDES NATURALES DEL OPIO;N02AA10;PAPAVERETO
N;SISTEMA NERVIOSO;N02A;OPIOIDES;N02AA;ALCALOIDES NATURALES DEL OPIO;N02AA51;MORFINA, COMBINACIONES
N;SISTEMA NERVIOSO;N02A;OPIOIDES;N02AA;ALCALOIDES NATURALES DEL OPIO;N02AA55;OXICODONA, COMBINACIONES
N;SISTEMA NERVIOSO;N02A;OPIOIDES;N02AA;ALCALOIDES NATURALES DEL OPIO;N02AA58;DIHIDROCODEÍNA, COMBINACIONES
N;SISTEMA NERVIOSO;N02A;OPIOIDES;N02AA;ALCALOIDES NATURALES DEL OPIO;N02AA59;CODEÍNA, COMBINACIONES EXCLUIDOS PSICOLÉPTICOS
N;SISTEMA NERVIOSO;N02A;OPIOIDES;N02AA;ALCALOIDES NATURALES DEL OPIO;N02AA79;CODEÍNA, COMBINACIONES CON PSICOLÉPTICOS
N;SISTEMA NERVIOSO;N02A;OPIOIDES;N02AB;DERIVADOS DE LA FENILPIPERIDINA;N02AB01;CETOBEMIDONA
N;SISTEMA NERVIOSO;N02A;OPIOIDES;N02AB;DERIVADOS DE LA FENILPIPERIDINA;N02AB02;PETIDINA (MEPERIDINA)
N;SISTEMA NERVIOSO;N02A;OPIOIDES;N02AB;DERIVADOS DE LA FENILPIPERIDINA;N02AB03;FENTANILO
N;SISTEMA NERVIOSO;N02A;OPIOIDES;N02AB;DERIVADOS DE LA FENILPIPERIDINA;N02AB52;PETIDINA, COMBINACIONES EXCLUIDOS PSICOLÉPTICOS
N;SISTEMA NERVIOSO;N02A;OPIOIDES;N02AB;DERIVADOS DE LA FENILPIPERIDINA;N02AB72;PETIDINA, COMBINACIONES CON PSICOLÉPTICOS
N;SISTEMA NERVIOSO;N02A;OPIOIDES;N02AC;DERIVADOS DE LA DIFENILPROPILAMINA;N02AC01;DEXTROMORAMIDA
N;SISTEMA NERVIOSO;N02A;OPIOIDES;N02AC;DERIVADOS DE LA DIFENILPROPILAMINA;N02AC03;PIRITRAMIDA
N;SISTEMA NERVIOSO;N02A;OPIOIDES;N02AC;DERIVADOS DE LA DIFENILPROPILAMINA;N02AC04;DEXTROPROPOXIFENO
N;SISTEMA NERVIOSO;N02A;OPIOIDES;N02AC;DERIVADOS DE LA DIFENILPROPILAMINA;N02AC05;BECITRAMIDA
N;SISTEMA NERVIOSO;N02A;OPIOIDES;N02AC;DERIVADOS DE LA DIFENILPROPILAMINA;N02AC52;METADONA, COMBINACIONES EXCLUIDOS PSICOLÉPTICOS
N;SISTEMA NERVIOSO;N02A;OPIOIDES;N02AC;DERIVADOS DE LA DIFENILPROPILAMINA;N02AC54;DEXTROPROPOXIFENO, COMBINACIONES EXCLUIDOS PSICOLÉPTICOS
N;SISTEMA NERVIOSO;N02A;OPIOIDES;N02AC;DERIVADOS DE LA DIFENILPROPILAMINA;N02AC74;DEXTROPROPOXIFENO, COMBINACIONES CON PSICOLÉPTICOS
N;SISTEMA NERVIOSO;N02A;OPIOIDES;N02AD;DERIVADOS DEL BENZOMORFANO;N02AD01;PENTAZOCINA
N;SISTEMA NERVIOSO;N02A;OPIOIDES;N02AD;DERIVADOS DEL BENZOMORFANO;N02AD02;FENAZOCINA
N;SISTEMA NERVIOSO;N02A;OPIOIDES;N02AE;DERIVADOS DE LA ORIPAVINA;N02AE01;BUPRENORFINA
N;SISTEMA NERVIOSO;N02A;OPIOIDES;N02AF;DERIVADOS DEL MORFINANO;N02AF01;BUTORFANOL
N;SISTEMA NERVIOSO;N02A;OPIOIDES;N02AF;DERIVADOS DEL MORFINANO;N02AF02;NALBUFINA
N;SISTEMA NERVIOSO;N02A;OPIOIDES;N02AG;OPIOIDES EN COMBINACIÓN CON ANTIESPASMÓDICOS;N02AG01;MORFINA CON ANTIESPASMÓDICOS
N;SISTEMA NERVIOSO;N02A;OPIOIDES;N02AG;OPIOIDES EN COMBINACIÓN CON ANTIESPASMÓDICOS;N02AG02;CETOBEMIDONA CON ANTIESPASMÓDICOS
N;SISTEMA NERVIOSO;N02A;OPIOIDES;N02AG;OPIOIDES EN COMBINACIÓN CON ANTIESPASMÓDICOS;N02AG03;PETIDINA CON ANTIESPASMÓDICOS
N;SISTEMA NERVIOSO;N02A;OPIOIDES;N02AG;OPIOIDES EN COMBINACIÓN CON ANTIESPASMÓDICOS;N02AG04;HIDROMORFONA CON ANTIESPASMÓDICOS
N;SISTEMA NERVIOSO;N02A;OPIOIDES;N02AX;OTROS OPIOIDES;N02AX01;TILIDINA
N;SISTEMA NERVIOSO;N02A;OPIOIDES;N02AX;OTROS OPIOIDES;N02AX02;TRAMADOL
N;SISTEMA NERVIOSO;N02A;OPIOIDES;N02AX;OTROS OPIOIDES;N02AX03;DEZOCINA
N;SISTEMA NERVIOSO;N02A;OPIOIDES;N02AX;OTROS OPIOIDES;N02AX05;MEPTAZINOL
N;SISTEMA NERVIOSO;N02A;OPIOIDES;N02AX;OTROS OPIOIDES;N02AX06;TAPENTADOL
N;SISTEMA NERVIOSO;N02A;OPIOIDES;N02AX;OTROS OPIOIDES;N02AX52;TRAMADOL, COMBINACIÓN CON
N;SISTEMA NERVIOSO;N02B;OTROS ANALGÉSICOS Y ANTIPIRÉTICOS;N02BA;ÁCIDO SALICÍLICO Y DERIVADOS;N02BA01;ÁCIDO ACETILSALICÍLICO
N;SISTEMA NERVIOSO;N02B;OTROS ANALGÉSICOS Y ANTIPIRÉTICOS;N02BA;ÁCIDO SALICÍLICO Y DERIVADOS;N02BA02;ALOXIPRINA
N;SISTEMA NERVIOSO;N02B;OTROS ANALGÉSICOS Y ANTIPIRÉTICOS;N02BA;ÁCIDO SALICÍLICO Y DERIVADOS;N02BA03;SALICILATO DE COLINA
N;SISTEMA NERVIOSO;N02B;OTROS ANALGÉSICOS Y ANTIPIRÉTICOS;N02BA;ÁCIDO SALICÍLICO Y DERIVADOS;N02BA04;SALICILATO DE SODIO
N;SISTEMA NERVIOSO;N02B;OTROS ANALGÉSICOS Y ANTIPIRÉTICOS;N02BA;ÁCIDO SALICÍLICO Y DERIVADOS;N02BA05;SALICILAMIDA
N;SISTEMA NERVIOSO;N02B;OTROS ANALGÉSICOS Y ANTIPIRÉTICOS;N02BA;ÁCIDO SALICÍLICO Y DERIVADOS;N02BA06;SALSALATO
N;SISTEMA NERVIOSO;N02B;OTROS ANALGÉSICOS Y ANTIPIRÉTICOS;N02BA;ÁCIDO SALICÍLICO Y DERIVADOS;N02BA07;ETENZAMIDA
N;SISTEMA NERVIOSO;N02B;OTROS ANALGÉSICOS Y ANTIPIRÉTICOS;N02BA;ÁCIDO SALICÍLICO Y DERIVADOS;N02BA08;SALICILATO DE MORFOLINA
N;SISTEMA NERVIOSO;N02B;OTROS ANALGÉSICOS Y ANTIPIRÉTICOS;N02BA;ÁCIDO SALICÍLICO Y DERIVADOS;N02BA09;DIPIROCETILO
N;SISTEMA NERVIOSO;N02B;OTROS ANALGÉSICOS Y ANTIPIRÉTICOS;N02BA;ÁCIDO SALICÍLICO Y DERIVADOS;N02BA10;BENORILATO
N;SISTEMA NERVIOSO;N02B;OTROS ANALGÉSICOS Y ANTIPIRÉTICOS;N02BA;ÁCIDO SALICÍLICO Y DERIVADOS;N02BA11;DIFLUNISAL
N;SISTEMA NERVIOSO;N02B;OTROS ANALGÉSICOS Y ANTIPIRÉTICOS;N02BA;ÁCIDO SALICÍLICO Y DERIVADOS;N02BA12;SALICILATO DE POTASIO
N;SISTEMA NERVIOSO;N02B;OTROS ANALGÉSICOS Y ANTIPIRÉTICOS;N02BA;ÁCIDO SALICÍLICO Y DERIVADOS;N02BA14;GUACETISAL
N;SISTEMA NERVIOSO;N02B;OTROS ANALGÉSICOS Y ANTIPIRÉTICOS;N02BA;ÁCIDO SALICÍLICO Y DERIVADOS;N02BA15;CARBASALATO DE CALCIO
N;SISTEMA NERVIOSO;N02B;OTROS ANALGÉSICOS Y ANTIPIRÉTICOS;N02BA;ÁCIDO SALICÍLICO Y DERIVADOS;N02BA16;SALICILATO DE IMIDAZOL
N;SISTEMA NERVIOSO;N02B;OTROS ANALGÉSICOS Y ANTIPIRÉTICOS;N02BA;ÁCIDO SALICÍLICO Y DERIVADOS;N02BA51;ÁCIDO ACETILSALICÍLICO, COMBINACIONES EXCLUIDOS PSICOLÉPTICOS
N;SISTEMA NERVIOSO;N02B;OTROS ANALGÉSICOS Y ANTIPIRÉTICOS;N02BA;ÁCIDO SALICÍLICO Y DERIVADOS;N02BA55;SALICILAMIDA, COMBINACIONES EXCLUIDOS PSICOLÉPTICOS
N;SISTEMA NERVIOSO;N02B;OTROS ANALGÉSICOS Y ANTIPIRÉTICOS;N02BA;ÁCIDO SALICÍLICO Y DERIVADOS;N02BA57;ETENZAMIDA, COMBINACIONES EXCLUIDOS PSICOLÉPTICOS
N;SISTEMA NERVIOSO;N02B;OTROS ANALGÉSICOS Y ANTIPIRÉTICOS;N02BA;ÁCIDO SALICÍLICO Y DERIVADOS;N02BA59;DIPIROCETILO, COMBINACIONES EEXCLUIDOS PSICOLÉPTICOS
N;SISTEMA NERVIOSO;N02B;OTROS ANALGÉSICOS Y ANTIPIRÉTICOS;N02BA;ÁCIDO SALICÍLICO Y DERIVADOS;N02BA65;CARBASALATO DE CALCIO, COMBINACIONES EXCLUIDOS PSICOLÉPTICOS
N;SISTEMA NERVIOSO;N02B;OTROS ANALGÉSICOS Y ANTIPIRÉTICOS;N02BA;ÁCIDO SALICÍLICO Y DERIVADOS;N02BA71;ÁCIDO ACETILSALICÍLICO, COMBINACIONES CON PSICOLÉPTICOS
N;SISTEMA NERVIOSO;N02B;OTROS ANALGÉSICOS Y ANTIPIRÉTICOS;N02BA;ÁCIDO SALICÍLICO Y DERIVADOS;N02BA75;SALICILAMIDA, COMBINACIONES CON PSICOLÉPTICOS
N;SISTEMA NERVIOSO;N02B;OTROS ANALGÉSICOS Y ANTIPIRÉTICOS;N02BA;ÁCIDO SALICÍLICO Y DERIVADOS;N02BA77;ETENZAMIDA, COMBINACIONES CON  PSICOLÉPTICOS
N;SISTEMA NERVIOSO;N02B;OTROS ANALGÉSICOS Y ANTIPIRÉTICOS;N02BA;ÁCIDO SALICÍLICO Y DERIVADOS;N02BA79;DIPIROCETILO, COMBINACIONES CON PSICOLÉPTICOS
N;SISTEMA NERVIOSO;N02B;OTROS ANALGÉSICOS Y ANTIPIRÉTICOS;N02BB;PIRAZOLONAS;N02BB01;FENAZONA
N;SISTEMA NERVIOSO;N02B;OTROS ANALGÉSICOS Y ANTIPIRÉTICOS;N02BB;PIRAZOLONAS;N02BB02;METAMIZOL SÓDICO (DIPIRONA)
N;SISTEMA NERVIOSO;N02B;OTROS ANALGÉSICOS Y ANTIPIRÉTICOS;N02BB;PIRAZOLONAS;N02BB03;AMINOFENAZONA
N;SISTEMA NERVIOSO;N02B;OTROS ANALGÉSICOS Y ANTIPIRÉTICOS;N02BB;PIRAZOLONAS;N02BB04;PROPIFENAZONA
N;SISTEMA NERVIOSO;N02B;OTROS ANALGÉSICOS Y ANTIPIRÉTICOS;N02BB;PIRAZOLONAS;N02BB05;NIFENAZONA
N;SISTEMA NERVIOSO;N02B;OTROS ANALGÉSICOS Y ANTIPIRÉTICOS;N02BB;PIRAZOLONAS;N02BB51;FENAZONA, COMBINACIONES EXCLUIDOS PSICOLÉPTICOS
N;SISTEMA NERVIOSO;N02B;OTROS ANALGÉSICOS Y ANTIPIRÉTICOS;N02BB;PIRAZOLONAS;N02BB52;METAMIZOL SÓDICO, COMBINACIONES EXCLUIDOS PSICOLÉPTICOS
N;SISTEMA NERVIOSO;N02B;OTROS ANALGÉSICOS Y ANTIPIRÉTICOS;N02BB;PIRAZOLONAS;N02BB53;AMINOFENAZONA, COMBINACIONES EXCLUIDOS PSICOLÉPTICOS
N;SISTEMA NERVIOSO;N02B;OTROS ANALGÉSICOS Y ANTIPIRÉTICOS;N02BB;PIRAZOLONAS;N02BB54;PROPIFENAZONA, COMBINACIONES EXCLUIDOS PSICOLÉPTICOS
N;SISTEMA NERVIOSO;N02B;OTROS ANALGÉSICOS Y ANTIPIRÉTICOS;N02BB;PIRAZOLONAS;N02BB71;FENAZONA, COMBINACIONES CON PSICOLÉPTICOS
N;SISTEMA NERVIOSO;N02B;OTROS ANALGÉSICOS Y ANTIPIRÉTICOS;N02BB;PIRAZOLONAS;N02BB72;METAMIZOL SÓDICO, COMBINACIONES CON PSICOLÉPTICOS
N;SISTEMA NERVIOSO;N02B;OTROS ANALGÉSICOS Y ANTIPIRÉTICOS;N02BB;PIRAZOLONAS;N02BB73;AMINOFENAZONA, COMBINACIONES CON PSICOLÉPTICOS
N;SISTEMA NERVIOSO;N02B;OTROS ANALGÉSICOS Y ANTIPIRÉTICOS;N02BB;PIRAZOLONAS;N02BB74;PROPIFENAZONA, COMBINACIONES CON PSICOLÉPTICOS
N;SISTEMA NERVIOSO;N02B;OTROS ANALGÉSICOS Y ANTIPIRÉTICOS;N02BE;ANILIDAS;N02BE01;PARACETAMOL
N;SISTEMA NERVIOSO;N02B;OTROS ANALGÉSICOS Y ANTIPIRÉTICOS;N02BE;ANILIDAS;N02BE03;FENACETINA
N;SISTEMA NERVIOSO;N02B;OTROS ANALGÉSICOS Y ANTIPIRÉTICOS;N02BE;ANILIDAS;N02BE04;BUCETINA
N;SISTEMA NERVIOSO;N02B;OTROS ANALGÉSICOS Y ANTIPIRÉTICOS;N02BE;ANILIDAS;N02BE05;PROPACETAMOL
N;SISTEMA NERVIOSO;N02B;OTROS ANALGÉSICOS Y ANTIPIRÉTICOS;N02BE;ANILIDAS;N02BE51;PARACETAMOL, COMBINACIONES EXCLUIDOS PSICOLÉPTICOS
N;SISTEMA NERVIOSO;N02B;OTROS ANALGÉSICOS Y ANTIPIRÉTICOS;N02BE;ANILIDAS;N02BE53;FENACETINA, COMBINACIONES EXCLUIDOS PSICOLÉPTICOS
N;SISTEMA NERVIOSO;N02B;OTROS ANALGÉSICOS Y ANTIPIRÉTICOS;N02BE;ANILIDAS;N02BE54;BUCETINA, COMBINACIONES EXCLUIDOS PSICOLÉPTICOS
N;SISTEMA NERVIOSO;N02B;OTROS ANALGÉSICOS Y ANTIPIRÉTICOS;N02BE;ANILIDAS;N02BE71;PARACETAMOL, COMBINACIONES CON PSICOLÉPTICOS
N;SISTEMA NERVIOSO;N02B;OTROS ANALGÉSICOS Y ANTIPIRÉTICOS;N02BE;ANILIDAS;N02BE73;FENACETINA, COMBINACIONES CON PSICOLÉPTICOS
N;SISTEMA NERVIOSO;N02B;OTROS ANALGÉSICOS Y ANTIPIRÉTICOS;N02BE;ANILIDAS;N02BE74;BUCETINA, COMBINACIONES CON PSICOLÉPTICOS
N;SISTEMA NERVIOSO;N02B;OTROS ANALGÉSICOS Y ANTIPIRÉTICOS;N02BG;OTROS ANALGÉSICOS Y ANTIPIRÉTICOS;N02BG02;RIMAZOLIO
N;SISTEMA NERVIOSO;N02B;OTROS ANALGÉSICOS Y ANTIPIRÉTICOS;N02BG;OTROS ANALGÉSICOS Y ANTIPIRÉTICOS;N02BG03;GLAFENINA
N;SISTEMA NERVIOSO;N02B;OTROS ANALGÉSICOS Y ANTIPIRÉTICOS;N02BG;OTROS ANALGÉSICOS Y ANTIPIRÉTICOS;N02BG04;FLOCTAFENINA
N;SISTEMA NERVIOSO;N02B;OTROS ANALGÉSICOS Y ANTIPIRÉTICOS;N02BG;OTROS ANALGÉSICOS Y ANTIPIRÉTICOS;N02BG05;VIMINOL
N;SISTEMA NERVIOSO;N02B;OTROS ANALGÉSICOS Y ANTIPIRÉTICOS;N02BG;OTROS ANALGÉSICOS Y ANTIPIRÉTICOS;N02BG06;NEFOPAM
N;SISTEMA NERVIOSO;N02B;OTROS ANALGÉSICOS Y ANTIPIRÉTICOS;N02BG;OTROS ANALGÉSICOS Y ANTIPIRÉTICOS;N02BG07;FLUPIRTINA
N;SISTEMA NERVIOSO;N02B;OTROS ANALGÉSICOS Y ANTIPIRÉTICOS;N02BG;OTROS ANALGÉSICOS Y ANTIPIRÉTICOS;N02BG08;ZICONOTIDA
N;SISTEMA NERVIOSO;N02B;OTROS ANALGÉSICOS Y ANTIPIRÉTICOS;N02BG;OTROS ANALGÉSICOS Y ANTIPIRÉTICOS;N02BG09;METOXIFLURANO
N;SISTEMA NERVIOSO;N02B;OTROS ANALGÉSICOS Y ANTIPIRÉTICOS;N02BG;OTROS ANALGÉSICOS Y ANTIPIRÉTICOS;N02BG10;CANNABINOIDES
N;SISTEMA NERVIOSO;N02C;PREPARADOS ANTIMIGRAÑOSOS;N02CA;ALCALOIDES DEL ERGOT;N02CA01;DIHIDROERGOTAMINA
N;SISTEMA NERVIOSO;N02C;PREPARADOS ANTIMIGRAÑOSOS;N02CA;ALCALOIDES DEL ERGOT;N02CA02;ERGOTAMINA
N;SISTEMA NERVIOSO;N02C;PREPARADOS ANTIMIGRAÑOSOS;N02CA;ALCALOIDES DEL ERGOT;N02CA04;METISERGIDA
N;SISTEMA NERVIOSO;N02C;PREPARADOS ANTIMIGRAÑOSOS;N02CA;ALCALOIDES DEL ERGOT;N02CA07;LISURIDA
N;SISTEMA NERVIOSO;N02C;PREPARADOS ANTIMIGRAÑOSOS;N02CA;ALCALOIDES DEL ERGOT;N02CA51;DIHIDROERGOTAMINA, COMBINACIONES
N;SISTEMA NERVIOSO;N02C;PREPARADOS ANTIMIGRAÑOSOS;N02CA;ALCALOIDES DEL ERGOT;N02CA52;ERGOTAMINA, COMBINACIONES EXCLUIDOS PSICOLÉPTICOS
N;SISTEMA NERVIOSO;N02C;PREPARADOS ANTIMIGRAÑOSOS;N02CA;ALCALOIDES DEL ERGOT;N02CA72;ERGOTAMINA, COMBINACIONES CON PSICOLÉPTICOS
N;SISTEMA NERVIOSO;N02C;PREPARADOS ANTIMIGRAÑOSOS;N02CB;DERIVADOS CORTICOSTEROIDEOS;N02CB01;FLUMEDROXONA
N;SISTEMA NERVIOSO;N02C;PREPARADOS ANTIMIGRAÑOSOS;N02CC;AGONISTAS SELECTIVOS DE SEROTONINA (5-HT1);N02CC01;SUMATRIPTÁN
N;SISTEMA NERVIOSO;N02C;PREPARADOS ANTIMIGRAÑOSOS;N02CC;AGONISTAS SELECTIVOS DE SEROTONINA (5-HT1);N02CC02;NARATRIPTÁN
N;SISTEMA NERVIOSO;N02C;PREPARADOS ANTIMIGRAÑOSOS;N02CC;AGONISTAS SELECTIVOS DE SEROTONINA (5-HT1);N02CC03;ZOLMITRIPTÁN
N;SISTEMA NERVIOSO;N02C;PREPARADOS ANTIMIGRAÑOSOS;N02CC;AGONISTAS SELECTIVOS DE SEROTONINA (5-HT1);N02CC04;RIZATRIPTÁN
N;SISTEMA NERVIOSO;N02C;PREPARADOS ANTIMIGRAÑOSOS;N02CC;AGONISTAS SELECTIVOS DE SEROTONINA (5-HT1);N02CC05;ALMOTRIPTÁN
N;SISTEMA NERVIOSO;N02C;PREPARADOS ANTIMIGRAÑOSOS;N02CC;AGONISTAS SELECTIVOS DE SEROTONINA (5-HT1);N02CC06;ELETRIPTÁN
N;SISTEMA NERVIOSO;N02C;PREPARADOS ANTIMIGRAÑOSOS;N02CC;AGONISTAS SELECTIVOS DE SEROTONINA (5-HT1);N02CC07;FROVATRIPTÁN
N;SISTEMA NERVIOSO;N02C;PREPARADOS ANTIMIGRAÑOSOS;N02CX;OTROS PREPARADOS ANTIMIGRAÑOSOS;N02CX01;PIZOTIFENO
N;SISTEMA NERVIOSO;N02C;PREPARADOS ANTIMIGRAÑOSOS;N02CX;OTROS PREPARADOS ANTIMIGRAÑOSOS;N02CX02;CLONIDINA
N;SISTEMA NERVIOSO;N02C;PREPARADOS ANTIMIGRAÑOSOS;N02CX;OTROS PREPARADOS ANTIMIGRAÑOSOS;N02CX03;IPRAZOCROMO
N;SISTEMA NERVIOSO;N02C;PREPARADOS ANTIMIGRAÑOSOS;N02CX;OTROS PREPARADOS ANTIMIGRAÑOSOS;N02CX05;DIMETOTIAZINA
N;SISTEMA NERVIOSO;N02C;PREPARADOS ANTIMIGRAÑOSOS;N02CX;OTROS PREPARADOS ANTIMIGRAÑOSOS;N02CX06;OXETORONA
N;SISTEMA NERVIOSO;N03A;ANTIEPILÉPTICOS;N03AA;BARBITÚRICOS Y DERIVADOS;N03AA01;METILFENOBARBITAL
N;SISTEMA NERVIOSO;N03A;ANTIEPILÉPTICOS;N03AA;BARBITÚRICOS Y DERIVADOS;N03AA02;FENOBARBITAL
N;SISTEMA NERVIOSO;N03A;ANTIEPILÉPTICOS;N03AA;BARBITÚRICOS Y DERIVADOS;N03AA03;PRIMIDONA
N;SISTEMA NERVIOSO;N03A;ANTIEPILÉPTICOS;N03AA;BARBITÚRICOS Y DERIVADOS;N03AA04;BARBEXACLONA
N;SISTEMA NERVIOSO;N03A;ANTIEPILÉPTICOS;N03AA;BARBITÚRICOS Y DERIVADOS;N03AA30;METARBITAL
N;SISTEMA NERVIOSO;N03A;ANTIEPILÉPTICOS;N03AB;DERIVADOS DE LA HIDANTOÍNA;N03AB01;ETOTOÍNA
N;SISTEMA NERVIOSO;N03A;ANTIEPILÉPTICOS;N03AB;DERIVADOS DE LA HIDANTOÍNA;N03AB02;FENITOÍNA
N;SISTEMA NERVIOSO;N03A;ANTIEPILÉPTICOS;N03AB;DERIVADOS DE LA HIDANTOÍNA;N03AB03;AMINO (DIFENILHIDANTOÍNA) ÁCIDO VALÉRICO
N;SISTEMA NERVIOSO;N03A;ANTIEPILÉPTICOS;N03AB;DERIVADOS DE LA HIDANTOÍNA;N03AB04;MEFENITOÍNA
N;SISTEMA NERVIOSO;N03A;ANTIEPILÉPTICOS;N03AB;DERIVADOS DE LA HIDANTOÍNA;N03AB05;FOSFENITOÍNA
N;SISTEMA NERVIOSO;N03A;ANTIEPILÉPTICOS;N03AB;DERIVADOS DE LA HIDANTOÍNA;N03AB52;FENITOÍNA, COMBINACIONES CON
N;SISTEMA NERVIOSO;N03A;ANTIEPILÉPTICOS;N03AB;DERIVADOS DE LA HIDANTOÍNA;N03AB54;MEFENITOÍNA, COMBINACIONES CON
N;SISTEMA NERVIOSO;N03A;ANTIEPILÉPTICOS;N03AC;DERIVADOS DE LA OXAZOLIDINA;N03AC01;PARAMETADIONA
N;SISTEMA NERVIOSO;N03A;ANTIEPILÉPTICOS;N03AC;DERIVADOS DE LA OXAZOLIDINA;N03AC02;TRIMETADIONA
N;SISTEMA NERVIOSO;N03A;ANTIEPILÉPTICOS;N03AC;DERIVADOS DE LA OXAZOLIDINA;N03AC03;ETADIONA
N;SISTEMA NERVIOSO;N03A;ANTIEPILÉPTICOS;N03AD;DERIVADOS DE LA SUCCINIMIDA;N03AD01;ETOSUXIMIDA
N;SISTEMA NERVIOSO;N03A;ANTIEPILÉPTICOS;N03AD;DERIVADOS DE LA SUCCINIMIDA;N03AD02;FENSUXIMIDA
N;SISTEMA NERVIOSO;N03A;ANTIEPILÉPTICOS;N03AD;DERIVADOS DE LA SUCCINIMIDA;N03AD03;MESUXIMIDA
N;SISTEMA NERVIOSO;N03A;ANTIEPILÉPTICOS;N03AD;DERIVADOS DE LA SUCCINIMIDA;N03AD51;ETOSUXIMIDA, COMBINACIONES CON
N;SISTEMA NERVIOSO;N03A;ANTIEPILÉPTICOS;N03AE;DERIVADOS DE LA BENZODIAZEPINA;N03AE01;CLONAZEPAM
N;SISTEMA NERVIOSO;N03A;ANTIEPILÉPTICOS;N03AF;DERIVADOS DE LA CARBOXAMIDA;N03AF01;CARBAMAZEPINA
N;SISTEMA NERVIOSO;N03A;ANTIEPILÉPTICOS;N03AF;DERIVADOS DE LA CARBOXAMIDA;N03AF02;OXCARBAZEPINA
N;SISTEMA NERVIOSO;N03A;ANTIEPILÉPTICOS;N03AF;DERIVADOS DE LA CARBOXAMIDA;N03AF03;RUFINAMIDA
N;SISTEMA NERVIOSO;N03A;ANTIEPILÉPTICOS;N03AF;DERIVADOS DE LA CARBOXAMIDA;N03AF04;ESLICARBAZEPINA
N;SISTEMA NERVIOSO;N03A;ANTIEPILÉPTICOS;N03AG;DERIVADOS DE LOS ÁCIDOS GRASOS;N03AG01;ÁCIDO VALPROICO
N;SISTEMA NERVIOSO;N03A;ANTIEPILÉPTICOS;N03AG;DERIVADOS DE LOS ÁCIDOS GRASOS;N03AG02;VALPROMIDA
N;SISTEMA NERVIOSO;N03A;ANTIEPILÉPTICOS;N03AG;DERIVADOS DE LOS ÁCIDOS GRASOS;N03AG03;ÁCIDO AMINOBUTÍRICO
N;SISTEMA NERVIOSO;N03A;ANTIEPILÉPTICOS;N03AG;DERIVADOS DE LOS ÁCIDOS GRASOS;N03AG04;VIGABATRINA
N;SISTEMA NERVIOSO;N03A;ANTIEPILÉPTICOS;N03AG;DERIVADOS DE LOS ÁCIDOS GRASOS;N03AG05;PROGABIDA
N;SISTEMA NERVIOSO;N03A;ANTIEPILÉPTICOS;N03AG;DERIVADOS DE LOS ÁCIDOS GRASOS;N03AG06;TIAGABINA
N;SISTEMA NERVIOSO;N03A;ANTIEPILÉPTICOS;N03AX;OTROS ANTIEPILÉPTICOS;N03AX03;SULTIAMO
N;SISTEMA NERVIOSO;N03A;ANTIEPILÉPTICOS;N03AX;OTROS ANTIEPILÉPTICOS;N03AX07;FENACEMIDA
N;SISTEMA NERVIOSO;N03A;ANTIEPILÉPTICOS;N03AX;OTROS ANTIEPILÉPTICOS;N03AX09;LAMOTRIGINA
N;SISTEMA NERVIOSO;N03A;ANTIEPILÉPTICOS;N03AX;OTROS ANTIEPILÉPTICOS;N03AX10;FELBAMATO
N;SISTEMA NERVIOSO;N03A;ANTIEPILÉPTICOS;N03AX;OTROS ANTIEPILÉPTICOS;N03AX11;TOPIRAMATO
N;SISTEMA NERVIOSO;N03A;ANTIEPILÉPTICOS;N03AX;OTROS ANTIEPILÉPTICOS;N03AX12;GABAPENTINA
N;SISTEMA NERVIOSO;N03A;ANTIEPILÉPTICOS;N03AX;OTROS ANTIEPILÉPTICOS;N03AX13;FENETURIDA
N;SISTEMA NERVIOSO;N03A;ANTIEPILÉPTICOS;N03AX;OTROS ANTIEPILÉPTICOS;N03AX14;LEVETIRACETAM
N;SISTEMA NERVIOSO;N03A;ANTIEPILÉPTICOS;N03AX;OTROS ANTIEPILÉPTICOS;N03AX15;ZONISAMIDA
N;SISTEMA NERVIOSO;N03A;ANTIEPILÉPTICOS;N03AX;OTROS ANTIEPILÉPTICOS;N03AX16;PREGABALINA
N;SISTEMA NERVIOSO;N03A;ANTIEPILÉPTICOS;N03AX;OTROS ANTIEPILÉPTICOS;N03AX17;ESTIRIPENTOL
N;SISTEMA NERVIOSO;N03A;ANTIEPILÉPTICOS;N03AX;OTROS ANTIEPILÉPTICOS;N03AX18;LACOSAMIDA
N;SISTEMA NERVIOSO;N03A;ANTIEPILÉPTICOS;N03AX;OTROS ANTIEPILÉPTICOS;N03AX19;CARISBAMATO
N;SISTEMA NERVIOSO;N03A;ANTIEPILÉPTICOS;N03AX;OTROS ANTIEPILÉPTICOS;N03AX21;RETIGABINA
N;SISTEMA NERVIOSO;N03A;ANTIEPILÉPTICOS;N03AX;OTROS ANTIEPILÉPTICOS;N03AX22;PERAMPANEL
N;SISTEMA NERVIOSO;N03A;ANTIEPILÉPTICOS;N03AX;OTROS ANTIEPILÉPTICOS;N03AX30;BECLAMIDA
N;SISTEMA NERVIOSO;N04A;AGENTES ANTICOLINÉRGICOS;N04AA;AMINAS TERCIARIAS;N04AA01;TRIHEXIFENIDILO
N;SISTEMA NERVIOSO;N04A;AGENTES ANTICOLINÉRGICOS;N04AA;AMINAS TERCIARIAS;N04AA02;BIPERIDENO
N;SISTEMA NERVIOSO;N04A;AGENTES ANTICOLINÉRGICOS;N04AA;AMINAS TERCIARIAS;N04AA03;METIXENO
N;SISTEMA NERVIOSO;N04A;AGENTES ANTICOLINÉRGICOS;N04AA;AMINAS TERCIARIAS;N04AA04;PROCICLIDINA
N;SISTEMA NERVIOSO;N04A;AGENTES ANTICOLINÉRGICOS;N04AA;AMINAS TERCIARIAS;N04AA05;PROFENAMINA
N;SISTEMA NERVIOSO;N04A;AGENTES ANTICOLINÉRGICOS;N04AA;AMINAS TERCIARIAS;N04AA08;DEXETIMIDA
N;SISTEMA NERVIOSO;N04A;AGENTES ANTICOLINÉRGICOS;N04AA;AMINAS TERCIARIAS;N04AA09;FENGLUTARIMIDA
N;SISTEMA NERVIOSO;N04A;AGENTES ANTICOLINÉRGICOS;N04AA;AMINAS TERCIARIAS;N04AA10;MAZATICOL
N;SISTEMA NERVIOSO;N04A;AGENTES ANTICOLINÉRGICOS;N04AA;AMINAS TERCIARIAS;N04AA11;BORNAPRINA
N;SISTEMA NERVIOSO;N04A;AGENTES ANTICOLINÉRGICOS;N04AA;AMINAS TERCIARIAS;N04AA12;TROPATEPINA
N;SISTEMA NERVIOSO;N04A;AGENTES ANTICOLINÉRGICOS;N04AB;ÉSTERES QUÍMICAMENTE RELACIONADOS A ANTIHISTAMÍNICOS;N04AB01;ETANAUTINA
N;SISTEMA NERVIOSO;N04A;AGENTES ANTICOLINÉRGICOS;N04AB;ÉSTERES QUÍMICAMENTE RELACIONADOS A ANTIHISTAMÍNICOS;N04AB02;ORFENADRINA (CLORURO)
N;SISTEMA NERVIOSO;N04A;AGENTES ANTICOLINÉRGICOS;N04AC;ÉSTERES DE TROPINA O DERIVADOS DE LA TROPINA;N04AC01;BENZATROPINA
N;SISTEMA NERVIOSO;N04A;AGENTES ANTICOLINÉRGICOS;N04AC;ÉSTERES DE TROPINA O DERIVADOS DE LA TROPINA;N04AC30;ETILBENZATROPINA
N;SISTEMA NERVIOSO;N04B;AGENTES DOPAMINÉRGICOS;N04BA;DOPA Y DERIVADOS DE LA DOPA;N04BA01;LEVODOPA
N;SISTEMA NERVIOSO;N04B;AGENTES DOPAMINÉRGICOS;N04BA;DOPA Y DERIVADOS DE LA DOPA;N04BA02;LEVODOPA CON INHIBIDOR DE LA DECARBOXILASA
N;SISTEMA NERVIOSO;N04B;AGENTES DOPAMINÉRGICOS;N04BA;DOPA Y DERIVADOS DE LA DOPA;N04BA03;LEVODOPA, INHIBIDOR DE LA DECARBOXILASA E INHIBIDOR DE LA COMT
N;SISTEMA NERVIOSO;N04B;AGENTES DOPAMINÉRGICOS;N04BA;DOPA Y DERIVADOS DE LA DOPA;N04BA04;MELEVODOPA
N;SISTEMA NERVIOSO;N04B;AGENTES DOPAMINÉRGICOS;N04BA;DOPA Y DERIVADOS DE LA DOPA;N04BA05;MELEVODOPA CON INHIBIDOR DE LA DECARBOXILASA
N;SISTEMA NERVIOSO;N04B;AGENTES DOPAMINÉRGICOS;N04BA;DOPA Y DERIVADOS DE LA DOPA;N04BA06;ETILEVODOPA CON INHIBIDOR DE LA DECARBOXILASA
N;SISTEMA NERVIOSO;N04B;AGENTES DOPAMINÉRGICOS;N04BB;DERIVADOS DEL  ADAMANTANO;N04BB01;AMANTADINA
N;SISTEMA NERVIOSO;N04B;AGENTES DOPAMINÉRGICOS;N04BC;AGONISTAS DOPAMINÉRGICOS;N04BC01;BROMOCRIPTINA
N;SISTEMA NERVIOSO;N04B;AGENTES DOPAMINÉRGICOS;N04BC;AGONISTAS DOPAMINÉRGICOS;N04BC02;PERGOLIDA
N;SISTEMA NERVIOSO;N04B;AGENTES DOPAMINÉRGICOS;N04BC;AGONISTAS DOPAMINÉRGICOS;N04BC03;DIHIDROERGOCRIPTINA, MESILATO DE
N;SISTEMA NERVIOSO;N04B;AGENTES DOPAMINÉRGICOS;N04BC;AGONISTAS DOPAMINÉRGICOS;N04BC04;ROPINIROL
N;SISTEMA NERVIOSO;N04B;AGENTES DOPAMINÉRGICOS;N04BC;AGONISTAS DOPAMINÉRGICOS;N04BC05;PRAMIPEXOL
N;SISTEMA NERVIOSO;N04B;AGENTES DOPAMINÉRGICOS;N04BC;AGONISTAS DOPAMINÉRGICOS;N04BC06;CABERGOLINA
N;SISTEMA NERVIOSO;N04B;AGENTES DOPAMINÉRGICOS;N04BC;AGONISTAS DOPAMINÉRGICOS;N04BC07;APOMORFINA
N;SISTEMA NERVIOSO;N04B;AGENTES DOPAMINÉRGICOS;N04BC;AGONISTAS DOPAMINÉRGICOS;N04BC08;PIRIBEDIL
N;SISTEMA NERVIOSO;N04B;AGENTES DOPAMINÉRGICOS;N04BC;AGONISTAS DOPAMINÉRGICOS;N04BC09;ROTIGOTINA
N;SISTEMA NERVIOSO;N04B;AGENTES DOPAMINÉRGICOS;N04BD;INHIBIDORES DE LA MONOAMINOXIDASA B;N04BD01;SELEGILINA
N;SISTEMA NERVIOSO;N04B;AGENTES DOPAMINÉRGICOS;N04BD;INHIBIDORES DE LA MONOAMINOXIDASA B;N04BD02;RASAGILINA
N;SISTEMA NERVIOSO;N04B;AGENTES DOPAMINÉRGICOS;N04BX;OTROS AGENTES DOPAMINÉRGICOS;N04BX01;TOLCAPONA
N;SISTEMA NERVIOSO;N04B;AGENTES DOPAMINÉRGICOS;N04BX;OTROS AGENTES DOPAMINÉRGICOS;N04BX02;ENTACAPONA
N;SISTEMA NERVIOSO;N04B;AGENTES DOPAMINÉRGICOS;N04BX;OTROS AGENTES DOPAMINÉRGICOS;N04BX03;BUDIPINO
N;SISTEMA NERVIOSO;N05A;ANTIPSICÓTICOS;N05AA;FENOTIAZINAS CON CADENA LATERAL ALIFÁTICA;N05AA01;CLORPROMAZINA
N;SISTEMA NERVIOSO;N05A;ANTIPSICÓTICOS;N05AA;FENOTIAZINAS CON CADENA LATERAL ALIFÁTICA;N05AA02;LEVOMEPROMAZINA
N;SISTEMA NERVIOSO;N05A;ANTIPSICÓTICOS;N05AA;FENOTIAZINAS CON CADENA LATERAL ALIFÁTICA;N05AA03;PROMAZINA
N;SISTEMA NERVIOSO;N05A;ANTIPSICÓTICOS;N05AA;FENOTIAZINAS CON CADENA LATERAL ALIFÁTICA;N05AA04;ACEPROMAZINA
N;SISTEMA NERVIOSO;N05A;ANTIPSICÓTICOS;N05AA;FENOTIAZINAS CON CADENA LATERAL ALIFÁTICA;N05AA05;TRIFLUPROMAZINA
N;SISTEMA NERVIOSO;N05A;ANTIPSICÓTICOS;N05AA;FENOTIAZINAS CON CADENA LATERAL ALIFÁTICA;N05AA06;CIAMEMAZINA
N;SISTEMA NERVIOSO;N05A;ANTIPSICÓTICOS;N05AA;FENOTIAZINAS CON CADENA LATERAL ALIFÁTICA;N05AA07;CLORPROETAZINA
N;SISTEMA NERVIOSO;N05A;ANTIPSICÓTICOS;N05AB;FENOTIAZINAS CON ESTRUCTURA PIPERAZÍNICA;N05AB01;DIXIRAZINA
N;SISTEMA NERVIOSO;N05A;ANTIPSICÓTICOS;N05AB;FENOTIAZINAS CON ESTRUCTURA PIPERAZÍNICA;N05AB02;FLUFENAZINA
N;SISTEMA NERVIOSO;N05A;ANTIPSICÓTICOS;N05AB;FENOTIAZINAS CON ESTRUCTURA PIPERAZÍNICA;N05AB03;PERFENAZINA
N;SISTEMA NERVIOSO;N05A;ANTIPSICÓTICOS;N05AB;FENOTIAZINAS CON ESTRUCTURA PIPERAZÍNICA;N05AB04;PROCLORPERAZINA
N;SISTEMA NERVIOSO;N05A;ANTIPSICÓTICOS;N05AB;FENOTIAZINAS CON ESTRUCTURA PIPERAZÍNICA;N05AB05;TIOPROPAZATO
N;SISTEMA NERVIOSO;N05A;ANTIPSICÓTICOS;N05AB;FENOTIAZINAS CON ESTRUCTURA PIPERAZÍNICA;N05AB06;TRIFLUOPERAZINA
N;SISTEMA NERVIOSO;N05A;ANTIPSICÓTICOS;N05AB;FENOTIAZINAS CON ESTRUCTURA PIPERAZÍNICA;N05AB07;ACETOFENAZINA
N;SISTEMA NERVIOSO;N05A;ANTIPSICÓTICOS;N05AB;FENOTIAZINAS CON ESTRUCTURA PIPERAZÍNICA;N05AB08;TIOPROPERAZINA
N;SISTEMA NERVIOSO;N05A;ANTIPSICÓTICOS;N05AB;FENOTIAZINAS CON ESTRUCTURA PIPERAZÍNICA;N05AB09;BUTAPERAZINA
N;SISTEMA NERVIOSO;N05A;ANTIPSICÓTICOS;N05AB;FENOTIAZINAS CON ESTRUCTURA PIPERAZÍNICA;N05AB10;PERAZINA
N;SISTEMA NERVIOSO;N05A;ANTIPSICÓTICOS;N05AC;FENOTIAZINAS CON ESTRUCTURA PIPERIDÍNICA;N05AC01;PERICIAZINA
N;SISTEMA NERVIOSO;N05A;ANTIPSICÓTICOS;N05AC;FENOTIAZINAS CON ESTRUCTURA PIPERIDÍNICA;N05AC02;TIORIDAZINA
N;SISTEMA NERVIOSO;N05A;ANTIPSICÓTICOS;N05AC;FENOTIAZINAS CON ESTRUCTURA PIPERIDÍNICA;N05AC03;MESORIDAZINA
N;SISTEMA NERVIOSO;N05A;ANTIPSICÓTICOS;N05AC;FENOTIAZINAS CON ESTRUCTURA PIPERIDÍNICA;N05AC04;PIPOTIAZINA
N;SISTEMA NERVIOSO;N05A;ANTIPSICÓTICOS;N05AD;DERIVADOS DE LA BUTIROFENONA;N05AD01;HALOPERIDOL
N;SISTEMA NERVIOSO;N05A;ANTIPSICÓTICOS;N05AD;DERIVADOS DE LA BUTIROFENONA;N05AD02;TRIFLUPERIDOL
N;SISTEMA NERVIOSO;N05A;ANTIPSICÓTICOS;N05AD;DERIVADOS DE LA BUTIROFENONA;N05AD03;MELPERONA
N;SISTEMA NERVIOSO;N05A;ANTIPSICÓTICOS;N05AD;DERIVADOS DE LA BUTIROFENONA;N05AD04;MOPERONA
N;SISTEMA NERVIOSO;N05A;ANTIPSICÓTICOS;N05AD;DERIVADOS DE LA BUTIROFENONA;N05AD05;PIPAMPERONA
N;SISTEMA NERVIOSO;N05A;ANTIPSICÓTICOS;N05AD;DERIVADOS DE LA BUTIROFENONA;N05AD06;BROMPERIDOL
N;SISTEMA NERVIOSO;N05A;ANTIPSICÓTICOS;N05AD;DERIVADOS DE LA BUTIROFENONA;N05AD07;BENPERIDOL
N;SISTEMA NERVIOSO;N05A;ANTIPSICÓTICOS;N05AD;DERIVADOS DE LA BUTIROFENONA;N05AD08;DROPERIDOL
N;SISTEMA NERVIOSO;N05A;ANTIPSICÓTICOS;N05AD;DERIVADOS DE LA BUTIROFENONA;N05AD09;FLUANISONA
N;SISTEMA NERVIOSO;N05A;ANTIPSICÓTICOS;N05AE;DERIVADOS DEL INDOL;N05AE01;OXIPERTINA
N;SISTEMA NERVIOSO;N05A;ANTIPSICÓTICOS;N05AE;DERIVADOS DEL INDOL;N05AE02;MOLINDONA
N;SISTEMA NERVIOSO;N05A;ANTIPSICÓTICOS;N05AE;DERIVADOS DEL INDOL;N05AE03;SERTINDOL
N;SISTEMA NERVIOSO;N05A;ANTIPSICÓTICOS;N05AE;DERIVADOS DEL INDOL;N05AE04;ZIPRASIDONA
N;SISTEMA NERVIOSO;N05A;ANTIPSICÓTICOS;N05AE;DERIVADOS DEL INDOL;N05AE05;LURASIDONA
N;SISTEMA NERVIOSO;N05A;ANTIPSICÓTICOS;N05AF;DERIVADOS DEL TIOXANTENO;N05AF01;FLUPENTIXOL
N;SISTEMA NERVIOSO;N05A;ANTIPSICÓTICOS;N05AF;DERIVADOS DEL TIOXANTENO;N05AF02;CLOPENTIXOL
N;SISTEMA NERVIOSO;N05A;ANTIPSICÓTICOS;N05AF;DERIVADOS DEL TIOXANTENO;N05AF03;CLORPROTIXENO
N;SISTEMA NERVIOSO;N05A;ANTIPSICÓTICOS;N05AF;DERIVADOS DEL TIOXANTENO;N05AF04;TIOTIXENO
N;SISTEMA NERVIOSO;N05A;ANTIPSICÓTICOS;N05AF;DERIVADOS DEL TIOXANTENO;N05AF05;ZUCLOPENTIXOL
N;SISTEMA NERVIOSO;N05A;ANTIPSICÓTICOS;N05AG;DERIVADOS DE LA DIFENILBUTILPIPERIDINA;N05AG01;FLUSPIRILENO
N;SISTEMA NERVIOSO;N05A;ANTIPSICÓTICOS;N05AG;DERIVADOS DE LA DIFENILBUTILPIPERIDINA;N05AG02;PIMOZIDA
N;SISTEMA NERVIOSO;N05A;ANTIPSICÓTICOS;N05AG;DERIVADOS DE LA DIFENILBUTILPIPERIDINA;N05AG03;PENFLURIDOL
N;SISTEMA NERVIOSO;N05A;ANTIPSICÓTICOS;N05AH;DIAZEPINAS, OXAZEPINAS, TIAZEPINAS Y OXEPINAS;N05AH01;LOXAPINA
N;SISTEMA NERVIOSO;N05A;ANTIPSICÓTICOS;N05AH;DIAZEPINAS, OXAZEPINAS, TIAZEPINAS Y OXEPINAS;N05AH02;CLOZAPINA
N;SISTEMA NERVIOSO;N05A;ANTIPSICÓTICOS;N05AH;DIAZEPINAS, OXAZEPINAS, TIAZEPINAS Y OXEPINAS;N05AH03;OLANZAPINA
N;SISTEMA NERVIOSO;N05A;ANTIPSICÓTICOS;N05AH;DIAZEPINAS, OXAZEPINAS, TIAZEPINAS Y OXEPINAS;N05AH04;QUETIAPINA
N;SISTEMA NERVIOSO;N05A;ANTIPSICÓTICOS;N05AH;DIAZEPINAS, OXAZEPINAS, TIAZEPINAS Y OXEPINAS;N05AH05;ASENAPINA
N;SISTEMA NERVIOSO;N05A;ANTIPSICÓTICOS;N05AH;DIAZEPINAS, OXAZEPINAS, TIAZEPINAS Y OXEPINAS;N05AH06;CLOTIAPINA
N;SISTEMA NERVIOSO;N05A;ANTIPSICÓTICOS;N05AL;BENZAMIDAS;N05AL01;SULPIRIDA
N;SISTEMA NERVIOSO;N05A;ANTIPSICÓTICOS;N05AL;BENZAMIDAS;N05AL02;SULTOPRIDA
N;SISTEMA NERVIOSO;N05A;ANTIPSICÓTICOS;N05AL;BENZAMIDAS;N05AL03;TIAPRIDA
N;SISTEMA NERVIOSO;N05A;ANTIPSICÓTICOS;N05AL;BENZAMIDAS;N05AL04;REMOXIPRIDA
N;SISTEMA NERVIOSO;N05A;ANTIPSICÓTICOS;N05AL;BENZAMIDAS;N05AL05;AMISULPRIDA
N;SISTEMA NERVIOSO;N05A;ANTIPSICÓTICOS;N05AL;BENZAMIDAS;N05AL06;VERALIPRIDA
N;SISTEMA NERVIOSO;N05A;ANTIPSICÓTICOS;N05AL;BENZAMIDAS;N05AL07;LEVOSULPIRIDA
N;SISTEMA NERVIOSO;N05A;ANTIPSICÓTICOS;N05AN;LITIO;N05AN01;LITIO
N;SISTEMA NERVIOSO;N05A;ANTIPSICÓTICOS;N05AX;OTROS ANTIPSICÓTICOS;N05AX07;PROTIPENDILO
N;SISTEMA NERVIOSO;N05A;ANTIPSICÓTICOS;N05AX;OTROS ANTIPSICÓTICOS;N05AX08;RISPERIDONA
N;SISTEMA NERVIOSO;N05A;ANTIPSICÓTICOS;N05AX;OTROS ANTIPSICÓTICOS;N05AX10;MOSAPRAMINA
N;SISTEMA NERVIOSO;N05A;ANTIPSICÓTICOS;N05AX;OTROS ANTIPSICÓTICOS;N05AX11;ZOTEPINA
N;SISTEMA NERVIOSO;N05A;ANTIPSICÓTICOS;N05AX;OTROS ANTIPSICÓTICOS;N05AX12;ARIPIPRAZOL
N;SISTEMA NERVIOSO;N05A;ANTIPSICÓTICOS;N05AX;OTROS ANTIPSICÓTICOS;N05AX13;PALIPERIDONA
N;SISTEMA NERVIOSO;N05A;ANTIPSICÓTICOS;N05AX;OTROS ANTIPSICÓTICOS;N05AX14;ILOPERIDONA
N;SISTEMA NERVIOSO;N05B;ANSIOLÍTICOS;N05BA;DERIVADOS DE LA BENZODIAZEPINA;N05BA01;DIAZEPAM
N;SISTEMA NERVIOSO;N05B;ANSIOLÍTICOS;N05BA;DERIVADOS DE LA BENZODIAZEPINA;N05BA02;CLORDIAZEPÓXIDO
N;SISTEMA NERVIOSO;N05B;ANSIOLÍTICOS;N05BA;DERIVADOS DE LA BENZODIAZEPINA;N05BA03;MEDAZEPAM
N;SISTEMA NERVIOSO;N05B;ANSIOLÍTICOS;N05BA;DERIVADOS DE LA BENZODIAZEPINA;N05BA04;OXAZEPAM
N;SISTEMA NERVIOSO;N05B;ANSIOLÍTICOS;N05BA;DERIVADOS DE LA BENZODIAZEPINA;N05BA05;CLORAZEPATO DE POTASIO
N;SISTEMA NERVIOSO;N05B;ANSIOLÍTICOS;N05BA;DERIVADOS DE LA BENZODIAZEPINA;N05BA06;LORAZEPAM
N;SISTEMA NERVIOSO;N05B;ANSIOLÍTICOS;N05BA;DERIVADOS DE LA BENZODIAZEPINA;N05BA07;ANIDAZOLAM
N;SISTEMA NERVIOSO;N05B;ANSIOLÍTICOS;N05BA;DERIVADOS DE LA BENZODIAZEPINA;N05BA08;BROMAZEPAM
N;SISTEMA NERVIOSO;N05B;ANSIOLÍTICOS;N05BA;DERIVADOS DE LA BENZODIAZEPINA;N05BA09;CLOBAZAM
N;SISTEMA NERVIOSO;N05B;ANSIOLÍTICOS;N05BA;DERIVADOS DE LA BENZODIAZEPINA;N05BA10;KETAZOLAM
N;SISTEMA NERVIOSO;N05B;ANSIOLÍTICOS;N05BA;DERIVADOS DE LA BENZODIAZEPINA;N05BA11;PRAZEPAM
N;SISTEMA NERVIOSO;N05B;ANSIOLÍTICOS;N05BA;DERIVADOS DE LA BENZODIAZEPINA;N05BA12;ALPRAZOLAM
N;SISTEMA NERVIOSO;N05B;ANSIOLÍTICOS;N05BA;DERIVADOS DE LA BENZODIAZEPINA;N05BA13;HALAZEPAM
N;SISTEMA NERVIOSO;N05B;ANSIOLÍTICOS;N05BA;DERIVADOS DE LA BENZODIAZEPINA;N05BA14;PINAZEPAM
N;SISTEMA NERVIOSO;N05B;ANSIOLÍTICOS;N05BA;DERIVADOS DE LA BENZODIAZEPINA;N05BA15;CAMAZEPAM
N;SISTEMA NERVIOSO;N05B;ANSIOLÍTICOS;N05BA;DERIVADOS DE LA BENZODIAZEPINA;N05BA16;NORDAZEPAM
N;SISTEMA NERVIOSO;N05B;ANSIOLÍTICOS;N05BA;DERIVADOS DE LA BENZODIAZEPINA;N05BA17;FLUDIAZEPAM
N;SISTEMA NERVIOSO;N05B;ANSIOLÍTICOS;N05BA;DERIVADOS DE LA BENZODIAZEPINA;N05BA18;LOFLAZEPATO DE ETILO
N;SISTEMA NERVIOSO;N05B;ANSIOLÍTICOS;N05BA;DERIVADOS DE LA BENZODIAZEPINA;N05BA19;ETIZOLAM
N;SISTEMA NERVIOSO;N05B;ANSIOLÍTICOS;N05BA;DERIVADOS DE LA BENZODIAZEPINA;N05BA21;CLOTIAZEPAM
N;SISTEMA NERVIOSO;N05B;ANSIOLÍTICOS;N05BA;DERIVADOS DE LA BENZODIAZEPINA;N05BA22;CLOXAZOLAM
N;SISTEMA NERVIOSO;N05B;ANSIOLÍTICOS;N05BA;DERIVADOS DE LA BENZODIAZEPINA;N05BA23;TOFISOPAM
N;SISTEMA NERVIOSO;N05B;ANSIOLÍTICOS;N05BA;DERIVADOS DE LA BENZODIAZEPINA;N05BA56;LORAZEPAM, COMBINACIONES
N;SISTEMA NERVIOSO;N05B;ANSIOLÍTICOS;N05BB;DERIVADOS DEL DIFENILMETANO;N05BB01;HIDROXIZINA
N;SISTEMA NERVIOSO;N05B;ANSIOLÍTICOS;N05BB;DERIVADOS DEL DIFENILMETANO;N05BB02;CAPTODIAMO
N;SISTEMA NERVIOSO;N05B;ANSIOLÍTICOS;N05BB;DERIVADOS DEL DIFENILMETANO;N05BB51;HIDROXIZINA, COMBINACIONES
N;SISTEMA NERVIOSO;N05B;ANSIOLÍTICOS;N05BC;CARBAMATOS;N05BC01;MEPROBAMATO
N;SISTEMA NERVIOSO;N05B;ANSIOLÍTICOS;N05BC;CARBAMATOS;N05BC03;EMILCAMATO
N;SISTEMA NERVIOSO;N05B;ANSIOLÍTICOS;N05BC;CARBAMATOS;N05BC04;MEBUTAMATO
N;SISTEMA NERVIOSO;N05B;ANSIOLÍTICOS;N05BC;CARBAMATOS;N05BC51;MEPROBAMATO, COMBINACIONES
N;SISTEMA NERVIOSO;N05B;ANSIOLÍTICOS;N05BD;DERIVADOS DEL DIBENZO-BICICLO-OCTADIENO;N05BD01;BENZOCTAMINA
N;SISTEMA NERVIOSO;N05B;ANSIOLÍTICOS;N05BE;DERIVADOS DE LA AZASPIRODECANEDIONA;N05BE01;BUSPIRONA
N;SISTEMA NERVIOSO;N05B;ANSIOLÍTICOS;N05BX;OTROS ANSIOLÍTICOS;N05BX01;MEFENOXALONA
N;SISTEMA NERVIOSO;N05B;ANSIOLÍTICOS;N05BX;OTROS ANSIOLÍTICOS;N05BX02;GEDOCARNILO
N;SISTEMA NERVIOSO;N05B;ANSIOLÍTICOS;N05BX;OTROS ANSIOLÍTICOS;N05BX03;ETIFOXINA
N;SISTEMA NERVIOSO;N05C;HIPNÓTICOS Y SEDANTES;N05CA;BARBITÚRICOS, MONOTERAPIA;N05CA01;PENTOBARBITAL
N;SISTEMA NERVIOSO;N05C;HIPNÓTICOS Y SEDANTES;N05CA;BARBITÚRICOS, MONOTERAPIA;N05CA02;AMOBARBITAL
N;SISTEMA NERVIOSO;N05C;HIPNÓTICOS Y SEDANTES;N05CA;BARBITÚRICOS, MONOTERAPIA;N05CA03;BUTOBARBITAL
N;SISTEMA NERVIOSO;N05C;HIPNÓTICOS Y SEDANTES;N05CA;BARBITÚRICOS, MONOTERAPIA;N05CA04;BARBITAL
N;SISTEMA NERVIOSO;N05C;HIPNÓTICOS Y SEDANTES;N05CA;BARBITÚRICOS, MONOTERAPIA;N05CA05;APROBARBITAL
N;SISTEMA NERVIOSO;N05C;HIPNÓTICOS Y SEDANTES;N05CA;BARBITÚRICOS, MONOTERAPIA;N05CA06;SECOBARBITAL
N;SISTEMA NERVIOSO;N05C;HIPNÓTICOS Y SEDANTES;N05CA;BARBITÚRICOS, MONOTERAPIA;N05CA07;TALBUTAL
N;SISTEMA NERVIOSO;N05C;HIPNÓTICOS Y SEDANTES;N05CA;BARBITÚRICOS, MONOTERAPIA;N05CA08;VINILBITAL
N;SISTEMA NERVIOSO;N05C;HIPNÓTICOS Y SEDANTES;N05CA;BARBITÚRICOS, MONOTERAPIA;N05CA09;VINBARBITAL
N;SISTEMA NERVIOSO;N05C;HIPNÓTICOS Y SEDANTES;N05CA;BARBITÚRICOS, MONOTERAPIA;N05CA10;CICLOBARBITAL
N;SISTEMA NERVIOSO;N05C;HIPNÓTICOS Y SEDANTES;N05CA;BARBITÚRICOS, MONOTERAPIA;N05CA11;HEPTABARBITAL
N;SISTEMA NERVIOSO;N05C;HIPNÓTICOS Y SEDANTES;N05CA;BARBITÚRICOS, MONOTERAPIA;N05CA12;REPOSAL
N;SISTEMA NERVIOSO;N05C;HIPNÓTICOS Y SEDANTES;N05CA;BARBITÚRICOS, MONOTERAPIA;N05CA15;METOHEXITAL
N;SISTEMA NERVIOSO;N05C;HIPNÓTICOS Y SEDANTES;N05CA;BARBITÚRICOS, MONOTERAPIA;N05CA16;HEXOBARBITAL
N;SISTEMA NERVIOSO;N05C;HIPNÓTICOS Y SEDANTES;N05CA;BARBITÚRICOS, MONOTERAPIA;N05CA19;TIOPENTAL
N;SISTEMA NERVIOSO;N05C;HIPNÓTICOS Y SEDANTES;N05CA;BARBITÚRICOS, MONOTERAPIA;N05CA20;ETALOBARBITAL
N;SISTEMA NERVIOSO;N05C;HIPNÓTICOS Y SEDANTES;N05CA;BARBITÚRICOS, MONOTERAPIA;N05CA21;ALOBARBITAL
N;SISTEMA NERVIOSO;N05C;HIPNÓTICOS Y SEDANTES;N05CA;BARBITÚRICOS, MONOTERAPIA;N05CA22;PROXIBARBAL
N;SISTEMA NERVIOSO;N05C;HIPNÓTICOS Y SEDANTES;N05CB;BARBITÚRICOS, COMBINACIONES;N05CB01;BARBITÚRICOS, COMBINACIONES DE
N;SISTEMA NERVIOSO;N05C;HIPNÓTICOS Y SEDANTES;N05CB;BARBITÚRICOS, COMBINACIONES;N05CB02;BARBITÚRICOS EN COMBINACIÓN CON OTRAS DROGAS
N;SISTEMA NERVIOSO;N05C;HIPNÓTICOS Y SEDANTES;N05CC;ALDEHÍDOS Y DERIVADOS;N05CC01;HIDRATO DE CLORAL
N;SISTEMA NERVIOSO;N05C;HIPNÓTICOS Y SEDANTES;N05CC;ALDEHÍDOS Y DERIVADOS;N05CC02;CLORALODOL
N;SISTEMA NERVIOSO;N05C;HIPNÓTICOS Y SEDANTES;N05CC;ALDEHÍDOS Y DERIVADOS;N05CC03;HIDRATO DE CLORAL, ACETILGLICINAMIDA DEL
N;SISTEMA NERVIOSO;N05C;HIPNÓTICOS Y SEDANTES;N05CC;ALDEHÍDOS Y DERIVADOS;N05CC04;DICLORALFENAZONA
N;SISTEMA NERVIOSO;N05C;HIPNÓTICOS Y SEDANTES;N05CC;ALDEHÍDOS Y DERIVADOS;N05CC05;PARALDEHÍDO
N;SISTEMA NERVIOSO;N05C;HIPNÓTICOS Y SEDANTES;N05CD;DERIVADOS DE LA BENZODIAZEPINA;N05CD01;FLURAZEPAM
N;SISTEMA NERVIOSO;N05C;HIPNÓTICOS Y SEDANTES;N05CD;DERIVADOS DE LA BENZODIAZEPINA;N05CD02;NITRAZEPAM
N;SISTEMA NERVIOSO;N05C;HIPNÓTICOS Y SEDANTES;N05CD;DERIVADOS DE LA BENZODIAZEPINA;N05CD03;FLUNITRAZEPAM
N;SISTEMA NERVIOSO;N05C;HIPNÓTICOS Y SEDANTES;N05CD;DERIVADOS DE LA BENZODIAZEPINA;N05CD04;ESTAZOLAM
N;SISTEMA NERVIOSO;N05C;HIPNÓTICOS Y SEDANTES;N05CD;DERIVADOS DE LA BENZODIAZEPINA;N05CD05;TRIAZOLAM
N;SISTEMA NERVIOSO;N05C;HIPNÓTICOS Y SEDANTES;N05CD;DERIVADOS DE LA BENZODIAZEPINA;N05CD06;LORMETAZEPAM
N;SISTEMA NERVIOSO;N05C;HIPNÓTICOS Y SEDANTES;N05CD;DERIVADOS DE LA BENZODIAZEPINA;N05CD07;TEMAZEPAM
N;SISTEMA NERVIOSO;N05C;HIPNÓTICOS Y SEDANTES;N05CD;DERIVADOS DE LA BENZODIAZEPINA;N05CD08;MIDAZOLAM
N;SISTEMA NERVIOSO;N05C;HIPNÓTICOS Y SEDANTES;N05CD;DERIVADOS DE LA BENZODIAZEPINA;N05CD09;BROTIZOLAM
N;SISTEMA NERVIOSO;N05C;HIPNÓTICOS Y SEDANTES;N05CD;DERIVADOS DE LA BENZODIAZEPINA;N05CD10;QUAZEPAM
N;SISTEMA NERVIOSO;N05C;HIPNÓTICOS Y SEDANTES;N05CD;DERIVADOS DE LA BENZODIAZEPINA;N05CD11;LOPRAZOLAM
N;SISTEMA NERVIOSO;N05C;HIPNÓTICOS Y SEDANTES;N05CD;DERIVADOS DE LA BENZODIAZEPINA;N05CD12;DOXEFAZEPAM
N;SISTEMA NERVIOSO;N05C;HIPNÓTICOS Y SEDANTES;N05CD;DERIVADOS DE LA BENZODIAZEPINA;N05CD13;CINOLAZEPAM
N;SISTEMA NERVIOSO;N05C;HIPNÓTICOS Y SEDANTES;N05CE;DERIVADOS DE LA PIPERIDINEDIONA;N05CE01;GLUTETIMIDA
N;SISTEMA NERVIOSO;N05C;HIPNÓTICOS Y SEDANTES;N05CE;DERIVADOS DE LA PIPERIDINEDIONA;N05CE02;METIPRILÓN
N;SISTEMA NERVIOSO;N05C;HIPNÓTICOS Y SEDANTES;N05CE;DERIVADOS DE LA PIPERIDINEDIONA;N05CE03;PIRITILDIONA
N;SISTEMA NERVIOSO;N05C;HIPNÓTICOS Y SEDANTES;N05CF;DROGAS RELACIONADAS A LAS BENZODIAZEPINAS;N05CF01;ZOPICLONA
N;SISTEMA NERVIOSO;N05C;HIPNÓTICOS Y SEDANTES;N05CF;DROGAS RELACIONADAS A LAS BENZODIAZEPINAS;N05CF02;ZOLPIDEM
N;SISTEMA NERVIOSO;N05C;HIPNÓTICOS Y SEDANTES;N05CF;DROGAS RELACIONADAS A LAS BENZODIAZEPINAS;N05CF03;ZALEPLON
N;SISTEMA NERVIOSO;N05C;HIPNÓTICOS Y SEDANTES;N05CF;DROGAS RELACIONADAS A LAS BENZODIAZEPINAS;N05CF04;ESZOPICLONA
N;SISTEMA NERVIOSO;N05C;HIPNÓTICOS Y SEDANTES;N05CH;AGONISTAS DEL RECEPTOR DE MELATONINA;N05CH01;MELATONINA
N;SISTEMA NERVIOSO;N05C;HIPNÓTICOS Y SEDANTES;N05CH;AGONISTAS DEL RECEPTOR DE MELATONINA;N05CH02;RAMELTEÓN
N;SISTEMA NERVIOSO;N05C;HIPNÓTICOS Y SEDANTES;N05CM;OTROS HIPNÓTICOS Y SEDANTES;N05CM01;METACUALONA
N;SISTEMA NERVIOSO;N05C;HIPNÓTICOS Y SEDANTES;N05CM;OTROS HIPNÓTICOS Y SEDANTES;N05CM02;CLOMETIAZOL
N;SISTEMA NERVIOSO;N05C;HIPNÓTICOS Y SEDANTES;N05CM;OTROS HIPNÓTICOS Y SEDANTES;N05CM03;BROMISOVAL
N;SISTEMA NERVIOSO;N05C;HIPNÓTICOS Y SEDANTES;N05CM;OTROS HIPNÓTICOS Y SEDANTES;N05CM04;CARBROMAL
N;SISTEMA NERVIOSO;N05C;HIPNÓTICOS Y SEDANTES;N05CM;OTROS HIPNÓTICOS Y SEDANTES;N05CM05;ESCOPOLAMINA
N;SISTEMA NERVIOSO;N05C;HIPNÓTICOS Y SEDANTES;N05CM;OTROS HIPNÓTICOS Y SEDANTES;N05CM06;PROPIOMAZINA
N;SISTEMA NERVIOSO;N05C;HIPNÓTICOS Y SEDANTES;N05CM;OTROS HIPNÓTICOS Y SEDANTES;N05CM07;TRICLOFÓS
N;SISTEMA NERVIOSO;N05C;HIPNÓTICOS Y SEDANTES;N05CM;OTROS HIPNÓTICOS Y SEDANTES;N05CM08;ETCLORVINOL
N;SISTEMA NERVIOSO;N05C;HIPNÓTICOS Y SEDANTES;N05CM;OTROS HIPNÓTICOS Y SEDANTES;N05CM09;VALERIANAE RADIX
N;SISTEMA NERVIOSO;N05C;HIPNÓTICOS Y SEDANTES;N05CM;OTROS HIPNÓTICOS Y SEDANTES;N05CM10;HEXAPROPIMATO
N;SISTEMA NERVIOSO;N05C;HIPNÓTICOS Y SEDANTES;N05CM;OTROS HIPNÓTICOS Y SEDANTES;N05CM11;BROMUROS
N;SISTEMA NERVIOSO;N05C;HIPNÓTICOS Y SEDANTES;N05CM;OTROS HIPNÓTICOS Y SEDANTES;N05CM12;APRONAL
N;SISTEMA NERVIOSO;N05C;HIPNÓTICOS Y SEDANTES;N05CM;OTROS HIPNÓTICOS Y SEDANTES;N05CM13;VALNOCTAMIDA
N;SISTEMA NERVIOSO;N05C;HIPNÓTICOS Y SEDANTES;N05CM;OTROS HIPNÓTICOS Y SEDANTES;N05CM15;METILPENTINOL
N;SISTEMA NERVIOSO;N05C;HIPNÓTICOS Y SEDANTES;N05CM;OTROS HIPNÓTICOS Y SEDANTES;N05CM16;NIAPRAZINA
N;SISTEMA NERVIOSO;N05C;HIPNÓTICOS Y SEDANTES;N05CM;OTROS HIPNÓTICOS Y SEDANTES;N05CM18;DEXMEDETOMIDINA
N;SISTEMA NERVIOSO;N05C;HIPNÓTICOS Y SEDANTES;N05CX;HIPNÓTICOS Y SEDANTES EN COMBINACIÓN, EXCLUIDOS BARBITÚRICOS;N05CX01;MEPROBAMATO, COMBINACIONES
N;SISTEMA NERVIOSO;N05C;HIPNÓTICOS Y SEDANTES;N05CX;HIPNÓTICOS Y SEDANTES EN COMBINACIÓN, EXCLUIDOS BARBITÚRICOS;N05CX02;METACUALONA, COMBINACIONES
N;SISTEMA NERVIOSO;N05C;HIPNÓTICOS Y SEDANTES;N05CX;HIPNÓTICOS Y SEDANTES EN COMBINACIÓN, EXCLUIDOS BARBITÚRICOS;N05CX03;METILPENTINOL, COMBINACIONES
N;SISTEMA NERVIOSO;N05C;HIPNÓTICOS Y SEDANTES;N05CX;HIPNÓTICOS Y SEDANTES EN COMBINACIÓN, EXCLUIDOS BARBITÚRICOS;N05CX04;CLOMETIAZOL, COMBINACIONES
N;SISTEMA NERVIOSO;N05C;HIPNÓTICOS Y SEDANTES;N05CX;HIPNÓTICOS Y SEDANTES EN COMBINACIÓN, EXCLUIDOS BARBITÚRICOS;N05CX05;EMEPRONIO, COMBINACIONES
N;SISTEMA NERVIOSO;N05C;HIPNÓTICOS Y SEDANTES;N05CX;HIPNÓTICOS Y SEDANTES EN COMBINACIÓN, EXCLUIDOS BARBITÚRICOS;N05CX06;DIPIPERONILAMINOETANOL, COMBINACIONES
N;SISTEMA NERVIOSO;N06A;ANTIDEPRESIVOS;N06AA;INHIBIDORES NO SELECTIVOS DE LA RECAPTACIÓN DE MONOAMINAS;N06AA01;DESIPRAMINA
N;SISTEMA NERVIOSO;N06A;ANTIDEPRESIVOS;N06AA;INHIBIDORES NO SELECTIVOS DE LA RECAPTACIÓN DE MONOAMINAS;N06AA02;IMIPRAMINA
N;SISTEMA NERVIOSO;N06A;ANTIDEPRESIVOS;N06AA;INHIBIDORES NO SELECTIVOS DE LA RECAPTACIÓN DE MONOAMINAS;N06AA03;IMIPRAMINÓXIDO
N;SISTEMA NERVIOSO;N06A;ANTIDEPRESIVOS;N06AA;INHIBIDORES NO SELECTIVOS DE LA RECAPTACIÓN DE MONOAMINAS;N06AA04;CLOMIPRAMINA
N;SISTEMA NERVIOSO;N06A;ANTIDEPRESIVOS;N06AA;INHIBIDORES NO SELECTIVOS DE LA RECAPTACIÓN DE MONOAMINAS;N06AA05;OPIPRAMOL
N;SISTEMA NERVIOSO;N06A;ANTIDEPRESIVOS;N06AA;INHIBIDORES NO SELECTIVOS DE LA RECAPTACIÓN DE MONOAMINAS;N06AA06;TRIMIPRAMINA
N;SISTEMA NERVIOSO;N06A;ANTIDEPRESIVOS;N06AA;INHIBIDORES NO SELECTIVOS DE LA RECAPTACIÓN DE MONOAMINAS;N06AA07;LOFEPRAMINA
N;SISTEMA NERVIOSO;N06A;ANTIDEPRESIVOS;N06AA;INHIBIDORES NO SELECTIVOS DE LA RECAPTACIÓN DE MONOAMINAS;N06AA08;DIBENZEPINA
N;SISTEMA NERVIOSO;N06A;ANTIDEPRESIVOS;N06AA;INHIBIDORES NO SELECTIVOS DE LA RECAPTACIÓN DE MONOAMINAS;N06AA09;AMITRIPTILINA
N;SISTEMA NERVIOSO;N06A;ANTIDEPRESIVOS;N06AA;INHIBIDORES NO SELECTIVOS DE LA RECAPTACIÓN DE MONOAMINAS;N06AA10;NORTRIPTILINA
N;SISTEMA NERVIOSO;N06A;ANTIDEPRESIVOS;N06AA;INHIBIDORES NO SELECTIVOS DE LA RECAPTACIÓN DE MONOAMINAS;N06AA11;PROTRIPTILINA
N;SISTEMA NERVIOSO;N06A;ANTIDEPRESIVOS;N06AA;INHIBIDORES NO SELECTIVOS DE LA RECAPTACIÓN DE MONOAMINAS;N06AA12;DOXEPINA
N;SISTEMA NERVIOSO;N06A;ANTIDEPRESIVOS;N06AA;INHIBIDORES NO SELECTIVOS DE LA RECAPTACIÓN DE MONOAMINAS;N06AA13;IPRINDOL
N;SISTEMA NERVIOSO;N06A;ANTIDEPRESIVOS;N06AA;INHIBIDORES NO SELECTIVOS DE LA RECAPTACIÓN DE MONOAMINAS;N06AA14;MELITRACENO
N;SISTEMA NERVIOSO;N06A;ANTIDEPRESIVOS;N06AA;INHIBIDORES NO SELECTIVOS DE LA RECAPTACIÓN DE MONOAMINAS;N06AA15;BUTRIPTILINA
N;SISTEMA NERVIOSO;N06A;ANTIDEPRESIVOS;N06AA;INHIBIDORES NO SELECTIVOS DE LA RECAPTACIÓN DE MONOAMINAS;N06AA16;DOSULEPINA
N;SISTEMA NERVIOSO;N06A;ANTIDEPRESIVOS;N06AA;INHIBIDORES NO SELECTIVOS DE LA RECAPTACIÓN DE MONOAMINAS;N06AA17;AMOXAPINA
N;SISTEMA NERVIOSO;N06A;ANTIDEPRESIVOS;N06AA;INHIBIDORES NO SELECTIVOS DE LA RECAPTACIÓN DE MONOAMINAS;N06AA18;DIMETACRINA
N;SISTEMA NERVIOSO;N06A;ANTIDEPRESIVOS;N06AA;INHIBIDORES NO SELECTIVOS DE LA RECAPTACIÓN DE MONOAMINAS;N06AA19;AMINEPTINO
N;SISTEMA NERVIOSO;N06A;ANTIDEPRESIVOS;N06AA;INHIBIDORES NO SELECTIVOS DE LA RECAPTACIÓN DE MONOAMINAS;N06AA21;MAPROTILINA
N;SISTEMA NERVIOSO;N06A;ANTIDEPRESIVOS;N06AA;INHIBIDORES NO SELECTIVOS DE LA RECAPTACIÓN DE MONOAMINAS;N06AA23;QUINUPRAMINA
N;SISTEMA NERVIOSO;N06A;ANTIDEPRESIVOS;N06AB;INHIBIDORES SELECTIVOS DE LA RECAPTACIÓN DE SEROTONINA;N06AB02;ZIMELDINA
N;SISTEMA NERVIOSO;N06A;ANTIDEPRESIVOS;N06AB;INHIBIDORES SELECTIVOS DE LA RECAPTACIÓN DE SEROTONINA;N06AB03;FLUOXETINA
N;SISTEMA NERVIOSO;N06A;ANTIDEPRESIVOS;N06AB;INHIBIDORES SELECTIVOS DE LA RECAPTACIÓN DE SEROTONINA;N06AB04;CITALOPRAM
N;SISTEMA NERVIOSO;N06A;ANTIDEPRESIVOS;N06AB;INHIBIDORES SELECTIVOS DE LA RECAPTACIÓN DE SEROTONINA;N06AB05;PAROXETINA
N;SISTEMA NERVIOSO;N06A;ANTIDEPRESIVOS;N06AB;INHIBIDORES SELECTIVOS DE LA RECAPTACIÓN DE SEROTONINA;N06AB06;SERTRALINA
N;SISTEMA NERVIOSO;N06A;ANTIDEPRESIVOS;N06AB;INHIBIDORES SELECTIVOS DE LA RECAPTACIÓN DE SEROTONINA;N06AB07;ALAPROCLATO
N;SISTEMA NERVIOSO;N06A;ANTIDEPRESIVOS;N06AB;INHIBIDORES SELECTIVOS DE LA RECAPTACIÓN DE SEROTONINA;N06AB08;FLUVOXAMINA
N;SISTEMA NERVIOSO;N06A;ANTIDEPRESIVOS;N06AB;INHIBIDORES SELECTIVOS DE LA RECAPTACIÓN DE SEROTONINA;N06AB09;ETOPERIDONA
N;SISTEMA NERVIOSO;N06A;ANTIDEPRESIVOS;N06AB;INHIBIDORES SELECTIVOS DE LA RECAPTACIÓN DE SEROTONINA;N06AB10;ESCITALOPRAM
N;SISTEMA NERVIOSO;N06A;ANTIDEPRESIVOS;N06AF;INHIBIDORES NO SELECTIVOS DE LA MONOAMINOOXIDASA;N06AF01;ISOCARBOXAZIDA
N;SISTEMA NERVIOSO;N06A;ANTIDEPRESIVOS;N06AF;INHIBIDORES NO SELECTIVOS DE LA MONOAMINOOXIDASA;N06AF02;NIALAMIDA
N;SISTEMA NERVIOSO;N06A;ANTIDEPRESIVOS;N06AF;INHIBIDORES NO SELECTIVOS DE LA MONOAMINOOXIDASA;N06AF03;FENELZINA
N;SISTEMA NERVIOSO;N06A;ANTIDEPRESIVOS;N06AF;INHIBIDORES NO SELECTIVOS DE LA MONOAMINOOXIDASA;N06AF04;TRANILCIPROMINA
N;SISTEMA NERVIOSO;N06A;ANTIDEPRESIVOS;N06AF;INHIBIDORES NO SELECTIVOS DE LA MONOAMINOOXIDASA;N06AF05;IPRONIAZIDA
N;SISTEMA NERVIOSO;N06A;ANTIDEPRESIVOS;N06AF;INHIBIDORES NO SELECTIVOS DE LA MONOAMINOOXIDASA;N06AF06;IPROCLOZIDA
N;SISTEMA NERVIOSO;N06A;ANTIDEPRESIVOS;N06AG;INHIBIDORES DE LA MONOAMINOOXIDASA A;N06AG02;MOCLOBEMIDA
N;SISTEMA NERVIOSO;N06A;ANTIDEPRESIVOS;N06AG;INHIBIDORES DE LA MONOAMINOOXIDASA A;N06AG03;TOLOXATONA
N;SISTEMA NERVIOSO;N06A;ANTIDEPRESIVOS;N06AX;OTROS ANTIDEPRESIVOS;N06AX01;OXITRIPTÁN
N;SISTEMA NERVIOSO;N06A;ANTIDEPRESIVOS;N06AX;OTROS ANTIDEPRESIVOS;N06AX02;TRIPTOFANO
N;SISTEMA NERVIOSO;N06A;ANTIDEPRESIVOS;N06AX;OTROS ANTIDEPRESIVOS;N06AX03;MIANSERINA
N;SISTEMA NERVIOSO;N06A;ANTIDEPRESIVOS;N06AX;OTROS ANTIDEPRESIVOS;N06AX04;NOMIFENSINA
N;SISTEMA NERVIOSO;N06A;ANTIDEPRESIVOS;N06AX;OTROS ANTIDEPRESIVOS;N06AX05;TRAZODONA
N;SISTEMA NERVIOSO;N06A;ANTIDEPRESIVOS;N06AX;OTROS ANTIDEPRESIVOS;N06AX06;NEFAZODONA
N;SISTEMA NERVIOSO;N06A;ANTIDEPRESIVOS;N06AX;OTROS ANTIDEPRESIVOS;N06AX07;MINAPRINA
N;SISTEMA NERVIOSO;N06A;ANTIDEPRESIVOS;N06AX;OTROS ANTIDEPRESIVOS;N06AX08;BIFEMELANO
N;SISTEMA NERVIOSO;N06A;ANTIDEPRESIVOS;N06AX;OTROS ANTIDEPRESIVOS;N06AX09;VILOXAZINA
N;SISTEMA NERVIOSO;N06A;ANTIDEPRESIVOS;N06AX;OTROS ANTIDEPRESIVOS;N06AX10;OXAFLOZANO
N;SISTEMA NERVIOSO;N06A;ANTIDEPRESIVOS;N06AX;OTROS ANTIDEPRESIVOS;N06AX11;MIRTAZAPINA
N;SISTEMA NERVIOSO;N06A;ANTIDEPRESIVOS;N06AX;OTROS ANTIDEPRESIVOS;N06AX12;BUPROPION
N;SISTEMA NERVIOSO;N06A;ANTIDEPRESIVOS;N06AX;OTROS ANTIDEPRESIVOS;N06AX13;MEDIFOXAMINA
N;SISTEMA NERVIOSO;N06A;ANTIDEPRESIVOS;N06AX;OTROS ANTIDEPRESIVOS;N06AX14;TIANEPTINA
N;SISTEMA NERVIOSO;N06A;ANTIDEPRESIVOS;N06AX;OTROS ANTIDEPRESIVOS;N06AX15;PIVAGABINA
N;SISTEMA NERVIOSO;N06A;ANTIDEPRESIVOS;N06AX;OTROS ANTIDEPRESIVOS;N06AX16;VENLAFAXINA
N;SISTEMA NERVIOSO;N06A;ANTIDEPRESIVOS;N06AX;OTROS ANTIDEPRESIVOS;N06AX17;MILNACIPRÁN
N;SISTEMA NERVIOSO;N06A;ANTIDEPRESIVOS;N06AX;OTROS ANTIDEPRESIVOS;N06AX18;REBOXETINA
N;SISTEMA NERVIOSO;N06A;ANTIDEPRESIVOS;N06AX;OTROS ANTIDEPRESIVOS;N06AX19;GEPIRONA
N;SISTEMA NERVIOSO;N06A;ANTIDEPRESIVOS;N06AX;OTROS ANTIDEPRESIVOS;N06AX21;DULOXETINA
N;SISTEMA NERVIOSO;N06A;ANTIDEPRESIVOS;N06AX;OTROS ANTIDEPRESIVOS;N06AX22;AGOMELATINA
N;SISTEMA NERVIOSO;N06A;ANTIDEPRESIVOS;N06AX;OTROS ANTIDEPRESIVOS;N06AX23;DESVENLAFAXINA
N;SISTEMA NERVIOSO;N06A;ANTIDEPRESIVOS;N06AX;OTROS ANTIDEPRESIVOS;N06AX24;VILAZODONA
N;SISTEMA NERVIOSO;N06A;ANTIDEPRESIVOS;N06AX;OTROS ANTIDEPRESIVOS;N06AX25;HYPERICI HERBA
N;SISTEMA NERVIOSO;N06A;ANTIDEPRESIVOS;N06AX;OTROS ANTIDEPRESIVOS;N06AX26;VORTIOXETINA
N;SISTEMA NERVIOSO;N06B;PSICOESTIMULANTES, AGENTES USADOS PARA LA ADHD Y NOOTRÓPICOS;N06BA;AGENTES SIMPATICOMIMÉTICOS DE ACCIÓN CENTRAL;N06BA01;ANFETAMINA
N;SISTEMA NERVIOSO;N06B;PSICOESTIMULANTES, AGENTES USADOS PARA LA ADHD Y NOOTRÓPICOS;N06BA;AGENTES SIMPATICOMIMÉTICOS DE ACCIÓN CENTRAL;N06BA02;DEXANFETAMINA
N;SISTEMA NERVIOSO;N06B;PSICOESTIMULANTES, AGENTES USADOS PARA LA ADHD Y NOOTRÓPICOS;N06BA;AGENTES SIMPATICOMIMÉTICOS DE ACCIÓN CENTRAL;N06BA03;METANFETAMINA
N;SISTEMA NERVIOSO;N06B;PSICOESTIMULANTES, AGENTES USADOS PARA LA ADHD Y NOOTRÓPICOS;N06BA;AGENTES SIMPATICOMIMÉTICOS DE ACCIÓN CENTRAL;N06BA04;METILFENIDATO
N;SISTEMA NERVIOSO;N06B;PSICOESTIMULANTES, AGENTES USADOS PARA LA ADHD Y NOOTRÓPICOS;N06BA;AGENTES SIMPATICOMIMÉTICOS DE ACCIÓN CENTRAL;N06BA05;PEMOLINA
N;SISTEMA NERVIOSO;N06B;PSICOESTIMULANTES, AGENTES USADOS PARA LA ADHD Y NOOTRÓPICOS;N06BA;AGENTES SIMPATICOMIMÉTICOS DE ACCIÓN CENTRAL;N06BA06;FENCANFAMINA
N;SISTEMA NERVIOSO;N06B;PSICOESTIMULANTES, AGENTES USADOS PARA LA ADHD Y NOOTRÓPICOS;N06BA;AGENTES SIMPATICOMIMÉTICOS DE ACCIÓN CENTRAL;N06BA07;MODAFINILO
N;SISTEMA NERVIOSO;N06B;PSICOESTIMULANTES, AGENTES USADOS PARA LA ADHD Y NOOTRÓPICOS;N06BA;AGENTES SIMPATICOMIMÉTICOS DE ACCIÓN CENTRAL;N06BA08;FENOZOLONA
N;SISTEMA NERVIOSO;N06B;PSICOESTIMULANTES, AGENTES USADOS PARA LA ADHD Y NOOTRÓPICOS;N06BA;AGENTES SIMPATICOMIMÉTICOS DE ACCIÓN CENTRAL;N06BA09;ATOMOXETINA
N;SISTEMA NERVIOSO;N06B;PSICOESTIMULANTES, AGENTES USADOS PARA LA ADHD Y NOOTRÓPICOS;N06BA;AGENTES SIMPATICOMIMÉTICOS DE ACCIÓN CENTRAL;N06BA10;FENETILINA
N;SISTEMA NERVIOSO;N06B;PSICOESTIMULANTES, AGENTES USADOS PARA LA ADHD Y NOOTRÓPICOS;N06BA;AGENTES SIMPATICOMIMÉTICOS DE ACCIÓN CENTRAL;N06BA11;DEXMETILFENIDATO
N;SISTEMA NERVIOSO;N06B;PSICOESTIMULANTES, AGENTES USADOS PARA LA ADHD Y NOOTRÓPICOS;N06BA;AGENTES SIMPATICOMIMÉTICOS DE ACCIÓN CENTRAL;N06BA12;LISDEXANFETAMINA
N;SISTEMA NERVIOSO;N06B;PSICOESTIMULANTES, AGENTES USADOS PARA LA ADHD Y NOOTRÓPICOS;N06BC;DERIVADOS DE LA XANTINA;N06BC01;CAFEÍNA
N;SISTEMA NERVIOSO;N06B;PSICOESTIMULANTES, AGENTES USADOS PARA LA ADHD Y NOOTRÓPICOS;N06BC;DERIVADOS DE LA XANTINA;N06BC02;PROPENTOFILINA
N;SISTEMA NERVIOSO;N06B;PSICOESTIMULANTES, AGENTES USADOS PARA LA ADHD Y NOOTRÓPICOS;N06BX;OTROS PSICOESTIMULANTES Y NOOTRÓPICOS;N06BX01;MECLOFENOXATO
N;SISTEMA NERVIOSO;N06B;PSICOESTIMULANTES, AGENTES USADOS PARA LA ADHD Y NOOTRÓPICOS;N06BX;OTROS PSICOESTIMULANTES Y NOOTRÓPICOS;N06BX02;PIRITINOL
N;SISTEMA NERVIOSO;N06B;PSICOESTIMULANTES, AGENTES USADOS PARA LA ADHD Y NOOTRÓPICOS;N06BX;OTROS PSICOESTIMULANTES Y NOOTRÓPICOS;N06BX03;PIRACETAM
N;SISTEMA NERVIOSO;N06B;PSICOESTIMULANTES, AGENTES USADOS PARA LA ADHD Y NOOTRÓPICOS;N06BX;OTROS PSICOESTIMULANTES Y NOOTRÓPICOS;N06BX04;DEANOL
N;SISTEMA NERVIOSO;N06B;PSICOESTIMULANTES, AGENTES USADOS PARA LA ADHD Y NOOTRÓPICOS;N06BX;OTROS PSICOESTIMULANTES Y NOOTRÓPICOS;N06BX05;FIPEXIDA
N;SISTEMA NERVIOSO;N06B;PSICOESTIMULANTES, AGENTES USADOS PARA LA ADHD Y NOOTRÓPICOS;N06BX;OTROS PSICOESTIMULANTES Y NOOTRÓPICOS;N06BX06;CITICOLINA
N;SISTEMA NERVIOSO;N06B;PSICOESTIMULANTES, AGENTES USADOS PARA LA ADHD Y NOOTRÓPICOS;N06BX;OTROS PSICOESTIMULANTES Y NOOTRÓPICOS;N06BX07;OXIRACETAM
N;SISTEMA NERVIOSO;N06B;PSICOESTIMULANTES, AGENTES USADOS PARA LA ADHD Y NOOTRÓPICOS;N06BX;OTROS PSICOESTIMULANTES Y NOOTRÓPICOS;N06BX08;PIRISUDANOL
N;SISTEMA NERVIOSO;N06B;PSICOESTIMULANTES, AGENTES USADOS PARA LA ADHD Y NOOTRÓPICOS;N06BX;OTROS PSICOESTIMULANTES Y NOOTRÓPICOS;N06BX09;LINOPIRDINA
N;SISTEMA NERVIOSO;N06B;PSICOESTIMULANTES, AGENTES USADOS PARA LA ADHD Y NOOTRÓPICOS;N06BX;OTROS PSICOESTIMULANTES Y NOOTRÓPICOS;N06BX10;NIZOFENONA
N;SISTEMA NERVIOSO;N06B;PSICOESTIMULANTES, AGENTES USADOS PARA LA ADHD Y NOOTRÓPICOS;N06BX;OTROS PSICOESTIMULANTES Y NOOTRÓPICOS;N06BX11;ANIRACETAM
N;SISTEMA NERVIOSO;N06B;PSICOESTIMULANTES, AGENTES USADOS PARA LA ADHD Y NOOTRÓPICOS;N06BX;OTROS PSICOESTIMULANTES Y NOOTRÓPICOS;N06BX12;ACETILCARNITINA
N;SISTEMA NERVIOSO;N06B;PSICOESTIMULANTES, AGENTES USADOS PARA LA ADHD Y NOOTRÓPICOS;N06BX;OTROS PSICOESTIMULANTES Y NOOTRÓPICOS;N06BX13;IDEBENONA
N;SISTEMA NERVIOSO;N06B;PSICOESTIMULANTES, AGENTES USADOS PARA LA ADHD Y NOOTRÓPICOS;N06BX;OTROS PSICOESTIMULANTES Y NOOTRÓPICOS;N06BX14;PROLINTANO
N;SISTEMA NERVIOSO;N06B;PSICOESTIMULANTES, AGENTES USADOS PARA LA ADHD Y NOOTRÓPICOS;N06BX;OTROS PSICOESTIMULANTES Y NOOTRÓPICOS;N06BX15;PIPRADROL
N;SISTEMA NERVIOSO;N06B;PSICOESTIMULANTES, AGENTES USADOS PARA LA ADHD Y NOOTRÓPICOS;N06BX;OTROS PSICOESTIMULANTES Y NOOTRÓPICOS;N06BX16;PRAMIRACETAM
N;SISTEMA NERVIOSO;N06B;PSICOESTIMULANTES, AGENTES USADOS PARA LA ADHD Y NOOTRÓPICOS;N06BX;OTROS PSICOESTIMULANTES Y NOOTRÓPICOS;N06BX17;ADRAFINILO
N;SISTEMA NERVIOSO;N06B;PSICOESTIMULANTES, AGENTES USADOS PARA LA ADHD Y NOOTRÓPICOS;N06BX;OTROS PSICOESTIMULANTES Y NOOTRÓPICOS;N06BX18;VINPOCETINA
N;SISTEMA NERVIOSO;N06C;PSICOLÉPTICOS Y PSICOANALÉPTICOS EN COMBINACIÓN;N06CA;ANTIDEPRESIVOS EN COMBINACIÓN CON PSICOLÉPTICOS;N06CA01;AMITRIPTILINA Y PSICOLÉPTICOS
N;SISTEMA NERVIOSO;N06C;PSICOLÉPTICOS Y PSICOANALÉPTICOS EN COMBINACIÓN;N06CA;ANTIDEPRESIVOS EN COMBINACIÓN CON PSICOLÉPTICOS;N06CA02;MELITRACENO Y PSICOLÉPTICOS
N;SISTEMA NERVIOSO;N06C;PSICOLÉPTICOS Y PSICOANALÉPTICOS EN COMBINACIÓN;N06CA;ANTIDEPRESIVOS EN COMBINACIÓN CON PSICOLÉPTICOS;N06CA03;FLUOXETINA Y PSICOLÉPTICOS
N;SISTEMA NERVIOSO;N06D;DROGAS ANTIDEMENCIA;N06DA;ANTICOLINESTERASAS;N06DA01;TACRINA
N;SISTEMA NERVIOSO;N06D;DROGAS ANTIDEMENCIA;N06DA;ANTICOLINESTERASAS;N06DA02;DONEPEZILO
N;SISTEMA NERVIOSO;N06D;DROGAS ANTIDEMENCIA;N06DA;ANTICOLINESTERASAS;N06DA03;RIVASTIGMINA
N;SISTEMA NERVIOSO;N06D;DROGAS ANTIDEMENCIA;N06DA;ANTICOLINESTERASAS;N06DA04;GALANTAMINA
N;SISTEMA NERVIOSO;N06D;DROGAS ANTIDEMENCIA;N06DA;ANTICOLINESTERASAS;N06DA52;DONEPEZILO Y MEMANTINA
N;SISTEMA NERVIOSO;N06D;DROGAS ANTIDEMENCIA;N06DA;ANTICOLINESTERASAS;N06DA55;IPIDACRINA
N;SISTEMA NERVIOSO;N06D;DROGAS ANTIDEMENCIA;N06DX;OTRAS DROGAS ANTI-DEMENCIA;N06DX01;MEMANTINA
N;SISTEMA NERVIOSO;N06D;DROGAS ANTIDEMENCIA;N06DX;OTRAS DROGAS ANTI-DEMENCIA;N06DX02;GINKGO FOLIUM
N;SISTEMA NERVIOSO;N07A;PARASIMPATICOMIMÉTICOS;N07AA;INHIBIDORES DE LA ACETILCOLINESTERASA;N07AA01;NEOSTIGMINA
N;SISTEMA NERVIOSO;N07A;PARASIMPATICOMIMÉTICOS;N07AA;INHIBIDORES DE LA ACETILCOLINESTERASA;N07AA02;PIRIDOSTIGMINA
N;SISTEMA NERVIOSO;N07A;PARASIMPATICOMIMÉTICOS;N07AA;INHIBIDORES DE LA ACETILCOLINESTERASA;N07AA03;DISTIGMINA
N;SISTEMA NERVIOSO;N07A;PARASIMPATICOMIMÉTICOS;N07AA;INHIBIDORES DE LA ACETILCOLINESTERASA;N07AA30;AMBENONIO
N;SISTEMA NERVIOSO;N07A;PARASIMPATICOMIMÉTICOS;N07AA;INHIBIDORES DE LA ACETILCOLINESTERASA;N07AA51;NEOSTIGMINA, COMBINACIONES CON
N;SISTEMA NERVIOSO;N07A;PARASIMPATICOMIMÉTICOS;N07AB;ÉSTERES DE LA COLINA;N07AB01;CARBACOL
N;SISTEMA NERVIOSO;N07A;PARASIMPATICOMIMÉTICOS;N07AB;ÉSTERES DE LA COLINA;N07AB02;BETANECOL
N;SISTEMA NERVIOSO;N07A;PARASIMPATICOMIMÉTICOS;N07AX;OTROS PARASIMPATICOMIMÉTICOS;N07AX01;PILOCARPINA
N;SISTEMA NERVIOSO;N07A;PARASIMPATICOMIMÉTICOS;N07AX;OTROS PARASIMPATICOMIMÉTICOS;N07AX02;COLINA ALFOSCERATO
N;SISTEMA NERVIOSO;N07A;PARASIMPATICOMIMÉTICOS;N07AX;OTROS PARASIMPATICOMIMÉTICOS;N07AX03;CEVIMELINA
N;SISTEMA NERVIOSO;N07B;DROGAS USADAS EN TRASTORNOS ADICTIVOS;N07BA;DROGAS USADAS EN LA DEPENDENCIA A NICOTINA;N07BA01;NICOTINA
N;SISTEMA NERVIOSO;N07B;DROGAS USADAS EN TRASTORNOS ADICTIVOS;N07BA;DROGAS USADAS EN LA DEPENDENCIA A NICOTINA;N07BA03;VARENICLINA
N;SISTEMA NERVIOSO;N07B;DROGAS USADAS EN TRASTORNOS ADICTIVOS;N07BB;DROGAS USADAS EN LA DEPENDENCIA AL ALCOHOL;N07BB01;DISULFIRAM
N;SISTEMA NERVIOSO;N07B;DROGAS USADAS EN TRASTORNOS ADICTIVOS;N07BB;DROGAS USADAS EN LA DEPENDENCIA AL ALCOHOL;N07BB02;CARBIMIDA CÁLCICA
N;SISTEMA NERVIOSO;N07B;DROGAS USADAS EN TRASTORNOS ADICTIVOS;N07BB;DROGAS USADAS EN LA DEPENDENCIA AL ALCOHOL;N07BB03;ACAMPROSATO
N;SISTEMA NERVIOSO;N07B;DROGAS USADAS EN TRASTORNOS ADICTIVOS;N07BB;DROGAS USADAS EN LA DEPENDENCIA AL ALCOHOL;N07BB04;NALTREXONA
N;SISTEMA NERVIOSO;N07B;DROGAS USADAS EN TRASTORNOS ADICTIVOS;N07BB;DROGAS USADAS EN LA DEPENDENCIA AL ALCOHOL;N07BB05;NALMEFENO
N;SISTEMA NERVIOSO;N07B;DROGAS USADAS EN TRASTORNOS ADICTIVOS;N07BC;DROGAS USADAS EN LA DEPENDENCIA A OPIOIDES;N07BC01;BUPRENORFINA
N;SISTEMA NERVIOSO;N07B;DROGAS USADAS EN TRASTORNOS ADICTIVOS;N07BC;DROGAS USADAS EN LA DEPENDENCIA A OPIOIDES;N07BC02;METADONA
N;SISTEMA NERVIOSO;N07B;DROGAS USADAS EN TRASTORNOS ADICTIVOS;N07BC;DROGAS USADAS EN LA DEPENDENCIA A OPIOIDES;N07BC03;LEVACETILMETADOL
N;SISTEMA NERVIOSO;N07B;DROGAS USADAS EN TRASTORNOS ADICTIVOS;N07BC;DROGAS USADAS EN LA DEPENDENCIA A OPIOIDES;N07BC04;LOFEXIDINA
N;SISTEMA NERVIOSO;N07B;DROGAS USADAS EN TRASTORNOS ADICTIVOS;N07BC;DROGAS USADAS EN LA DEPENDENCIA A OPIOIDES;N07BC05;LEVOMETADONA
N;SISTEMA NERVIOSO;N07B;DROGAS USADAS EN TRASTORNOS ADICTIVOS;N07BC;DROGAS USADAS EN LA DEPENDENCIA A OPIOIDES;N07BC06;DIAMORFINA
N;SISTEMA NERVIOSO;N07B;DROGAS USADAS EN TRASTORNOS ADICTIVOS;N07BC;DROGAS USADAS EN LA DEPENDENCIA A OPIOIDES;N07BC51;BUPRENORFINA, COMBINACIONES
N;SISTEMA NERVIOSO;N07C;PREPARADOS CONTRA EL VÉRTIGO;N07CA;PREPARADOS CONTRA EL VÉRTIGO;N07CA01;BETAHISTINA
N;SISTEMA NERVIOSO;N07C;PREPARADOS CONTRA EL VÉRTIGO;N07CA;PREPARADOS CONTRA EL VÉRTIGO;N07CA02;CINARIZINA
N;SISTEMA NERVIOSO;N07C;PREPARADOS CONTRA EL VÉRTIGO;N07CA;PREPARADOS CONTRA EL VÉRTIGO;N07CA03;FLUNARIZINA
N;SISTEMA NERVIOSO;N07C;PREPARADOS CONTRA EL VÉRTIGO;N07CA;PREPARADOS CONTRA EL VÉRTIGO;N07CA04;ACETIL LEUCINA
N;SISTEMA NERVIOSO;N07C;PREPARADOS CONTRA EL VÉRTIGO;N07CA;PREPARADOS CONTRA EL VÉRTIGO;N07CA52;CINARIZINA, COMBINACIONES
N;SISTEMA NERVIOSO;N07X;OTRAS DROGAS QUE ACTÚAN SOBRE EL SISTEMA NERVIOSO;N07XX;OTRAS DROGAS QUE ACTÚAN SOBRE EL SISTEMA NERVIOSO;N07XX01;TIRILAZAD
N;SISTEMA NERVIOSO;N07X;OTRAS DROGAS QUE ACTÚAN SOBRE EL SISTEMA NERVIOSO;N07XX;OTRAS DROGAS QUE ACTÚAN SOBRE EL SISTEMA NERVIOSO;N07XX02;RILUZOL
N;SISTEMA NERVIOSO;N07X;OTRAS DROGAS QUE ACTÚAN SOBRE EL SISTEMA NERVIOSO;N07XX;OTRAS DROGAS QUE ACTÚAN SOBRE EL SISTEMA NERVIOSO;N07XX03;XALIPRODENO
N;SISTEMA NERVIOSO;N07X;OTRAS DROGAS QUE ACTÚAN SOBRE EL SISTEMA NERVIOSO;N07XX;OTRAS DROGAS QUE ACTÚAN SOBRE EL SISTEMA NERVIOSO;N07XX04;OXIBATO DE SODIO
N;SISTEMA NERVIOSO;N07X;OTRAS DROGAS QUE ACTÚAN SOBRE EL SISTEMA NERVIOSO;N07XX;OTRAS DROGAS QUE ACTÚAN SOBRE EL SISTEMA NERVIOSO;N07XX05;AMIFAMPRIDINA
N;SISTEMA NERVIOSO;N07X;OTRAS DROGAS QUE ACTÚAN SOBRE EL SISTEMA NERVIOSO;N07XX;OTRAS DROGAS QUE ACTÚAN SOBRE EL SISTEMA NERVIOSO;N07XX06;TETRABENAZINA
N;SISTEMA NERVIOSO;N07X;OTRAS DROGAS QUE ACTÚAN SOBRE EL SISTEMA NERVIOSO;N07XX;OTRAS DROGAS QUE ACTÚAN SOBRE EL SISTEMA NERVIOSO;N07XX07;FAMPRIDINA
N;SISTEMA NERVIOSO;N07X;OTRAS DROGAS QUE ACTÚAN SOBRE EL SISTEMA NERVIOSO;N07XX;OTRAS DROGAS QUE ACTÚAN SOBRE EL SISTEMA NERVIOSO;N07XX08;TAFAMIDIS
N;SISTEMA NERVIOSO;N07X;OTRAS DROGAS QUE ACTÚAN SOBRE EL SISTEMA NERVIOSO;N07XX;OTRAS DROGAS QUE ACTÚAN SOBRE EL SISTEMA NERVIOSO;N07XX09;DIMETILFUMARATO
N;SISTEMA NERVIOSO;N07X;OTRAS DROGAS QUE ACTÚAN SOBRE EL SISTEMA NERVIOSO;N07XX;OTRAS DROGAS QUE ACTÚAN SOBRE EL SISTEMA NERVIOSO;N07XX10;LAQUINIMOD
N;SISTEMA NERVIOSO;N07X;OTRAS DROGAS QUE ACTÚAN SOBRE EL SISTEMA NERVIOSO;N07XX;OTRAS DROGAS QUE ACTÚAN SOBRE EL SISTEMA NERVIOSO;N07XX59;DEXTROMETORFANO, COMBINACIONES
P;PRODUCTOS ANTIPARASITARIOS, INSECTICIDAS Y REPELENTES;P01A;AGENTES CONTRA LA AMEBIASIS Y OTRAS ENFERMEDADES POR PROTOZOARIOS;P01AA;DERIVADOS DE LA HIDROXIQUINOLINA;P01AA01;BROXIQUINOLINA
P;PRODUCTOS ANTIPARASITARIOS, INSECTICIDAS Y REPELENTES;P01A;AGENTES CONTRA LA AMEBIASIS Y OTRAS ENFERMEDADES POR PROTOZOARIOS;P01AA;DERIVADOS DE LA HIDROXIQUINOLINA;P01AA02;CLIOQUINOL
P;PRODUCTOS ANTIPARASITARIOS, INSECTICIDAS Y REPELENTES;P01A;AGENTES CONTRA LA AMEBIASIS Y OTRAS ENFERMEDADES POR PROTOZOARIOS;P01AA;DERIVADOS DE LA HIDROXIQUINOLINA;P01AA04;CLORQUINALDOL
P;PRODUCTOS ANTIPARASITARIOS, INSECTICIDAS Y REPELENTES;P01A;AGENTES CONTRA LA AMEBIASIS Y OTRAS ENFERMEDADES POR PROTOZOARIOS;P01AA;DERIVADOS DE LA HIDROXIQUINOLINA;P01AA05;TILBROQUINOL
P;PRODUCTOS ANTIPARASITARIOS, INSECTICIDAS Y REPELENTES;P01A;AGENTES CONTRA LA AMEBIASIS Y OTRAS ENFERMEDADES POR PROTOZOARIOS;P01AA;DERIVADOS DE LA HIDROXIQUINOLINA;P01AA52;CLIOQUINOL, COMBINACIONES
P;PRODUCTOS ANTIPARASITARIOS, INSECTICIDAS Y REPELENTES;P01A;AGENTES CONTRA LA AMEBIASIS Y OTRAS ENFERMEDADES POR PROTOZOARIOS;P01AB;DERIVADOS DEL NITROIMIDAZOL;P01AB01;METRONIDAZOL
P;PRODUCTOS ANTIPARASITARIOS, INSECTICIDAS Y REPELENTES;P01A;AGENTES CONTRA LA AMEBIASIS Y OTRAS ENFERMEDADES POR PROTOZOARIOS;P01AB;DERIVADOS DEL NITROIMIDAZOL;P01AB02;TINIDAZOL
P;PRODUCTOS ANTIPARASITARIOS, INSECTICIDAS Y REPELENTES;P01A;AGENTES CONTRA LA AMEBIASIS Y OTRAS ENFERMEDADES POR PROTOZOARIOS;P01AB;DERIVADOS DEL NITROIMIDAZOL;P01AB03;ORNIDAZOL
P;PRODUCTOS ANTIPARASITARIOS, INSECTICIDAS Y REPELENTES;P01A;AGENTES CONTRA LA AMEBIASIS Y OTRAS ENFERMEDADES POR PROTOZOARIOS;P01AB;DERIVADOS DEL NITROIMIDAZOL;P01AB04;AZANIDAZOL
P;PRODUCTOS ANTIPARASITARIOS, INSECTICIDAS Y REPELENTES;P01A;AGENTES CONTRA LA AMEBIASIS Y OTRAS ENFERMEDADES POR PROTOZOARIOS;P01AB;DERIVADOS DEL NITROIMIDAZOL;P01AB05;PROPENIDAZOL
P;PRODUCTOS ANTIPARASITARIOS, INSECTICIDAS Y REPELENTES;P01A;AGENTES CONTRA LA AMEBIASIS Y OTRAS ENFERMEDADES POR PROTOZOARIOS;P01AB;DERIVADOS DEL NITROIMIDAZOL;P01AB06;NIMORAZOL
P;PRODUCTOS ANTIPARASITARIOS, INSECTICIDAS Y REPELENTES;P01A;AGENTES CONTRA LA AMEBIASIS Y OTRAS ENFERMEDADES POR PROTOZOARIOS;P01AB;DERIVADOS DEL NITROIMIDAZOL;P01AB07;SECNIDAZOL
P;PRODUCTOS ANTIPARASITARIOS, INSECTICIDAS Y REPELENTES;P01A;AGENTES CONTRA LA AMEBIASIS Y OTRAS ENFERMEDADES POR PROTOZOARIOS;P01AC;DERIVADOS DE LA DICLOROACETAMIDA;P01AC01;DILOXANIDA
P;PRODUCTOS ANTIPARASITARIOS, INSECTICIDAS Y REPELENTES;P01A;AGENTES CONTRA LA AMEBIASIS Y OTRAS ENFERMEDADES POR PROTOZOARIOS;P01AC;DERIVADOS DE LA DICLOROACETAMIDA;P01AC02;CLEFAMIDA
P;PRODUCTOS ANTIPARASITARIOS, INSECTICIDAS Y REPELENTES;P01A;AGENTES CONTRA LA AMEBIASIS Y OTRAS ENFERMEDADES POR PROTOZOARIOS;P01AC;DERIVADOS DE LA DICLOROACETAMIDA;P01AC03;ETOFAMIDA
P;PRODUCTOS ANTIPARASITARIOS, INSECTICIDAS Y REPELENTES;P01A;AGENTES CONTRA LA AMEBIASIS Y OTRAS ENFERMEDADES POR PROTOZOARIOS;P01AC;DERIVADOS DE LA DICLOROACETAMIDA;P01AC04;TECLOZÁN
P;PRODUCTOS ANTIPARASITARIOS, INSECTICIDAS Y REPELENTES;P01A;AGENTES CONTRA LA AMEBIASIS Y OTRAS ENFERMEDADES POR PROTOZOARIOS;P01AR;COMPUESTOS DEL ARSÉNICO;P01AR01;ARSTINOL
P;PRODUCTOS ANTIPARASITARIOS, INSECTICIDAS Y REPELENTES;P01A;AGENTES CONTRA LA AMEBIASIS Y OTRAS ENFERMEDADES POR PROTOZOARIOS;P01AR;COMPUESTOS DEL ARSÉNICO;P01AR02;DIFETARSONA
P;PRODUCTOS ANTIPARASITARIOS, INSECTICIDAS Y REPELENTES;P01A;AGENTES CONTRA LA AMEBIASIS Y OTRAS ENFERMEDADES POR PROTOZOARIOS;P01AR;COMPUESTOS DEL ARSÉNICO;P01AR03;GLICOBIARSOL
P;PRODUCTOS ANTIPARASITARIOS, INSECTICIDAS Y REPELENTES;P01A;AGENTES CONTRA LA AMEBIASIS Y OTRAS ENFERMEDADES POR PROTOZOARIOS;P01AR;COMPUESTOS DEL ARSÉNICO;P01AR53;GLICOBIARSOL, COMBINACIONES
P;PRODUCTOS ANTIPARASITARIOS, INSECTICIDAS Y REPELENTES;P01A;AGENTES CONTRA LA AMEBIASIS Y OTRAS ENFERMEDADES POR PROTOZOARIOS;P01AX;OTROS AGENTES CONTRA LA AMEBIASIS Y OTRAS ENFERMEDADES POR PROTOZOARIOS;P01AX01;QUINIOFÓN
P;PRODUCTOS ANTIPARASITARIOS, INSECTICIDAS Y REPELENTES;P01A;AGENTES CONTRA LA AMEBIASIS Y OTRAS ENFERMEDADES POR PROTOZOARIOS;P01AX;OTROS AGENTES CONTRA LA AMEBIASIS Y OTRAS ENFERMEDADES POR PROTOZOARIOS;P01AX02;EMETINA
P;PRODUCTOS ANTIPARASITARIOS, INSECTICIDAS Y REPELENTES;P01A;AGENTES CONTRA LA AMEBIASIS Y OTRAS ENFERMEDADES POR PROTOZOARIOS;P01AX;OTROS AGENTES CONTRA LA AMEBIASIS Y OTRAS ENFERMEDADES POR PROTOZOARIOS;P01AX04;FANQUINONA
P;PRODUCTOS ANTIPARASITARIOS, INSECTICIDAS Y REPELENTES;P01A;AGENTES CONTRA LA AMEBIASIS Y OTRAS ENFERMEDADES POR PROTOZOARIOS;P01AX;OTROS AGENTES CONTRA LA AMEBIASIS Y OTRAS ENFERMEDADES POR PROTOZOARIOS;P01AX05;MEPACRINA
P;PRODUCTOS ANTIPARASITARIOS, INSECTICIDAS Y REPELENTES;P01A;AGENTES CONTRA LA AMEBIASIS Y OTRAS ENFERMEDADES POR PROTOZOARIOS;P01AX;OTROS AGENTES CONTRA LA AMEBIASIS Y OTRAS ENFERMEDADES POR PROTOZOARIOS;P01AX06;ATOVACUONA
P;PRODUCTOS ANTIPARASITARIOS, INSECTICIDAS Y REPELENTES;P01A;AGENTES CONTRA LA AMEBIASIS Y OTRAS ENFERMEDADES POR PROTOZOARIOS;P01AX;OTROS AGENTES CONTRA LA AMEBIASIS Y OTRAS ENFERMEDADES POR PROTOZOARIOS;P01AX07;TRIMETREXATO
P;PRODUCTOS ANTIPARASITARIOS, INSECTICIDAS Y REPELENTES;P01A;AGENTES CONTRA LA AMEBIASIS Y OTRAS ENFERMEDADES POR PROTOZOARIOS;P01AX;OTROS AGENTES CONTRA LA AMEBIASIS Y OTRAS ENFERMEDADES POR PROTOZOARIOS;P01AX08;TENONITROZOL
P;PRODUCTOS ANTIPARASITARIOS, INSECTICIDAS Y REPELENTES;P01A;AGENTES CONTRA LA AMEBIASIS Y OTRAS ENFERMEDADES POR PROTOZOARIOS;P01AX;OTROS AGENTES CONTRA LA AMEBIASIS Y OTRAS ENFERMEDADES POR PROTOZOARIOS;P01AX09;DIHIDROEMETINA
P;PRODUCTOS ANTIPARASITARIOS, INSECTICIDAS Y REPELENTES;P01A;AGENTES CONTRA LA AMEBIASIS Y OTRAS ENFERMEDADES POR PROTOZOARIOS;P01AX;OTROS AGENTES CONTRA LA AMEBIASIS Y OTRAS ENFERMEDADES POR PROTOZOARIOS;P01AX10;FUMAGILINA
P;PRODUCTOS ANTIPARASITARIOS, INSECTICIDAS Y REPELENTES;P01A;AGENTES CONTRA LA AMEBIASIS Y OTRAS ENFERMEDADES POR PROTOZOARIOS;P01AX;OTROS AGENTES CONTRA LA AMEBIASIS Y OTRAS ENFERMEDADES POR PROTOZOARIOS;P01AX11;NITAZOXANIDA
P;PRODUCTOS ANTIPARASITARIOS, INSECTICIDAS Y REPELENTES;P01A;AGENTES CONTRA LA AMEBIASIS Y OTRAS ENFERMEDADES POR PROTOZOARIOS;P01AX;OTROS AGENTES CONTRA LA AMEBIASIS Y OTRAS ENFERMEDADES POR PROTOZOARIOS;P01AX52;EMETINA, COMBINACIONES
P;PRODUCTOS ANTIPARASITARIOS, INSECTICIDAS Y REPELENTES;P01B;ANTIPALÚDICOS;P01BA;AMINOQUINOLINAS;P01BA01;CLOROQUINA
P;PRODUCTOS ANTIPARASITARIOS, INSECTICIDAS Y REPELENTES;P01B;ANTIPALÚDICOS;P01BA;AMINOQUINOLINAS;P01BA02;HIDROXICLOROQUINA
P;PRODUCTOS ANTIPARASITARIOS, INSECTICIDAS Y REPELENTES;P01B;ANTIPALÚDICOS;P01BA;AMINOQUINOLINAS;P01BA03;PRIMAQUINA
P;PRODUCTOS ANTIPARASITARIOS, INSECTICIDAS Y REPELENTES;P01B;ANTIPALÚDICOS;P01BA;AMINOQUINOLINAS;P01BA06;AMODIAQUINA
P;PRODUCTOS ANTIPARASITARIOS, INSECTICIDAS Y REPELENTES;P01B;ANTIPALÚDICOS;P01BB;BIGUANIDAS;P01BB01;PROGUANIL
P;PRODUCTOS ANTIPARASITARIOS, INSECTICIDAS Y REPELENTES;P01B;ANTIPALÚDICOS;P01BB;BIGUANIDAS;P01BB02;CICLOGUANIL EMBONATO
P;PRODUCTOS ANTIPARASITARIOS, INSECTICIDAS Y REPELENTES;P01B;ANTIPALÚDICOS;P01BB;BIGUANIDAS;P01BB51;PROGUANIL, COMBINACIONES
P;PRODUCTOS ANTIPARASITARIOS, INSECTICIDAS Y REPELENTES;P01B;ANTIPALÚDICOS;P01BC;METANOLQUINOLINAS;P01BC01;QUININA
P;PRODUCTOS ANTIPARASITARIOS, INSECTICIDAS Y REPELENTES;P01B;ANTIPALÚDICOS;P01BC;METANOLQUINOLINAS;P01BC02;MEFLOQUINA
P;PRODUCTOS ANTIPARASITARIOS, INSECTICIDAS Y REPELENTES;P01B;ANTIPALÚDICOS;P01BD;DIAMINOPIRIMIDINAS;P01BD01;PIRIMETAMINA
P;PRODUCTOS ANTIPARASITARIOS, INSECTICIDAS Y REPELENTES;P01B;ANTIPALÚDICOS;P01BD;DIAMINOPIRIMIDINAS;P01BD51;PIRIMETAMINA, COMBINACIONES
P;PRODUCTOS ANTIPARASITARIOS, INSECTICIDAS Y REPELENTES;P01B;ANTIPALÚDICOS;P01BE;ARTEMISININA Y DERIVADOS, MONOTERAPIA;P01BE01;ARTEMISININA
P;PRODUCTOS ANTIPARASITARIOS, INSECTICIDAS Y REPELENTES;P01B;ANTIPALÚDICOS;P01BE;ARTEMISININA Y DERIVADOS, MONOTERAPIA;P01BE02;ARTEMETERO
P;PRODUCTOS ANTIPARASITARIOS, INSECTICIDAS Y REPELENTES;P01B;ANTIPALÚDICOS;P01BE;ARTEMISININA Y DERIVADOS, MONOTERAPIA;P01BE03;ARTESUNATO
P;PRODUCTOS ANTIPARASITARIOS, INSECTICIDAS Y REPELENTES;P01B;ANTIPALÚDICOS;P01BE;ARTEMISININA Y DERIVADOS, MONOTERAPIA;P01BE04;ARTEMOTILO
P;PRODUCTOS ANTIPARASITARIOS, INSECTICIDAS Y REPELENTES;P01B;ANTIPALÚDICOS;P01BE;ARTEMISININA Y DERIVADOS, MONOTERAPIA;P01BE05;ARTENIMOL
P;PRODUCTOS ANTIPARASITARIOS, INSECTICIDAS Y REPELENTES;P01B;ANTIPALÚDICOS;P01BF;ARTEMISININA Y DERIVADOS, COMBINACIONES;P01BF01;ARTEMETERO Y LUMEFANTRINA
P;PRODUCTOS ANTIPARASITARIOS, INSECTICIDAS Y REPELENTES;P01B;ANTIPALÚDICOS;P01BF;ARTEMISININA Y DERIVADOS, COMBINACIONES;P01BF02;ARTESUNATO Y MEFLOQUINA
P;PRODUCTOS ANTIPARASITARIOS, INSECTICIDAS Y REPELENTES;P01B;ANTIPALÚDICOS;P01BF;ARTEMISININA Y DERIVADOS, COMBINACIONES;P01BF03;ARTESUNATO Y AMODIAQUINA
P;PRODUCTOS ANTIPARASITARIOS, INSECTICIDAS Y REPELENTES;P01B;ANTIPALÚDICOS;P01BF;ARTEMISININA Y DERIVADOS, COMBINACIONES;P01BF04;ARTESUNATO, SULFAMETOPIRAZINA Y PIRIMETAMINA
P;PRODUCTOS ANTIPARASITARIOS, INSECTICIDAS Y REPELENTES;P01B;ANTIPALÚDICOS;P01BF;ARTEMISININA Y DERIVADOS, COMBINACIONES;P01BF05;ARTENIMOL Y PIPERAQUINA
P;PRODUCTOS ANTIPARASITARIOS, INSECTICIDAS Y REPELENTES;P01B;ANTIPALÚDICOS;P01BF;ARTEMISININA Y DERIVADOS, COMBINACIONES;P01BF06;ARTESUNATO Y PIRONARIDINA
P;PRODUCTOS ANTIPARASITARIOS, INSECTICIDAS Y REPELENTES;P01B;ANTIPALÚDICOS;P01BX;OTROS ANTIPALÚDICOS;P01BX01;HALOFANTRINA
P;PRODUCTOS ANTIPARASITARIOS, INSECTICIDAS Y REPELENTES;P01C;AGENTES CONTRA LA LEISHMANIASIS Y OTRAS TRIPANOSOMIASIS;P01CA;DERIVADOS DEL NITROIMIDAZOL;P01CA02;BENZNIDAZOL
P;PRODUCTOS ANTIPARASITARIOS, INSECTICIDAS Y REPELENTES;P01C;AGENTES CONTRA LA LEISHMANIASIS Y OTRAS TRIPANOSOMIASIS;P01CB;COMPUESTOS ANTIMONIALES;P01CB01;MEGLUMINA, ANTIMONIATO DE
P;PRODUCTOS ANTIPARASITARIOS, INSECTICIDAS Y REPELENTES;P01C;AGENTES CONTRA LA LEISHMANIASIS Y OTRAS TRIPANOSOMIASIS;P01CB;COMPUESTOS ANTIMONIALES;P01CB02;ESTIBOGLUCONATO DE SODIO
P;PRODUCTOS ANTIPARASITARIOS, INSECTICIDAS Y REPELENTES;P01C;AGENTES CONTRA LA LEISHMANIASIS Y OTRAS TRIPANOSOMIASIS;P01CC;DERIVADOS DEL NITROFURANO;P01CC01;NIFURTIMOX
P;PRODUCTOS ANTIPARASITARIOS, INSECTICIDAS Y REPELENTES;P01C;AGENTES CONTRA LA LEISHMANIASIS Y OTRAS TRIPANOSOMIASIS;P01CC;DERIVADOS DEL NITROFURANO;P01CC02;NITROFURAL
P;PRODUCTOS ANTIPARASITARIOS, INSECTICIDAS Y REPELENTES;P01C;AGENTES CONTRA LA LEISHMANIASIS Y OTRAS TRIPANOSOMIASIS;P01CD;COMPUESTOS DEL ARSÉNICO;P01CD01;MELARSOPROL
P;PRODUCTOS ANTIPARASITARIOS, INSECTICIDAS Y REPELENTES;P01C;AGENTES CONTRA LA LEISHMANIASIS Y OTRAS TRIPANOSOMIASIS;P01CD;COMPUESTOS DEL ARSÉNICO;P01CD02;ACETARSOL
P;PRODUCTOS ANTIPARASITARIOS, INSECTICIDAS Y REPELENTES;P01C;AGENTES CONTRA LA LEISHMANIASIS Y OTRAS TRIPANOSOMIASIS;P01CX;OTROS AGENTES CONTRA LA LEISHMANIASIS Y TRIPANOSOMIASIS;P01CX01;PENTAMIDINA, ISETIONANTO DE
P;PRODUCTOS ANTIPARASITARIOS, INSECTICIDAS Y REPELENTES;P01C;AGENTES CONTRA LA LEISHMANIASIS Y OTRAS TRIPANOSOMIASIS;P01CX;OTROS AGENTES CONTRA LA LEISHMANIASIS Y TRIPANOSOMIASIS;P01CX02;SURAMINA SÓDICA
P;PRODUCTOS ANTIPARASITARIOS, INSECTICIDAS Y REPELENTES;P01C;AGENTES CONTRA LA LEISHMANIASIS Y OTRAS TRIPANOSOMIASIS;P01CX;OTROS AGENTES CONTRA LA LEISHMANIASIS Y TRIPANOSOMIASIS;P01CX03;EFLORNITINA
P;PRODUCTOS ANTIPARASITARIOS, INSECTICIDAS Y REPELENTES;P02B;ANTITREMÁTODOS;P02BA;DERIVADOS DE LA QUINOLINA Y SUSTANCIAS RELACIONADAS;P02BA01;PRAZICUANTEL
P;PRODUCTOS ANTIPARASITARIOS, INSECTICIDAS Y REPELENTES;P02B;ANTITREMÁTODOS;P02BA;DERIVADOS DE LA QUINOLINA Y SUSTANCIAS RELACIONADAS;P02BA02;OXAMNIQUINA
P;PRODUCTOS ANTIPARASITARIOS, INSECTICIDAS Y REPELENTES;P02B;ANTITREMÁTODOS;P02BB;COMPUESTOS ORGANOFOSFORADOS;P02BB01;METRIFONATO
P;PRODUCTOS ANTIPARASITARIOS, INSECTICIDAS Y REPELENTES;P02B;ANTITREMÁTODOS;P02BX;OTROS AGENTES ANTITREMÁTODOS;P02BX01;BITIONOL
P;PRODUCTOS ANTIPARASITARIOS, INSECTICIDAS Y REPELENTES;P02B;ANTITREMÁTODOS;P02BX;OTROS AGENTES ANTITREMÁTODOS;P02BX02;NIRIDAZOL
P;PRODUCTOS ANTIPARASITARIOS, INSECTICIDAS Y REPELENTES;P02B;ANTITREMÁTODOS;P02BX;OTROS AGENTES ANTITREMÁTODOS;P02BX03;ESTIBOFENO
P;PRODUCTOS ANTIPARASITARIOS, INSECTICIDAS Y REPELENTES;P02B;ANTITREMÁTODOS;P02BX;OTROS AGENTES ANTITREMÁTODOS;P02BX04;TRICLABENDAZOL
P;PRODUCTOS ANTIPARASITARIOS, INSECTICIDAS Y REPELENTES;P02C;ANTINEMÁTODOS;P02CA;DERIVADOS DEL BENZIMIDAZOL;P02CA01;MEBENDAZOL
P;PRODUCTOS ANTIPARASITARIOS, INSECTICIDAS Y REPELENTES;P02C;ANTINEMÁTODOS;P02CA;DERIVADOS DEL BENZIMIDAZOL;P02CA02;TIABENDAZOL
P;PRODUCTOS ANTIPARASITARIOS, INSECTICIDAS Y REPELENTES;P02C;ANTINEMÁTODOS;P02CA;DERIVADOS DEL BENZIMIDAZOL;P02CA03;ALBENDAZOL
P;PRODUCTOS ANTIPARASITARIOS, INSECTICIDAS Y REPELENTES;P02C;ANTINEMÁTODOS;P02CA;DERIVADOS DEL BENZIMIDAZOL;P02CA04;CICLOBENDAZOL
P;PRODUCTOS ANTIPARASITARIOS, INSECTICIDAS Y REPELENTES;P02C;ANTINEMÁTODOS;P02CA;DERIVADOS DEL BENZIMIDAZOL;P02CA05;FLUBENDAZOL
P;PRODUCTOS ANTIPARASITARIOS, INSECTICIDAS Y REPELENTES;P02C;ANTINEMÁTODOS;P02CA;DERIVADOS DEL BENZIMIDAZOL;P02CA06;FENBENDAZOL
P;PRODUCTOS ANTIPARASITARIOS, INSECTICIDAS Y REPELENTES;P02C;ANTINEMÁTODOS;P02CA;DERIVADOS DEL BENZIMIDAZOL;P02CA51;MEBENDAZOL, COMBINACIONES
P;PRODUCTOS ANTIPARASITARIOS, INSECTICIDAS Y REPELENTES;P02C;ANTINEMÁTODOS;P02CB;PIPERAZINA Y DERIVADOS;P02CB01;PIPERAZINA
P;PRODUCTOS ANTIPARASITARIOS, INSECTICIDAS Y REPELENTES;P02C;ANTINEMÁTODOS;P02CB;PIPERAZINA Y DERIVADOS;P02CB02;DIETILCARBAMAZINA
P;PRODUCTOS ANTIPARASITARIOS, INSECTICIDAS Y REPELENTES;P02C;ANTINEMÁTODOS;P02CC;DERIVADOS DE LA TETRAHIDROPIRIMIDINA;P02CC01;PIRANTEL
P;PRODUCTOS ANTIPARASITARIOS, INSECTICIDAS Y REPELENTES;P02C;ANTINEMÁTODOS;P02CC;DERIVADOS DE LA TETRAHIDROPIRIMIDINA;P02CC02;OXANTEL
P;PRODUCTOS ANTIPARASITARIOS, INSECTICIDAS Y REPELENTES;P02C;ANTINEMÁTODOS;P02CE;DERIVADOS DEL IMIDAZOTIAZOL;P02CE01;LEVAMISOL
P;PRODUCTOS ANTIPARASITARIOS, INSECTICIDAS Y REPELENTES;P02C;ANTINEMÁTODOS;P02CF;AVERMECTINAS;P02CF01;IVERMECTINA
P;PRODUCTOS ANTIPARASITARIOS, INSECTICIDAS Y REPELENTES;P02C;ANTINEMÁTODOS;P02CX;OTROS ANTINEMÁTODOS;P02CX01;PIRVINIO
P;PRODUCTOS ANTIPARASITARIOS, INSECTICIDAS Y REPELENTES;P02C;ANTINEMÁTODOS;P02CX;OTROS ANTINEMÁTODOS;P02CX02;BEFENIO
P;PRODUCTOS ANTIPARASITARIOS, INSECTICIDAS Y REPELENTES;P02D;ANTICÉSTODOS;P02DA;DERIVADOS DEL ÁCIDO SALICÍLICO;P02DA01;NICLOSAMIDA
P;PRODUCTOS ANTIPARASITARIOS, INSECTICIDAS Y REPELENTES;P02D;ANTICÉSTODOS;P02DX;OTROS ANTICÉSTODOS;P02DX01;DESASPIDINA
P;PRODUCTOS ANTIPARASITARIOS, INSECTICIDAS Y REPELENTES;P02D;ANTICÉSTODOS;P02DX;OTROS ANTICÉSTODOS;P02DX02;DICLOROFENO
P;PRODUCTOS ANTIPARASITARIOS, INSECTICIDAS Y REPELENTES;P03A;ECTOPARASITICIDAS, INCL. ESCABICIDAS;P03AA;PRODUCTOS QUE CONTIENEN AZUFRE;P03AA01;DIXANTOGENO
P;PRODUCTOS ANTIPARASITARIOS, INSECTICIDAS Y REPELENTES;P03A;ECTOPARASITICIDAS, INCL. ESCABICIDAS;P03AA;PRODUCTOS QUE CONTIENEN AZUFRE;P03AA02;POLISULFATO DE POTASIO
P;PRODUCTOS ANTIPARASITARIOS, INSECTICIDAS Y REPELENTES;P03A;ECTOPARASITICIDAS, INCL. ESCABICIDAS;P03AA;PRODUCTOS QUE CONTIENEN AZUFRE;P03AA03;MESULFENO
P;PRODUCTOS ANTIPARASITARIOS, INSECTICIDAS Y REPELENTES;P03A;ECTOPARASITICIDAS, INCL. ESCABICIDAS;P03AA;PRODUCTOS QUE CONTIENEN AZUFRE;P03AA04;DISULFIRAM
P;PRODUCTOS ANTIPARASITARIOS, INSECTICIDAS Y REPELENTES;P03A;ECTOPARASITICIDAS, INCL. ESCABICIDAS;P03AA;PRODUCTOS QUE CONTIENEN AZUFRE;P03AA05;TIRAM
P;PRODUCTOS ANTIPARASITARIOS, INSECTICIDAS Y REPELENTES;P03A;ECTOPARASITICIDAS, INCL. ESCABICIDAS;P03AA;PRODUCTOS QUE CONTIENEN AZUFRE;P03AA54;DISULFIRAM, COMBINACIONES CON
P;PRODUCTOS ANTIPARASITARIOS, INSECTICIDAS Y REPELENTES;P03A;ECTOPARASITICIDAS, INCL. ESCABICIDAS;P03AB;PRODUCTOS QUE CONTIENEN  CLORO;P03AB01;CLOFENOTANO
P;PRODUCTOS ANTIPARASITARIOS, INSECTICIDAS Y REPELENTES;P03A;ECTOPARASITICIDAS, INCL. ESCABICIDAS;P03AB;PRODUCTOS QUE CONTIENEN  CLORO;P03AB02;LINDANO
P;PRODUCTOS ANTIPARASITARIOS, INSECTICIDAS Y REPELENTES;P03A;ECTOPARASITICIDAS, INCL. ESCABICIDAS;P03AB;PRODUCTOS QUE CONTIENEN  CLORO;P03AB51;CLOFENOTANO, COMBINACIONES
P;PRODUCTOS ANTIPARASITARIOS, INSECTICIDAS Y REPELENTES;P03A;ECTOPARASITICIDAS, INCL. ESCABICIDAS;P03AC;PIRETRINAS, INCL.  COMPUESTOS SINTÉTICOS;P03AC01;PIRETRO
P;PRODUCTOS ANTIPARASITARIOS, INSECTICIDAS Y REPELENTES;P03A;ECTOPARASITICIDAS, INCL. ESCABICIDAS;P03AC;PIRETRINAS, INCL.  COMPUESTOS SINTÉTICOS;P03AC02;BIOALETRINA
P;PRODUCTOS ANTIPARASITARIOS, INSECTICIDAS Y REPELENTES;P03A;ECTOPARASITICIDAS, INCL. ESCABICIDAS;P03AC;PIRETRINAS, INCL.  COMPUESTOS SINTÉTICOS;P03AC03;FENOTRINA
P;PRODUCTOS ANTIPARASITARIOS, INSECTICIDAS Y REPELENTES;P03A;ECTOPARASITICIDAS, INCL. ESCABICIDAS;P03AC;PIRETRINAS, INCL.  COMPUESTOS SINTÉTICOS;P03AC04;PERMETRINA
P;PRODUCTOS ANTIPARASITARIOS, INSECTICIDAS Y REPELENTES;P03A;ECTOPARASITICIDAS, INCL. ESCABICIDAS;P03AC;PIRETRINAS, INCL.  COMPUESTOS SINTÉTICOS;P03AC51;PIRETRO, COMBINACIONES
P;PRODUCTOS ANTIPARASITARIOS, INSECTICIDAS Y REPELENTES;P03A;ECTOPARASITICIDAS, INCL. ESCABICIDAS;P03AC;PIRETRINAS, INCL.  COMPUESTOS SINTÉTICOS;P03AC52;BIOALETRINA, COMBINACIONES
P;PRODUCTOS ANTIPARASITARIOS, INSECTICIDAS Y REPELENTES;P03A;ECTOPARASITICIDAS, INCL. ESCABICIDAS;P03AC;PIRETRINAS, INCL.  COMPUESTOS SINTÉTICOS;P03AC53;FENOTRINA, COMBINACIONES
P;PRODUCTOS ANTIPARASITARIOS, INSECTICIDAS Y REPELENTES;P03A;ECTOPARASITICIDAS, INCL. ESCABICIDAS;P03AC;PIRETRINAS, INCL.  COMPUESTOS SINTÉTICOS;P03AC54;PERMETRINA, COMBINACIONES
P;PRODUCTOS ANTIPARASITARIOS, INSECTICIDAS Y REPELENTES;P03A;ECTOPARASITICIDAS, INCL. ESCABICIDAS;P03AX;OTROS ECTOPARASITICIDAS, INCL. ESCABICIDAS;P03AX01;BENZOATO DE BENCILO
P;PRODUCTOS ANTIPARASITARIOS, INSECTICIDAS Y REPELENTES;P03A;ECTOPARASITICIDAS, INCL. ESCABICIDAS;P03AX;OTROS ECTOPARASITICIDAS, INCL. ESCABICIDAS;P03AX02;OLEINATO DE COBRE
P;PRODUCTOS ANTIPARASITARIOS, INSECTICIDAS Y REPELENTES;P03A;ECTOPARASITICIDAS, INCL. ESCABICIDAS;P03AX;OTROS ECTOPARASITICIDAS, INCL. ESCABICIDAS;P03AX03;MALATIÓN
P;PRODUCTOS ANTIPARASITARIOS, INSECTICIDAS Y REPELENTES;P03A;ECTOPARASITICIDAS, INCL. ESCABICIDAS;P03AX;OTROS ECTOPARASITICIDAS, INCL. ESCABICIDAS;P03AX04;CUASIA
P;PRODUCTOS ANTIPARASITARIOS, INSECTICIDAS Y REPELENTES;P03A;ECTOPARASITICIDAS, INCL. ESCABICIDAS;P03AX;OTROS ECTOPARASITICIDAS, INCL. ESCABICIDAS;P03AX05;DIMETICONA
P;PRODUCTOS ANTIPARASITARIOS, INSECTICIDAS Y REPELENTES;P03B;INSECTICIDAS Y REPELENTES;P03BA;PIRETRINAS;P03BA01;CIFLUTRINA
P;PRODUCTOS ANTIPARASITARIOS, INSECTICIDAS Y REPELENTES;P03B;INSECTICIDAS Y REPELENTES;P03BA;PIRETRINAS;P03BA02;CIPERMETRINA
P;PRODUCTOS ANTIPARASITARIOS, INSECTICIDAS Y REPELENTES;P03B;INSECTICIDAS Y REPELENTES;P03BA;PIRETRINAS;P03BA03;DECAMETRINA
P;PRODUCTOS ANTIPARASITARIOS, INSECTICIDAS Y REPELENTES;P03B;INSECTICIDAS Y REPELENTES;P03BA;PIRETRINAS;P03BA04;TETRAMETRINA
P;PRODUCTOS ANTIPARASITARIOS, INSECTICIDAS Y REPELENTES;P03B;INSECTICIDAS Y REPELENTES;P03BX;OTROS INSECTICIDAS Y REPELENTES;P03BX01;DIETILTOLUAMIDA
P;PRODUCTOS ANTIPARASITARIOS, INSECTICIDAS Y REPELENTES;P03B;INSECTICIDAS Y REPELENTES;P03BX;OTROS INSECTICIDAS Y REPELENTES;P03BX02;DIMETILFTALATO
P;PRODUCTOS ANTIPARASITARIOS, INSECTICIDAS Y REPELENTES;P03B;INSECTICIDAS Y REPELENTES;P03BX;OTROS INSECTICIDAS Y REPELENTES;P03BX03;DIBUTILFTALATO
P;PRODUCTOS ANTIPARASITARIOS, INSECTICIDAS Y REPELENTES;P03B;INSECTICIDAS Y REPELENTES;P03BX;OTROS INSECTICIDAS Y REPELENTES;P03BX04;DIBUTILSUCCINATO
P;PRODUCTOS ANTIPARASITARIOS, INSECTICIDAS Y REPELENTES;P03B;INSECTICIDAS Y REPELENTES;P03BX;OTROS INSECTICIDAS Y REPELENTES;P03BX05;DIMETILCARBATO
P;PRODUCTOS ANTIPARASITARIOS, INSECTICIDAS Y REPELENTES;P03B;INSECTICIDAS Y REPELENTES;P03BX;OTROS INSECTICIDAS Y REPELENTES;P03BX06;ETOHEXADIOL
R;SISTEMA RESPIRATORIO;R01A;DESCONGESTIVOS Y OTROS PREPARADOS NASALES PARA USO TÓPICO;R01AA;SIMPATICOMIMÉTICOS, MONOTERAPIA;R01AA02;CICLOPENTAMINA
R;SISTEMA RESPIRATORIO;R01A;DESCONGESTIVOS Y OTROS PREPARADOS NASALES PARA USO TÓPICO;R01AA;SIMPATICOMIMÉTICOS, MONOTERAPIA;R01AA03;EFEDRINA
R;SISTEMA RESPIRATORIO;R01A;DESCONGESTIVOS Y OTROS PREPARADOS NASALES PARA USO TÓPICO;R01AA;SIMPATICOMIMÉTICOS, MONOTERAPIA;R01AA04;FENILEFRINA
R;SISTEMA RESPIRATORIO;R01A;DESCONGESTIVOS Y OTROS PREPARADOS NASALES PARA USO TÓPICO;R01AA;SIMPATICOMIMÉTICOS, MONOTERAPIA;R01AA05;OXIMETAZOLINA
R;SISTEMA RESPIRATORIO;R01A;DESCONGESTIVOS Y OTROS PREPARADOS NASALES PARA USO TÓPICO;R01AA;SIMPATICOMIMÉTICOS, MONOTERAPIA;R01AA06;TETRIZOLINA
R;SISTEMA RESPIRATORIO;R01A;DESCONGESTIVOS Y OTROS PREPARADOS NASALES PARA USO TÓPICO;R01AA;SIMPATICOMIMÉTICOS, MONOTERAPIA;R01AA07;XILOMETAZOLINA
R;SISTEMA RESPIRATORIO;R01A;DESCONGESTIVOS Y OTROS PREPARADOS NASALES PARA USO TÓPICO;R01AA;SIMPATICOMIMÉTICOS, MONOTERAPIA;R01AA08;NAFAZOLINA
R;SISTEMA RESPIRATORIO;R01A;DESCONGESTIVOS Y OTROS PREPARADOS NASALES PARA USO TÓPICO;R01AA;SIMPATICOMIMÉTICOS, MONOTERAPIA;R01AA09;TRAMAZOLINA
R;SISTEMA RESPIRATORIO;R01A;DESCONGESTIVOS Y OTROS PREPARADOS NASALES PARA USO TÓPICO;R01AA;SIMPATICOMIMÉTICOS, MONOTERAPIA;R01AA10;METIZOLINA
R;SISTEMA RESPIRATORIO;R01A;DESCONGESTIVOS Y OTROS PREPARADOS NASALES PARA USO TÓPICO;R01AA;SIMPATICOMIMÉTICOS, MONOTERAPIA;R01AA11;TUAMINOHEPTANO
R;SISTEMA RESPIRATORIO;R01A;DESCONGESTIVOS Y OTROS PREPARADOS NASALES PARA USO TÓPICO;R01AA;SIMPATICOMIMÉTICOS, MONOTERAPIA;R01AA12;FENOXAZOLINA
R;SISTEMA RESPIRATORIO;R01A;DESCONGESTIVOS Y OTROS PREPARADOS NASALES PARA USO TÓPICO;R01AA;SIMPATICOMIMÉTICOS, MONOTERAPIA;R01AA13;TIMAZOLINA
R;SISTEMA RESPIRATORIO;R01A;DESCONGESTIVOS Y OTROS PREPARADOS NASALES PARA USO TÓPICO;R01AA;SIMPATICOMIMÉTICOS, MONOTERAPIA;R01AA14;EPINEFRINA
R;SISTEMA RESPIRATORIO;R01A;DESCONGESTIVOS Y OTROS PREPARADOS NASALES PARA USO TÓPICO;R01AB;SIMPATICOMIMÉTICOS, COMBINACIONES EXCLUIDOS CORTICOSTEROIDES;R01AB01;FENILEFRINA
R;SISTEMA RESPIRATORIO;R01A;DESCONGESTIVOS Y OTROS PREPARADOS NASALES PARA USO TÓPICO;R01AB;SIMPATICOMIMÉTICOS, COMBINACIONES EXCLUIDOS CORTICOSTEROIDES;R01AB02;NAFAZOLINA
R;SISTEMA RESPIRATORIO;R01A;DESCONGESTIVOS Y OTROS PREPARADOS NASALES PARA USO TÓPICO;R01AB;SIMPATICOMIMÉTICOS, COMBINACIONES EXCLUIDOS CORTICOSTEROIDES;R01AB03;TETRIZOLINA
R;SISTEMA RESPIRATORIO;R01A;DESCONGESTIVOS Y OTROS PREPARADOS NASALES PARA USO TÓPICO;R01AB;SIMPATICOMIMÉTICOS, COMBINACIONES EXCLUIDOS CORTICOSTEROIDES;R01AB05;EFEDRINA
R;SISTEMA RESPIRATORIO;R01A;DESCONGESTIVOS Y OTROS PREPARADOS NASALES PARA USO TÓPICO;R01AB;SIMPATICOMIMÉTICOS, COMBINACIONES EXCLUIDOS CORTICOSTEROIDES;R01AB06;XILOMETAZOLINA
R;SISTEMA RESPIRATORIO;R01A;DESCONGESTIVOS Y OTROS PREPARADOS NASALES PARA USO TÓPICO;R01AB;SIMPATICOMIMÉTICOS, COMBINACIONES EXCLUIDOS CORTICOSTEROIDES;R01AB07;OXIMETAZOLINA
R;SISTEMA RESPIRATORIO;R01A;DESCONGESTIVOS Y OTROS PREPARADOS NASALES PARA USO TÓPICO;R01AB;SIMPATICOMIMÉTICOS, COMBINACIONES EXCLUIDOS CORTICOSTEROIDES;R01AB08;TUAMINOHEPTANO
R;SISTEMA RESPIRATORIO;R01A;DESCONGESTIVOS Y OTROS PREPARADOS NASALES PARA USO TÓPICO;R01AC;AGENTES ANTIALÉRGICOS, EXCLUIDOS CORTICOSTEROIDES;R01AC01;ÁCIDO CROMOGLÍCICO
R;SISTEMA RESPIRATORIO;R01A;DESCONGESTIVOS Y OTROS PREPARADOS NASALES PARA USO TÓPICO;R01AC;AGENTES ANTIALÉRGICOS, EXCLUIDOS CORTICOSTEROIDES;R01AC02;LEVOCABASTINA
R;SISTEMA RESPIRATORIO;R01A;DESCONGESTIVOS Y OTROS PREPARADOS NASALES PARA USO TÓPICO;R01AC;AGENTES ANTIALÉRGICOS, EXCLUIDOS CORTICOSTEROIDES;R01AC03;AZELASTINA
R;SISTEMA RESPIRATORIO;R01A;DESCONGESTIVOS Y OTROS PREPARADOS NASALES PARA USO TÓPICO;R01AC;AGENTES ANTIALÉRGICOS, EXCLUIDOS CORTICOSTEROIDES;R01AC04;ANTAZOLINA
R;SISTEMA RESPIRATORIO;R01A;DESCONGESTIVOS Y OTROS PREPARADOS NASALES PARA USO TÓPICO;R01AC;AGENTES ANTIALÉRGICOS, EXCLUIDOS CORTICOSTEROIDES;R01AC05;ÁCIDO ESPAGLÚMICO
R;SISTEMA RESPIRATORIO;R01A;DESCONGESTIVOS Y OTROS PREPARADOS NASALES PARA USO TÓPICO;R01AC;AGENTES ANTIALÉRGICOS, EXCLUIDOS CORTICOSTEROIDES;R01AC06;TONZILAMINA
R;SISTEMA RESPIRATORIO;R01A;DESCONGESTIVOS Y OTROS PREPARADOS NASALES PARA USO TÓPICO;R01AC;AGENTES ANTIALÉRGICOS, EXCLUIDOS CORTICOSTEROIDES;R01AC07;NEDOCROMIL
R;SISTEMA RESPIRATORIO;R01A;DESCONGESTIVOS Y OTROS PREPARADOS NASALES PARA USO TÓPICO;R01AC;AGENTES ANTIALÉRGICOS, EXCLUIDOS CORTICOSTEROIDES;R01AC08;OLOPATADINA
R;SISTEMA RESPIRATORIO;R01A;DESCONGESTIVOS Y OTROS PREPARADOS NASALES PARA USO TÓPICO;R01AC;AGENTES ANTIALÉRGICOS, EXCLUIDOS CORTICOSTEROIDES;R01AC51;ÁCIDO CROMOGLÍCICO, COMBINACIONES
R;SISTEMA RESPIRATORIO;R01A;DESCONGESTIVOS Y OTROS PREPARADOS NASALES PARA USO TÓPICO;R01AD;CORTICOSTEROIDES;R01AD01;BECLOMETASONA
R;SISTEMA RESPIRATORIO;R01A;DESCONGESTIVOS Y OTROS PREPARADOS NASALES PARA USO TÓPICO;R01AD;CORTICOSTEROIDES;R01AD02;PREDNISOLONA
R;SISTEMA RESPIRATORIO;R01A;DESCONGESTIVOS Y OTROS PREPARADOS NASALES PARA USO TÓPICO;R01AD;CORTICOSTEROIDES;R01AD03;DEXAMETASONA
R;SISTEMA RESPIRATORIO;R01A;DESCONGESTIVOS Y OTROS PREPARADOS NASALES PARA USO TÓPICO;R01AD;CORTICOSTEROIDES;R01AD04;FLUNISOLIDA
R;SISTEMA RESPIRATORIO;R01A;DESCONGESTIVOS Y OTROS PREPARADOS NASALES PARA USO TÓPICO;R01AD;CORTICOSTEROIDES;R01AD05;BUDESONIDA
R;SISTEMA RESPIRATORIO;R01A;DESCONGESTIVOS Y OTROS PREPARADOS NASALES PARA USO TÓPICO;R01AD;CORTICOSTEROIDES;R01AD06;BETAMETASONA
R;SISTEMA RESPIRATORIO;R01A;DESCONGESTIVOS Y OTROS PREPARADOS NASALES PARA USO TÓPICO;R01AD;CORTICOSTEROIDES;R01AD07;TIXOCORTOL
R;SISTEMA RESPIRATORIO;R01A;DESCONGESTIVOS Y OTROS PREPARADOS NASALES PARA USO TÓPICO;R01AD;CORTICOSTEROIDES;R01AD08;FLUTICASONA
R;SISTEMA RESPIRATORIO;R01A;DESCONGESTIVOS Y OTROS PREPARADOS NASALES PARA USO TÓPICO;R01AD;CORTICOSTEROIDES;R01AD09;MOMETASONA
R;SISTEMA RESPIRATORIO;R01A;DESCONGESTIVOS Y OTROS PREPARADOS NASALES PARA USO TÓPICO;R01AD;CORTICOSTEROIDES;R01AD11;TRIAMCINOLONA
R;SISTEMA RESPIRATORIO;R01A;DESCONGESTIVOS Y OTROS PREPARADOS NASALES PARA USO TÓPICO;R01AD;CORTICOSTEROIDES;R01AD12;FUROATO DE FLUTICASONA
R;SISTEMA RESPIRATORIO;R01A;DESCONGESTIVOS Y OTROS PREPARADOS NASALES PARA USO TÓPICO;R01AD;CORTICOSTEROIDES;R01AD13;CICLESONIDA
R;SISTEMA RESPIRATORIO;R01A;DESCONGESTIVOS Y OTROS PREPARADOS NASALES PARA USO TÓPICO;R01AD;CORTICOSTEROIDES;R01AD52;PREDNISOLONA, COMBINACIONES
R;SISTEMA RESPIRATORIO;R01A;DESCONGESTIVOS Y OTROS PREPARADOS NASALES PARA USO TÓPICO;R01AD;CORTICOSTEROIDES;R01AD53;DEXAMETASONA, COMBINACIONES
R;SISTEMA RESPIRATORIO;R01A;DESCONGESTIVOS Y OTROS PREPARADOS NASALES PARA USO TÓPICO;R01AD;CORTICOSTEROIDES;R01AD57;TIXOCORTOL, COMBINACIONES
R;SISTEMA RESPIRATORIO;R01A;DESCONGESTIVOS Y OTROS PREPARADOS NASALES PARA USO TÓPICO;R01AD;CORTICOSTEROIDES;R01AD58;FLUTICASONE, COMBINACIONES
R;SISTEMA RESPIRATORIO;R01A;DESCONGESTIVOS Y OTROS PREPARADOS NASALES PARA USO TÓPICO;R01AD;CORTICOSTEROIDES;R01AD60;HIDROCORTISONA, COMBINACIONES
R;SISTEMA RESPIRATORIO;R01A;DESCONGESTIVOS Y OTROS PREPARADOS NASALES PARA USO TÓPICO;R01AX;OTROS PREPARADOS NASALES;R01AX01;TIOCIANATO DE HEXAMIDA Y CALCIO
R;SISTEMA RESPIRATORIO;R01A;DESCONGESTIVOS Y OTROS PREPARADOS NASALES PARA USO TÓPICO;R01AX;OTROS PREPARADOS NASALES;R01AX02;RETINOL
R;SISTEMA RESPIRATORIO;R01A;DESCONGESTIVOS Y OTROS PREPARADOS NASALES PARA USO TÓPICO;R01AX;OTROS PREPARADOS NASALES;R01AX03;IPRATROPIO, BROMURO DE
R;SISTEMA RESPIRATORIO;R01A;DESCONGESTIVOS Y OTROS PREPARADOS NASALES PARA USO TÓPICO;R01AX;OTROS PREPARADOS NASALES;R01AX05;RITIOMETÁN
R;SISTEMA RESPIRATORIO;R01A;DESCONGESTIVOS Y OTROS PREPARADOS NASALES PARA USO TÓPICO;R01AX;OTROS PREPARADOS NASALES;R01AX06;MUPIROCINA
R;SISTEMA RESPIRATORIO;R01A;DESCONGESTIVOS Y OTROS PREPARADOS NASALES PARA USO TÓPICO;R01AX;OTROS PREPARADOS NASALES;R01AX07;HEXAMIDINA
R;SISTEMA RESPIRATORIO;R01A;DESCONGESTIVOS Y OTROS PREPARADOS NASALES PARA USO TÓPICO;R01AX;OTROS PREPARADOS NASALES;R01AX08;FRAMICETINA
R;SISTEMA RESPIRATORIO;R01A;DESCONGESTIVOS Y OTROS PREPARADOS NASALES PARA USO TÓPICO;R01AX;OTROS PREPARADOS NASALES;R01AX09;ÁCIDO HIALURÓNICO
R;SISTEMA RESPIRATORIO;R01A;DESCONGESTIVOS Y OTROS PREPARADOS NASALES PARA USO TÓPICO;R01AX;OTROS PREPARADOS NASALES;R01AX10;VARIOS
R;SISTEMA RESPIRATORIO;R01A;DESCONGESTIVOS Y OTROS PREPARADOS NASALES PARA USO TÓPICO;R01AX;OTROS PREPARADOS NASALES;R01AX30;COMBINACIONES
R;SISTEMA RESPIRATORIO;R01B;DESCONGESTIVOS NASALES PARA USO SISTÉMICO;R01BA;SIMPATICOMIMÉTICOS;R01BA01;FENILPROPANOLAMINA
R;SISTEMA RESPIRATORIO;R01B;DESCONGESTIVOS NASALES PARA USO SISTÉMICO;R01BA;SIMPATICOMIMÉTICOS;R01BA02;PSEUDOEFEDRINA
R;SISTEMA RESPIRATORIO;R01B;DESCONGESTIVOS NASALES PARA USO SISTÉMICO;R01BA;SIMPATICOMIMÉTICOS;R01BA03;FENILEFRINA
R;SISTEMA RESPIRATORIO;R01B;DESCONGESTIVOS NASALES PARA USO SISTÉMICO;R01BA;SIMPATICOMIMÉTICOS;R01BA51;FENILPROPANOLAMINA, COMBINACIONES
R;SISTEMA RESPIRATORIO;R01B;DESCONGESTIVOS NASALES PARA USO SISTÉMICO;R01BA;SIMPATICOMIMÉTICOS;R01BA52;PSEUDOEFEDRINA, COMBINACIONES
R;SISTEMA RESPIRATORIO;R01B;DESCONGESTIVOS NASALES PARA USO SISTÉMICO;R01BA;SIMPATICOMIMÉTICOS;R01BA53;FENILEFRINA, COMBINACIONES
R;SISTEMA RESPIRATORIO;R02A;PREPARADOS PARA LA GARGANTA;R02AA;ANTISÉPTICOS;R02AA01;AMBAZONA
R;SISTEMA RESPIRATORIO;R02A;PREPARADOS PARA LA GARGANTA;R02AA;ANTISÉPTICOS;R02AA02;DECUALINIO
R;SISTEMA RESPIRATORIO;R02A;PREPARADOS PARA LA GARGANTA;R02AA;ANTISÉPTICOS;R02AA03;DICLOROBENCIL ALCOHOL
R;SISTEMA RESPIRATORIO;R02A;PREPARADOS PARA LA GARGANTA;R02AA;ANTISÉPTICOS;R02AA05;CLORHEXIDINA
R;SISTEMA RESPIRATORIO;R02A;PREPARADOS PARA LA GARGANTA;R02AA;ANTISÉPTICOS;R02AA06;CETILPIRIDINIO
R;SISTEMA RESPIRATORIO;R02A;PREPARADOS PARA LA GARGANTA;R02AA;ANTISÉPTICOS;R02AA09;BENCETONIO
R;SISTEMA RESPIRATORIO;R02A;PREPARADOS PARA LA GARGANTA;R02AA;ANTISÉPTICOS;R02AA10;MIRISTILATO DE BENZALCONIO
R;SISTEMA RESPIRATORIO;R02A;PREPARADOS PARA LA GARGANTA;R02AA;ANTISÉPTICOS;R02AA11;CLORQUINALDOL
R;SISTEMA RESPIRATORIO;R02A;PREPARADOS PARA LA GARGANTA;R02AA;ANTISÉPTICOS;R02AA12;HEXILRESORCINOL
R;SISTEMA RESPIRATORIO;R02A;PREPARADOS PARA LA GARGANTA;R02AA;ANTISÉPTICOS;R02AA13;ACRIFLAVINIO, CLORURO DE
R;SISTEMA RESPIRATORIO;R02A;PREPARADOS PARA LA GARGANTA;R02AA;ANTISÉPTICOS;R02AA14;OXIQUINOLINA
R;SISTEMA RESPIRATORIO;R02A;PREPARADOS PARA LA GARGANTA;R02AA;ANTISÉPTICOS;R02AA15;IODO POVIDONA
R;SISTEMA RESPIRATORIO;R02A;PREPARADOS PARA LA GARGANTA;R02AA;ANTISÉPTICOS;R02AA16;BENZALCONIO
R;SISTEMA RESPIRATORIO;R02A;PREPARADOS PARA LA GARGANTA;R02AA;ANTISÉPTICOS;R02AA17;CETRIMONIO
R;SISTEMA RESPIRATORIO;R02A;PREPARADOS PARA LA GARGANTA;R02AA;ANTISÉPTICOS;R02AA18;HEXAMIDINA
R;SISTEMA RESPIRATORIO;R02A;PREPARADOS PARA LA GARGANTA;R02AA;ANTISÉPTICOS;R02AA19;FENOL
R;SISTEMA RESPIRATORIO;R02A;PREPARADOS PARA LA GARGANTA;R02AA;ANTISÉPTICOS;R02AA20;VARIOS
R;SISTEMA RESPIRATORIO;R02A;PREPARADOS PARA LA GARGANTA;R02AB;ANTIBIÓTICOS;R02AB01;NEOMICINA
R;SISTEMA RESPIRATORIO;R02A;PREPARADOS PARA LA GARGANTA;R02AB;ANTIBIÓTICOS;R02AB02;TIROTRICINA
R;SISTEMA RESPIRATORIO;R02A;PREPARADOS PARA LA GARGANTA;R02AB;ANTIBIÓTICOS;R02AB03;FUSAFUNGINA
R;SISTEMA RESPIRATORIO;R02A;PREPARADOS PARA LA GARGANTA;R02AB;ANTIBIÓTICOS;R02AB04;BACITRACINA
R;SISTEMA RESPIRATORIO;R02A;PREPARADOS PARA LA GARGANTA;R02AB;ANTIBIÓTICOS;R02AB30;GRAMICIDINA
R;SISTEMA RESPIRATORIO;R02A;PREPARADOS PARA LA GARGANTA;R02AD;ANESTÉSICOS LOCALES;R02AD01;BENZOCAÍNA
R;SISTEMA RESPIRATORIO;R02A;PREPARADOS PARA LA GARGANTA;R02AD;ANESTÉSICOS LOCALES;R02AD02;LIDOCAÍNA
R;SISTEMA RESPIRATORIO;R02A;PREPARADOS PARA LA GARGANTA;R02AD;ANESTÉSICOS LOCALES;R02AD03;COCAÍNA
R;SISTEMA RESPIRATORIO;R02A;PREPARADOS PARA LA GARGANTA;R02AD;ANESTÉSICOS LOCALES;R02AD04;DICLONINA
R;SISTEMA RESPIRATORIO;R02A;PREPARADOS PARA LA GARGANTA;R02AX;OTRAS PREPARACIONES PARA LA GARGANTA;R02AX01;FLURBIPROFENO
R;SISTEMA RESPIRATORIO;R03A;ADRENÉRGICOS, INHALATORIOS;R03AA;AGONISTAS DE RECEPTORES ADRENÉRGICOS ALFA Y BETA;R03AA01;EPINEFRINA
R;SISTEMA RESPIRATORIO;R03A;ADRENÉRGICOS, INHALATORIOS;R03AB;AGONISTAS DE RECEPTORES BETA-ADRENÉRGICOS NO SELECTIVOS;R03AB02;ISOPRENALINA
R;SISTEMA RESPIRATORIO;R03A;ADRENÉRGICOS, INHALATORIOS;R03AB;AGONISTAS DE RECEPTORES BETA-ADRENÉRGICOS NO SELECTIVOS;R03AB03;ORCIPRENALINA
R;SISTEMA RESPIRATORIO;R03A;ADRENÉRGICOS, INHALATORIOS;R03AC;AGONISTAS SELECTIVOS DE RECEPTORES BETA-2 ADRENÉRGICOS;R03AC02;SALBUTAMOL
R;SISTEMA RESPIRATORIO;R03A;ADRENÉRGICOS, INHALATORIOS;R03AC;AGONISTAS SELECTIVOS DE RECEPTORES BETA-2 ADRENÉRGICOS;R03AC03;TERBUTALINA
R;SISTEMA RESPIRATORIO;R03A;ADRENÉRGICOS, INHALATORIOS;R03AC;AGONISTAS SELECTIVOS DE RECEPTORES BETA-2 ADRENÉRGICOS;R03AC04;FENOTEROL
R;SISTEMA RESPIRATORIO;R03A;ADRENÉRGICOS, INHALATORIOS;R03AC;AGONISTAS SELECTIVOS DE RECEPTORES BETA-2 ADRENÉRGICOS;R03AC05;RIMITEROL
R;SISTEMA RESPIRATORIO;R03A;ADRENÉRGICOS, INHALATORIOS;R03AC;AGONISTAS SELECTIVOS DE RECEPTORES BETA-2 ADRENÉRGICOS;R03AC06;HEXOPRENALINA
R;SISTEMA RESPIRATORIO;R03A;ADRENÉRGICOS, INHALATORIOS;R03AC;AGONISTAS SELECTIVOS DE RECEPTORES BETA-2 ADRENÉRGICOS;R03AC07;ISOETARINA
R;SISTEMA RESPIRATORIO;R03A;ADRENÉRGICOS, INHALATORIOS;R03AC;AGONISTAS SELECTIVOS DE RECEPTORES BETA-2 ADRENÉRGICOS;R03AC08;PIRBUTEROL
R;SISTEMA RESPIRATORIO;R03A;ADRENÉRGICOS, INHALATORIOS;R03AC;AGONISTAS SELECTIVOS DE RECEPTORES BETA-2 ADRENÉRGICOS;R03AC09;TRETOQUINOL
R;SISTEMA RESPIRATORIO;R03A;ADRENÉRGICOS, INHALATORIOS;R03AC;AGONISTAS SELECTIVOS DE RECEPTORES BETA-2 ADRENÉRGICOS;R03AC10;CARBUTEROL
R;SISTEMA RESPIRATORIO;R03A;ADRENÉRGICOS, INHALATORIOS;R03AC;AGONISTAS SELECTIVOS DE RECEPTORES BETA-2 ADRENÉRGICOS;R03AC11;TULOBUTEROL
R;SISTEMA RESPIRATORIO;R03A;ADRENÉRGICOS, INHALATORIOS;R03AC;AGONISTAS SELECTIVOS DE RECEPTORES BETA-2 ADRENÉRGICOS;R03AC12;SALMETEROL
R;SISTEMA RESPIRATORIO;R03A;ADRENÉRGICOS, INHALATORIOS;R03AC;AGONISTAS SELECTIVOS DE RECEPTORES BETA-2 ADRENÉRGICOS;R03AC13;FORMOTEROL
R;SISTEMA RESPIRATORIO;R03A;ADRENÉRGICOS, INHALATORIOS;R03AC;AGONISTAS SELECTIVOS DE RECEPTORES BETA-2 ADRENÉRGICOS;R03AC14;CLENBUTEROL
R;SISTEMA RESPIRATORIO;R03A;ADRENÉRGICOS, INHALATORIOS;R03AC;AGONISTAS SELECTIVOS DE RECEPTORES BETA-2 ADRENÉRGICOS;R03AC15;REPROTEROL
R;SISTEMA RESPIRATORIO;R03A;ADRENÉRGICOS, INHALATORIOS;R03AC;AGONISTAS SELECTIVOS DE RECEPTORES BETA-2 ADRENÉRGICOS;R03AC16;PROCATEROL
R;SISTEMA RESPIRATORIO;R03A;ADRENÉRGICOS, INHALATORIOS;R03AC;AGONISTAS SELECTIVOS DE RECEPTORES BETA-2 ADRENÉRGICOS;R03AC17;BITOLTEROL
R;SISTEMA RESPIRATORIO;R03A;ADRENÉRGICOS, INHALATORIOS;R03AC;AGONISTAS SELECTIVOS DE RECEPTORES BETA-2 ADRENÉRGICOS;R03AC18;INDACATEROL
R;SISTEMA RESPIRATORIO;R03A;ADRENÉRGICOS, INHALATORIOS;R03AC;AGONISTAS SELECTIVOS DE RECEPTORES BETA-2 ADRENÉRGICOS;R03AC19;OLODATEROL
R;SISTEMA RESPIRATORIO;R03A;ADRENÉRGICOS, INHALATORIOS;R03AK;ADRENÉRGICOS EN COMBINACIÓN CON OTRAS DROGAS EXCL. ANTICOLINÉRGICOS;R03AK01;EPINEFRINA Y OTROS AGENTES CONTRA PADECIMIENTOS OBSTRUCTIVOS DE LAS VÍAS RESPIRATORIAS
R;SISTEMA RESPIRATORIO;R03A;ADRENÉRGICOS, INHALATORIOS;R03AK;ADRENÉRGICOS EN COMBINACIÓN CON OTRAS DROGAS EXCL. ANTICOLINÉRGICOS;R03AK02;ISOPRENALINA Y OTROS AGENTES CONTRA PADECIMIENTOS OBSTRUCTIVOS DE LAS VÍAS RESPIRATORIAS
R;SISTEMA RESPIRATORIO;R03A;ADRENÉRGICOS, INHALATORIOS;R03AK;ADRENÉRGICOS EN COMBINACIÓN CON OTRAS DROGAS EXCL. ANTICOLINÉRGICOS;R03AK03;FENOTEROL Y OTROS AGENTES CONTRA PADECIMIENTOS OBSTRUCTIVOS DE LAS VÍAS RESPIRATORIAS
R;SISTEMA RESPIRATORIO;R03A;ADRENÉRGICOS, INHALATORIOS;R03AK;ADRENÉRGICOS EN COMBINACIÓN CON OTRAS DROGAS EXCL. ANTICOLINÉRGICOS;R03AK04;SALBUTAMOL Y CROMOGLICATO SÓDICO
R;SISTEMA RESPIRATORIO;R03A;ADRENÉRGICOS, INHALATORIOS;R03AK;ADRENÉRGICOS EN COMBINACIÓN CON OTRAS DROGAS EXCL. ANTICOLINÉRGICOS;R03AK05;REPROTEROL Y CROMOGLICARO SÓDICO
R;SISTEMA RESPIRATORIO;R03A;ADRENÉRGICOS, INHALATORIOS;R03AK;ADRENÉRGICOS EN COMBINACIÓN CON OTRAS DROGAS EXCL. ANTICOLINÉRGICOS;R03AK06;SALMETEROL Y FLUTICASONA
R;SISTEMA RESPIRATORIO;R03A;ADRENÉRGICOS, INHALATORIOS;R03AK;ADRENÉRGICOS EN COMBINACIÓN CON OTRAS DROGAS EXCL. ANTICOLINÉRGICOS;R03AK07;FORMOTEROL Y BUDESONIDA
R;SISTEMA RESPIRATORIO;R03A;ADRENÉRGICOS, INHALATORIOS;R03AK;ADRENÉRGICOS EN COMBINACIÓN CON OTRAS DROGAS EXCL. ANTICOLINÉRGICOS;R03AK10;VILANTEROL Y FUROATO DE FLITICASONA
R;SISTEMA RESPIRATORIO;R03A;ADRENÉRGICOS, INHALATORIOS;R03AK;ADRENÉRGICOS EN COMBINACIÓN CON OTRAS DROGAS EXCL. ANTICOLINÉRGICOS;R03AK11;FORMOTEROL Y FLUTICASONA
R;SISTEMA RESPIRATORIO;R03B;OTROS AGENTES CONTRA PADECIMIENTOS OBSTRUCTIVOS DE LAS VÍAS RESPIRATORIAS, INHALATORIOS;R03BA;GLUCOCORTICOIDES;R03BA01;BECLOMETASONA
R;SISTEMA RESPIRATORIO;R03B;OTROS AGENTES CONTRA PADECIMIENTOS OBSTRUCTIVOS DE LAS VÍAS RESPIRATORIAS, INHALATORIOS;R03BA;GLUCOCORTICOIDES;R03BA02;BUDESONIDA
R;SISTEMA RESPIRATORIO;R03B;OTROS AGENTES CONTRA PADECIMIENTOS OBSTRUCTIVOS DE LAS VÍAS RESPIRATORIAS, INHALATORIOS;R03BA;GLUCOCORTICOIDES;R03BA03;FLUNISOLIDA
R;SISTEMA RESPIRATORIO;R03B;OTROS AGENTES CONTRA PADECIMIENTOS OBSTRUCTIVOS DE LAS VÍAS RESPIRATORIAS, INHALATORIOS;R03BA;GLUCOCORTICOIDES;R03BA04;BETAMETASONA
R;SISTEMA RESPIRATORIO;R03B;OTROS AGENTES CONTRA PADECIMIENTOS OBSTRUCTIVOS DE LAS VÍAS RESPIRATORIAS, INHALATORIOS;R03BA;GLUCOCORTICOIDES;R03BA05;FLUTICASONA
R;SISTEMA RESPIRATORIO;R03B;OTROS AGENTES CONTRA PADECIMIENTOS OBSTRUCTIVOS DE LAS VÍAS RESPIRATORIAS, INHALATORIOS;R03BA;GLUCOCORTICOIDES;R03BA06;TRIAMCINOLONA
R;SISTEMA RESPIRATORIO;R03B;OTROS AGENTES CONTRA PADECIMIENTOS OBSTRUCTIVOS DE LAS VÍAS RESPIRATORIAS, INHALATORIOS;R03BA;GLUCOCORTICOIDES;R03BA07;MOMETASONA
R;SISTEMA RESPIRATORIO;R03B;OTROS AGENTES CONTRA PADECIMIENTOS OBSTRUCTIVOS DE LAS VÍAS RESPIRATORIAS, INHALATORIOS;R03BA;GLUCOCORTICOIDES;R03BA08;CICLESONIDA
R;SISTEMA RESPIRATORIO;R03B;OTROS AGENTES CONTRA PADECIMIENTOS OBSTRUCTIVOS DE LAS VÍAS RESPIRATORIAS, INHALATORIOS;R03BB;ANTICOLINÉRGICOS;R03BB01;IPRATROPIO, BROMURO DE
R;SISTEMA RESPIRATORIO;R03B;OTROS AGENTES CONTRA PADECIMIENTOS OBSTRUCTIVOS DE LAS VÍAS RESPIRATORIAS, INHALATORIOS;R03BB;ANTICOLINÉRGICOS;R03BB02;OXITROPIO, BROMURO DE
R;SISTEMA RESPIRATORIO;R03B;OTROS AGENTES CONTRA PADECIMIENTOS OBSTRUCTIVOS DE LAS VÍAS RESPIRATORIAS, INHALATORIOS;R03BB;ANTICOLINÉRGICOS;R03BB03;ESTRAMONIO, PREPARADOS CON
R;SISTEMA RESPIRATORIO;R03B;OTROS AGENTES CONTRA PADECIMIENTOS OBSTRUCTIVOS DE LAS VÍAS RESPIRATORIAS, INHALATORIOS;R03BB;ANTICOLINÉRGICOS;R03BB04;BROMURO DE TIOTROPIO
R;SISTEMA RESPIRATORIO;R03B;OTROS AGENTES CONTRA PADECIMIENTOS OBSTRUCTIVOS DE LAS VÍAS RESPIRATORIAS, INHALATORIOS;R03BB;ANTICOLINÉRGICOS;R03BB05;BROMURO DE ACLIDINIO
R;SISTEMA RESPIRATORIO;R03B;OTROS AGENTES CONTRA PADECIMIENTOS OBSTRUCTIVOS DE LAS VÍAS RESPIRATORIAS, INHALATORIOS;R03BB;ANTICOLINÉRGICOS;R03BB06;BROMURO DE GLICOPIRRONIO
R;SISTEMA RESPIRATORIO;R03B;OTROS AGENTES CONTRA PADECIMIENTOS OBSTRUCTIVOS DE LAS VÍAS RESPIRATORIAS, INHALATORIOS;R03BC;AGENTES ANTIALÉRGICOS, EXCLUIDOS CORTICOSTEROIDES;R03BC01;ÁCIDO CROMOGLÍCICO
R;SISTEMA RESPIRATORIO;R03B;OTROS AGENTES CONTRA PADECIMIENTOS OBSTRUCTIVOS DE LAS VÍAS RESPIRATORIAS, INHALATORIOS;R03BC;AGENTES ANTIALÉRGICOS, EXCLUIDOS CORTICOSTEROIDES;R03BC03;NEDOCROMILO
R;SISTEMA RESPIRATORIO;R03B;OTROS AGENTES CONTRA PADECIMIENTOS OBSTRUCTIVOS DE LAS VÍAS RESPIRATORIAS, INHALATORIOS;R03BX;OTROS AGENTES CONTRA PADECIMIENTOS OBSTRUCTIVOS DE LAS VÍAS RESPIRATORIAS, INHALATORIOS;R03BX01;FENSPIRIDA
R;SISTEMA RESPIRATORIO;R03C;ADRENÉRGICOS PARA USO SISTÉMICO;R03CA;AGONISTAS DE RECEPTORES ADRENÉRGICOS ALFA Y BETA;R03CA02;EFEDRINA
R;SISTEMA RESPIRATORIO;R03C;ADRENÉRGICOS PARA USO SISTÉMICO;R03CB;AGONISTAS DE RECEPTORES BETA-ADRENÉRGICOS NO SELECTIVOS;R03CB01;ISOPRENALINA
R;SISTEMA RESPIRATORIO;R03C;ADRENÉRGICOS PARA USO SISTÉMICO;R03CB;AGONISTAS DE RECEPTORES BETA-ADRENÉRGICOS NO SELECTIVOS;R03CB02;METOXIFENAMINA
R;SISTEMA RESPIRATORIO;R03C;ADRENÉRGICOS PARA USO SISTÉMICO;R03CB;AGONISTAS DE RECEPTORES BETA-ADRENÉRGICOS NO SELECTIVOS;R03CB03;ORCIPRENALINA
R;SISTEMA RESPIRATORIO;R03C;ADRENÉRGICOS PARA USO SISTÉMICO;R03CB;AGONISTAS DE RECEPTORES BETA-ADRENÉRGICOS NO SELECTIVOS;R03CB51;ISOPRENALINA, COMBINACIONES
R;SISTEMA RESPIRATORIO;R03C;ADRENÉRGICOS PARA USO SISTÉMICO;R03CB;AGONISTAS DE RECEPTORES BETA-ADRENÉRGICOS NO SELECTIVOS;R03CB53;ORCIPRENALINA, COMBINACIONES
R;SISTEMA RESPIRATORIO;R03C;ADRENÉRGICOS PARA USO SISTÉMICO;R03CC;AGONISTAS SELECTIVOS DE RECEPTORES BETA-2 ADRENÉRGICOS;R03CC02;SALBUTAMOL
R;SISTEMA RESPIRATORIO;R03C;ADRENÉRGICOS PARA USO SISTÉMICO;R03CC;AGONISTAS SELECTIVOS DE RECEPTORES BETA-2 ADRENÉRGICOS;R03CC03;TERBUTALINA
R;SISTEMA RESPIRATORIO;R03C;ADRENÉRGICOS PARA USO SISTÉMICO;R03CC;AGONISTAS SELECTIVOS DE RECEPTORES BETA-2 ADRENÉRGICOS;R03CC04;FENOTEROL
R;SISTEMA RESPIRATORIO;R03C;ADRENÉRGICOS PARA USO SISTÉMICO;R03CC;AGONISTAS SELECTIVOS DE RECEPTORES BETA-2 ADRENÉRGICOS;R03CC05;HEXOPRENALINA
R;SISTEMA RESPIRATORIO;R03C;ADRENÉRGICOS PARA USO SISTÉMICO;R03CC;AGONISTAS SELECTIVOS DE RECEPTORES BETA-2 ADRENÉRGICOS;R03CC06;ISOETARINA
R;SISTEMA RESPIRATORIO;R03C;ADRENÉRGICOS PARA USO SISTÉMICO;R03CC;AGONISTAS SELECTIVOS DE RECEPTORES BETA-2 ADRENÉRGICOS;R03CC07;PIRBUTEROL
R;SISTEMA RESPIRATORIO;R03C;ADRENÉRGICOS PARA USO SISTÉMICO;R03CC;AGONISTAS SELECTIVOS DE RECEPTORES BETA-2 ADRENÉRGICOS;R03CC08;PROCATEROL
R;SISTEMA RESPIRATORIO;R03C;ADRENÉRGICOS PARA USO SISTÉMICO;R03CC;AGONISTAS SELECTIVOS DE RECEPTORES BETA-2 ADRENÉRGICOS;R03CC09;TRETOQUINOL
R;SISTEMA RESPIRATORIO;R03C;ADRENÉRGICOS PARA USO SISTÉMICO;R03CC;AGONISTAS SELECTIVOS DE RECEPTORES BETA-2 ADRENÉRGICOS;R03CC10;CARBUTEROL
R;SISTEMA RESPIRATORIO;R03C;ADRENÉRGICOS PARA USO SISTÉMICO;R03CC;AGONISTAS SELECTIVOS DE RECEPTORES BETA-2 ADRENÉRGICOS;R03CC11;TULOBUTEROL
R;SISTEMA RESPIRATORIO;R03C;ADRENÉRGICOS PARA USO SISTÉMICO;R03CC;AGONISTAS SELECTIVOS DE RECEPTORES BETA-2 ADRENÉRGICOS;R03CC12;BAMBUTEROL
R;SISTEMA RESPIRATORIO;R03C;ADRENÉRGICOS PARA USO SISTÉMICO;R03CC;AGONISTAS SELECTIVOS DE RECEPTORES BETA-2 ADRENÉRGICOS;R03CC13;CLENBUTEROL
R;SISTEMA RESPIRATORIO;R03C;ADRENÉRGICOS PARA USO SISTÉMICO;R03CC;AGONISTAS SELECTIVOS DE RECEPTORES BETA-2 ADRENÉRGICOS;R03CC14;REPROTEROL
R;SISTEMA RESPIRATORIO;R03C;ADRENÉRGICOS PARA USO SISTÉMICO;R03CC;AGONISTAS SELECTIVOS DE RECEPTORES BETA-2 ADRENÉRGICOS;R03CC53;TERBUTALINA, COMBINACIONES
R;SISTEMA RESPIRATORIO;R03D;OTROS AGENTES CONTRA PADECIMIENTOS OBSTRUCTIVOS DE LAS VÍAS RESPIRATORIAS, INHALATORIOS PARA USO SISTÉMICO;R03DA;XANTINAS;R03DA01;DIPROFILINA
R;SISTEMA RESPIRATORIO;R03D;OTROS AGENTES CONTRA PADECIMIENTOS OBSTRUCTIVOS DE LAS VÍAS RESPIRATORIAS, INHALATORIOS PARA USO SISTÉMICO;R03DA;XANTINAS;R03DA02;TEOFILINATO DE COLINA
R;SISTEMA RESPIRATORIO;R03D;OTROS AGENTES CONTRA PADECIMIENTOS OBSTRUCTIVOS DE LAS VÍAS RESPIRATORIAS, INHALATORIOS PARA USO SISTÉMICO;R03DA;XANTINAS;R03DA03;PROXIFILINA
R;SISTEMA RESPIRATORIO;R03D;OTROS AGENTES CONTRA PADECIMIENTOS OBSTRUCTIVOS DE LAS VÍAS RESPIRATORIAS, INHALATORIOS PARA USO SISTÉMICO;R03DA;XANTINAS;R03DA04;TEOFILINA
R;SISTEMA RESPIRATORIO;R03D;OTROS AGENTES CONTRA PADECIMIENTOS OBSTRUCTIVOS DE LAS VÍAS RESPIRATORIAS, INHALATORIOS PARA USO SISTÉMICO;R03DA;XANTINAS;R03DA05;AMINOFILINA
R;SISTEMA RESPIRATORIO;R03D;OTROS AGENTES CONTRA PADECIMIENTOS OBSTRUCTIVOS DE LAS VÍAS RESPIRATORIAS, INHALATORIOS PARA USO SISTÉMICO;R03DA;XANTINAS;R03DA06;ETAMIFILINA
R;SISTEMA RESPIRATORIO;R03D;OTROS AGENTES CONTRA PADECIMIENTOS OBSTRUCTIVOS DE LAS VÍAS RESPIRATORIAS, INHALATORIOS PARA USO SISTÉMICO;R03DA;XANTINAS;R03DA07;TEOBROMINA
R;SISTEMA RESPIRATORIO;R03D;OTROS AGENTES CONTRA PADECIMIENTOS OBSTRUCTIVOS DE LAS VÍAS RESPIRATORIAS, INHALATORIOS PARA USO SISTÉMICO;R03DA;XANTINAS;R03DA08;BAMIFILINA
R;SISTEMA RESPIRATORIO;R03D;OTROS AGENTES CONTRA PADECIMIENTOS OBSTRUCTIVOS DE LAS VÍAS RESPIRATORIAS, INHALATORIOS PARA USO SISTÉMICO;R03DA;XANTINAS;R03DA09;ACEFILINA PIPERAZÍNA
R;SISTEMA RESPIRATORIO;R03D;OTROS AGENTES CONTRA PADECIMIENTOS OBSTRUCTIVOS DE LAS VÍAS RESPIRATORIAS, INHALATORIOS PARA USO SISTÉMICO;R03DA;XANTINAS;R03DA10;BUFILINA
R;SISTEMA RESPIRATORIO;R03D;OTROS AGENTES CONTRA PADECIMIENTOS OBSTRUCTIVOS DE LAS VÍAS RESPIRATORIAS, INHALATORIOS PARA USO SISTÉMICO;R03DA;XANTINAS;R03DA11;DOXOFILINA
R;SISTEMA RESPIRATORIO;R03D;OTROS AGENTES CONTRA PADECIMIENTOS OBSTRUCTIVOS DE LAS VÍAS RESPIRATORIAS, INHALATORIOS PARA USO SISTÉMICO;R03DA;XANTINAS;R03DA20;XANTINAS, COMBINACIONES DE
R;SISTEMA RESPIRATORIO;R03D;OTROS AGENTES CONTRA PADECIMIENTOS OBSTRUCTIVOS DE LAS VÍAS RESPIRATORIAS, INHALATORIOS PARA USO SISTÉMICO;R03DA;XANTINAS;R03DA51;DIPROFILINA, COMBINACIONES
R;SISTEMA RESPIRATORIO;R03D;OTROS AGENTES CONTRA PADECIMIENTOS OBSTRUCTIVOS DE LAS VÍAS RESPIRATORIAS, INHALATORIOS PARA USO SISTÉMICO;R03DA;XANTINAS;R03DA54;TEOFILINA, COMBINACIONES, EXCLUIDOS PSICOLÉPTICOS
R;SISTEMA RESPIRATORIO;R03D;OTROS AGENTES CONTRA PADECIMIENTOS OBSTRUCTIVOS DE LAS VÍAS RESPIRATORIAS, INHALATORIOS PARA USO SISTÉMICO;R03DA;XANTINAS;R03DA55;AMINOFILINA, COMBINACIONES
R;SISTEMA RESPIRATORIO;R03D;OTROS AGENTES CONTRA PADECIMIENTOS OBSTRUCTIVOS DE LAS VÍAS RESPIRATORIAS, INHALATORIOS PARA USO SISTÉMICO;R03DA;XANTINAS;R03DA57;TEOBROMINA, COMBINACIONES
R;SISTEMA RESPIRATORIO;R03D;OTROS AGENTES CONTRA PADECIMIENTOS OBSTRUCTIVOS DE LAS VÍAS RESPIRATORIAS, INHALATORIOS PARA USO SISTÉMICO;R03DA;XANTINAS;R03DA74;TEOFILINA, COMBINACIONES CON PSICOLÉPTICOS
R;SISTEMA RESPIRATORIO;R03D;OTROS AGENTES CONTRA PADECIMIENTOS OBSTRUCTIVOS DE LAS VÍAS RESPIRATORIAS, INHALATORIOS PARA USO SISTÉMICO;R03DB;XANTINAS Y ADRENÉRGICOS;R03DB01;DIPROFILINA Y ADRENÉRGICOS
R;SISTEMA RESPIRATORIO;R03D;OTROS AGENTES CONTRA PADECIMIENTOS OBSTRUCTIVOS DE LAS VÍAS RESPIRATORIAS, INHALATORIOS PARA USO SISTÉMICO;R03DB;XANTINAS Y ADRENÉRGICOS;R03DB02;TEOFILINATO DE COLINA Y ADRENÉRGICOS
R;SISTEMA RESPIRATORIO;R03D;OTROS AGENTES CONTRA PADECIMIENTOS OBSTRUCTIVOS DE LAS VÍAS RESPIRATORIAS, INHALATORIOS PARA USO SISTÉMICO;R03DB;XANTINAS Y ADRENÉRGICOS;R03DB03;PROXIFILINA Y ADRENÉRGICOS
R;SISTEMA RESPIRATORIO;R03D;OTROS AGENTES CONTRA PADECIMIENTOS OBSTRUCTIVOS DE LAS VÍAS RESPIRATORIAS, INHALATORIOS PARA USO SISTÉMICO;R03DB;XANTINAS Y ADRENÉRGICOS;R03DB04;TEOFILINA Y ADRENÉRGICOS
R;SISTEMA RESPIRATORIO;R03D;OTROS AGENTES CONTRA PADECIMIENTOS OBSTRUCTIVOS DE LAS VÍAS RESPIRATORIAS, INHALATORIOS PARA USO SISTÉMICO;R03DB;XANTINAS Y ADRENÉRGICOS;R03DB05;AMINOFILINA Y ADRENÉRGICOS
R;SISTEMA RESPIRATORIO;R03D;OTROS AGENTES CONTRA PADECIMIENTOS OBSTRUCTIVOS DE LAS VÍAS RESPIRATORIAS, INHALATORIOS PARA USO SISTÉMICO;R03DB;XANTINAS Y ADRENÉRGICOS;R03DB06;ETAMIFILINA Y ADRENÉRGICOS
R;SISTEMA RESPIRATORIO;R03D;OTROS AGENTES CONTRA PADECIMIENTOS OBSTRUCTIVOS DE LAS VÍAS RESPIRATORIAS, INHALATORIOS PARA USO SISTÉMICO;R03DC;ANTAGONISTAS DEL RECEPTOR DE LEUCOTRIENOS;R03DC01;ZAFIRLUKAST
R;SISTEMA RESPIRATORIO;R03D;OTROS AGENTES CONTRA PADECIMIENTOS OBSTRUCTIVOS DE LAS VÍAS RESPIRATORIAS, INHALATORIOS PARA USO SISTÉMICO;R03DC;ANTAGONISTAS DEL RECEPTOR DE LEUCOTRIENOS;R03DC02;PRANLUKAST
R;SISTEMA RESPIRATORIO;R03D;OTROS AGENTES CONTRA PADECIMIENTOS OBSTRUCTIVOS DE LAS VÍAS RESPIRATORIAS, INHALATORIOS PARA USO SISTÉMICO;R03DC;ANTAGONISTAS DEL RECEPTOR DE LEUCOTRIENOS;R03DC03;MONTELUKAST
R;SISTEMA RESPIRATORIO;R03D;OTROS AGENTES CONTRA PADECIMIENTOS OBSTRUCTIVOS DE LAS VÍAS RESPIRATORIAS, INHALATORIOS PARA USO SISTÉMICO;R03DC;ANTAGONISTAS DEL RECEPTOR DE LEUCOTRIENOS;R03DC04;IBUDILAST
R;SISTEMA RESPIRATORIO;R03D;OTROS AGENTES CONTRA PADECIMIENTOS OBSTRUCTIVOS DE LAS VÍAS RESPIRATORIAS, INHALATORIOS PARA USO SISTÉMICO;R03DX;OTROS AGENTES CONTRA PADECIMIENTOS OBSTRUCTIVOS DE LAS VÍAS RESPIRATORIAS, INHALATORIOS PARA USO SISTÉMICO;R03DX01;AMLEXANOXO
R;SISTEMA RESPIRATORIO;R03D;OTROS AGENTES CONTRA PADECIMIENTOS OBSTRUCTIVOS DE LAS VÍAS RESPIRATORIAS, INHALATORIOS PARA USO SISTÉMICO;R03DX;OTROS AGENTES CONTRA PADECIMIENTOS OBSTRUCTIVOS DE LAS VÍAS RESPIRATORIAS, INHALATORIOS PARA USO SISTÉMICO;R03DX02;EPROZINOL
R;SISTEMA RESPIRATORIO;R03D;OTROS AGENTES CONTRA PADECIMIENTOS OBSTRUCTIVOS DE LAS VÍAS RESPIRATORIAS, INHALATORIOS PARA USO SISTÉMICO;R03DX;OTROS AGENTES CONTRA PADECIMIENTOS OBSTRUCTIVOS DE LAS VÍAS RESPIRATORIAS, INHALATORIOS PARA USO SISTÉMICO;R03DX03;FENSPIRIDA
R;SISTEMA RESPIRATORIO;R03D;OTROS AGENTES CONTRA PADECIMIENTOS OBSTRUCTIVOS DE LAS VÍAS RESPIRATORIAS, INHALATORIOS PARA USO SISTÉMICO;R03DX;OTROS AGENTES CONTRA PADECIMIENTOS OBSTRUCTIVOS DE LAS VÍAS RESPIRATORIAS, INHALATORIOS PARA USO SISTÉMICO;R03DX05;OMALIZUMAB
R;SISTEMA RESPIRATORIO;R03D;OTROS AGENTES CONTRA PADECIMIENTOS OBSTRUCTIVOS DE LAS VÍAS RESPIRATORIAS, INHALATORIOS PARA USO SISTÉMICO;R03DX;OTROS AGENTES CONTRA PADECIMIENTOS OBSTRUCTIVOS DE LAS VÍAS RESPIRATORIAS, INHALATORIOS PARA USO SISTÉMICO;R03DX06;SERATRODAST
R;SISTEMA RESPIRATORIO;R03D;OTROS AGENTES CONTRA PADECIMIENTOS OBSTRUCTIVOS DE LAS VÍAS RESPIRATORIAS, INHALATORIOS PARA USO SISTÉMICO;R03DX;OTROS AGENTES CONTRA PADECIMIENTOS OBSTRUCTIVOS DE LAS VÍAS RESPIRATORIAS, INHALATORIOS PARA USO SISTÉMICO;R03DX07;ROFLUMILAST
R;SISTEMA RESPIRATORIO;R05C;EXPECTORANTES, EXCLUIDOS COMBINACIONES CON SUPRESORES DE LA TOS;R05CA;EXPECTORANTES;R05CA01;TILOXAPOL
R;SISTEMA RESPIRATORIO;R05C;EXPECTORANTES, EXCLUIDOS COMBINACIONES CON SUPRESORES DE LA TOS;R05CA;EXPECTORANTES;R05CA02;IODURO DE POTASIO
R;SISTEMA RESPIRATORIO;R05C;EXPECTORANTES, EXCLUIDOS COMBINACIONES CON SUPRESORES DE LA TOS;R05CA;EXPECTORANTES;R05CA03;GUAIFENESINA
R;SISTEMA RESPIRATORIO;R05C;EXPECTORANTES, EXCLUIDOS COMBINACIONES CON SUPRESORES DE LA TOS;R05CA;EXPECTORANTES;R05CA04;IPECACUANA
R;SISTEMA RESPIRATORIO;R05C;EXPECTORANTES, EXCLUIDOS COMBINACIONES CON SUPRESORES DE LA TOS;R05CA;EXPECTORANTES;R05CA05;ALTEA, RAÍCES DE
R;SISTEMA RESPIRATORIO;R05C;EXPECTORANTES, EXCLUIDOS COMBINACIONES CON SUPRESORES DE LA TOS;R05CA;EXPECTORANTES;R05CA06;POLÍGALA
R;SISTEMA RESPIRATORIO;R05C;EXPECTORANTES, EXCLUIDOS COMBINACIONES CON SUPRESORES DE LA TOS;R05CA;EXPECTORANTES;R05CA07;ANTIMONIO, PENTASULFITO DE
R;SISTEMA RESPIRATORIO;R05C;EXPECTORANTES, EXCLUIDOS COMBINACIONES CON SUPRESORES DE LA TOS;R05CA;EXPECTORANTES;R05CA08;CREOSOTA
R;SISTEMA RESPIRATORIO;R05C;EXPECTORANTES, EXCLUIDOS COMBINACIONES CON SUPRESORES DE LA TOS;R05CA;EXPECTORANTES;R05CA09;GUAYACOLSULFONATO
R;SISTEMA RESPIRATORIO;R05C;EXPECTORANTES, EXCLUIDOS COMBINACIONES CON SUPRESORES DE LA TOS;R05CA;EXPECTORANTES;R05CA10;COMBINACIONES
R;SISTEMA RESPIRATORIO;R05C;EXPECTORANTES, EXCLUIDOS COMBINACIONES CON SUPRESORES DE LA TOS;R05CA;EXPECTORANTES;R05CA11;LEVOVERBENONA
R;SISTEMA RESPIRATORIO;R05C;EXPECTORANTES, EXCLUIDOS COMBINACIONES CON SUPRESORES DE LA TOS;R05CA;EXPECTORANTES;R05CA12;HEDERAE HELICIS FOLIUM
R;SISTEMA RESPIRATORIO;R05C;EXPECTORANTES, EXCLUIDOS COMBINACIONES CON SUPRESORES DE LA TOS;R05CA;EXPECTORANTES;R05CA13;CINEOL
R;SISTEMA RESPIRATORIO;R05C;EXPECTORANTES, EXCLUIDOS COMBINACIONES CON SUPRESORES DE LA TOS;R05CB;MUCOLÍTICOS;R05CB01;ACETILCISTEÍNA
R;SISTEMA RESPIRATORIO;R05C;EXPECTORANTES, EXCLUIDOS COMBINACIONES CON SUPRESORES DE LA TOS;R05CB;MUCOLÍTICOS;R05CB02;BROMHEXINA
R;SISTEMA RESPIRATORIO;R05C;EXPECTORANTES, EXCLUIDOS COMBINACIONES CON SUPRESORES DE LA TOS;R05CB;MUCOLÍTICOS;R05CB03;CARBOCISTEÍNA
R;SISTEMA RESPIRATORIO;R05C;EXPECTORANTES, EXCLUIDOS COMBINACIONES CON SUPRESORES DE LA TOS;R05CB;MUCOLÍTICOS;R05CB04;EPRAZINONA
R;SISTEMA RESPIRATORIO;R05C;EXPECTORANTES, EXCLUIDOS COMBINACIONES CON SUPRESORES DE LA TOS;R05CB;MUCOLÍTICOS;R05CB05;MESNA
R;SISTEMA RESPIRATORIO;R05C;EXPECTORANTES, EXCLUIDOS COMBINACIONES CON SUPRESORES DE LA TOS;R05CB;MUCOLÍTICOS;R05CB06;AMBROXOL
R;SISTEMA RESPIRATORIO;R05C;EXPECTORANTES, EXCLUIDOS COMBINACIONES CON SUPRESORES DE LA TOS;R05CB;MUCOLÍTICOS;R05CB07;SOBREROL
R;SISTEMA RESPIRATORIO;R05C;EXPECTORANTES, EXCLUIDOS COMBINACIONES CON SUPRESORES DE LA TOS;R05CB;MUCOLÍTICOS;R05CB08;DOMIODOL
R;SISTEMA RESPIRATORIO;R05C;EXPECTORANTES, EXCLUIDOS COMBINACIONES CON SUPRESORES DE LA TOS;R05CB;MUCOLÍTICOS;R05CB09;LETOSTEÍNA
R;SISTEMA RESPIRATORIO;R05C;EXPECTORANTES, EXCLUIDOS COMBINACIONES CON SUPRESORES DE LA TOS;R05CB;MUCOLÍTICOS;R05CB10;COMBINACIONES
R;SISTEMA RESPIRATORIO;R05C;EXPECTORANTES, EXCLUIDOS COMBINACIONES CON SUPRESORES DE LA TOS;R05CB;MUCOLÍTICOS;R05CB11;ESTEPRONINA
R;SISTEMA RESPIRATORIO;R05C;EXPECTORANTES, EXCLUIDOS COMBINACIONES CON SUPRESORES DE LA TOS;R05CB;MUCOLÍTICOS;R05CB12;TIOPRONINA
R;SISTEMA RESPIRATORIO;R05C;EXPECTORANTES, EXCLUIDOS COMBINACIONES CON SUPRESORES DE LA TOS;R05CB;MUCOLÍTICOS;R05CB13;DORNASA ALFA (DESOXIRRIBONUCLEASA)
R;SISTEMA RESPIRATORIO;R05C;EXPECTORANTES, EXCLUIDOS COMBINACIONES CON SUPRESORES DE LA TOS;R05CB;MUCOLÍTICOS;R05CB14;NELTENEXINA
R;SISTEMA RESPIRATORIO;R05C;EXPECTORANTES, EXCLUIDOS COMBINACIONES CON SUPRESORES DE LA TOS;R05CB;MUCOLÍTICOS;R05CB15;ERDOSTEÍNA
R;SISTEMA RESPIRATORIO;R05C;EXPECTORANTES, EXCLUIDOS COMBINACIONES CON SUPRESORES DE LA TOS;R05CB;MUCOLÍTICOS;R05CB16;MANITOL
R;SISTEMA RESPIRATORIO;R05D;SUPRESORES DE LA TOS,  EXCLUIDOS COMBINACIONES CON EXPECTORANTES;R05DA;ALCALOIDES DEL OPIO Y DERIVADOS;R05DA01;ETILMORFINA
R;SISTEMA RESPIRATORIO;R05D;SUPRESORES DE LA TOS,  EXCLUIDOS COMBINACIONES CON EXPECTORANTES;R05DA;ALCALOIDES DEL OPIO Y DERIVADOS;R05DA03;HIDROCODONA
R;SISTEMA RESPIRATORIO;R05D;SUPRESORES DE LA TOS,  EXCLUIDOS COMBINACIONES CON EXPECTORANTES;R05DA;ALCALOIDES DEL OPIO Y DERIVADOS;R05DA04;CODEÍNA
R;SISTEMA RESPIRATORIO;R05D;SUPRESORES DE LA TOS,  EXCLUIDOS COMBINACIONES CON EXPECTORANTES;R05DA;ALCALOIDES DEL OPIO Y DERIVADOS;R05DA05;OPIO, ALCALOIDES DEL, CON MORFINA
R;SISTEMA RESPIRATORIO;R05D;SUPRESORES DE LA TOS,  EXCLUIDOS COMBINACIONES CON EXPECTORANTES;R05DA;ALCALOIDES DEL OPIO Y DERIVADOS;R05DA06;NORMETADONA
R;SISTEMA RESPIRATORIO;R05D;SUPRESORES DE LA TOS,  EXCLUIDOS COMBINACIONES CON EXPECTORANTES;R05DA;ALCALOIDES DEL OPIO Y DERIVADOS;R05DA07;NOSCAPINA
R;SISTEMA RESPIRATORIO;R05D;SUPRESORES DE LA TOS,  EXCLUIDOS COMBINACIONES CON EXPECTORANTES;R05DA;ALCALOIDES DEL OPIO Y DERIVADOS;R05DA08;FOLCODINA
R;SISTEMA RESPIRATORIO;R05D;SUPRESORES DE LA TOS,  EXCLUIDOS COMBINACIONES CON EXPECTORANTES;R05DA;ALCALOIDES DEL OPIO Y DERIVADOS;R05DA09;DEXTROMETORFANO
R;SISTEMA RESPIRATORIO;R05D;SUPRESORES DE LA TOS,  EXCLUIDOS COMBINACIONES CON EXPECTORANTES;R05DA;ALCALOIDES DEL OPIO Y DERIVADOS;R05DA10;TEBACÓN
R;SISTEMA RESPIRATORIO;R05D;SUPRESORES DE LA TOS,  EXCLUIDOS COMBINACIONES CON EXPECTORANTES;R05DA;ALCALOIDES DEL OPIO Y DERIVADOS;R05DA11;DIMEMORFANO
R;SISTEMA RESPIRATORIO;R05D;SUPRESORES DE LA TOS,  EXCLUIDOS COMBINACIONES CON EXPECTORANTES;R05DA;ALCALOIDES DEL OPIO Y DERIVADOS;R05DA12;ACETILDIHIDROCODEÍNA
R;SISTEMA RESPIRATORIO;R05D;SUPRESORES DE LA TOS,  EXCLUIDOS COMBINACIONES CON EXPECTORANTES;R05DA;ALCALOIDES DEL OPIO Y DERIVADOS;R05DA20;COMBINACIONES
R;SISTEMA RESPIRATORIO;R05D;SUPRESORES DE LA TOS,  EXCLUIDOS COMBINACIONES CON EXPECTORANTES;R05DB;OTROS SUPRESORES DE LA TOS;R05DB01;BENZONATATO
R;SISTEMA RESPIRATORIO;R05D;SUPRESORES DE LA TOS,  EXCLUIDOS COMBINACIONES CON EXPECTORANTES;R05DB;OTROS SUPRESORES DE LA TOS;R05DB02;BENPROPERINA
R;SISTEMA RESPIRATORIO;R05D;SUPRESORES DE LA TOS,  EXCLUIDOS COMBINACIONES CON EXPECTORANTES;R05DB;OTROS SUPRESORES DE LA TOS;R05DB03;CLOBUTINOL
R;SISTEMA RESPIRATORIO;R05D;SUPRESORES DE LA TOS,  EXCLUIDOS COMBINACIONES CON EXPECTORANTES;R05DB;OTROS SUPRESORES DE LA TOS;R05DB04;ISOAMINILO
R;SISTEMA RESPIRATORIO;R05D;SUPRESORES DE LA TOS,  EXCLUIDOS COMBINACIONES CON EXPECTORANTES;R05DB;OTROS SUPRESORES DE LA TOS;R05DB05;PENTOXIVERINA
R;SISTEMA RESPIRATORIO;R05D;SUPRESORES DE LA TOS,  EXCLUIDOS COMBINACIONES CON EXPECTORANTES;R05DB;OTROS SUPRESORES DE LA TOS;R05DB07;OXOLAMINA
R;SISTEMA RESPIRATORIO;R05D;SUPRESORES DE LA TOS,  EXCLUIDOS COMBINACIONES CON EXPECTORANTES;R05DB;OTROS SUPRESORES DE LA TOS;R05DB09;OXELADINA
R;SISTEMA RESPIRATORIO;R05D;SUPRESORES DE LA TOS,  EXCLUIDOS COMBINACIONES CON EXPECTORANTES;R05DB;OTROS SUPRESORES DE LA TOS;R05DB10;CLOFEDANOL
R;SISTEMA RESPIRATORIO;R05D;SUPRESORES DE LA TOS,  EXCLUIDOS COMBINACIONES CON EXPECTORANTES;R05DB;OTROS SUPRESORES DE LA TOS;R05DB11;PIPAZETATO
R;SISTEMA RESPIRATORIO;R05D;SUPRESORES DE LA TOS,  EXCLUIDOS COMBINACIONES CON EXPECTORANTES;R05DB;OTROS SUPRESORES DE LA TOS;R05DB12;BIBENZONIO, BROMURO DE
R;SISTEMA RESPIRATORIO;R05D;SUPRESORES DE LA TOS,  EXCLUIDOS COMBINACIONES CON EXPECTORANTES;R05DB;OTROS SUPRESORES DE LA TOS;R05DB13;BUTAMIRATO
R;SISTEMA RESPIRATORIO;R05D;SUPRESORES DE LA TOS,  EXCLUIDOS COMBINACIONES CON EXPECTORANTES;R05DB;OTROS SUPRESORES DE LA TOS;R05DB14;FEDRILATO
R;SISTEMA RESPIRATORIO;R05D;SUPRESORES DE LA TOS,  EXCLUIDOS COMBINACIONES CON EXPECTORANTES;R05DB;OTROS SUPRESORES DE LA TOS;R05DB15;ZIPEPROL
R;SISTEMA RESPIRATORIO;R05D;SUPRESORES DE LA TOS,  EXCLUIDOS COMBINACIONES CON EXPECTORANTES;R05DB;OTROS SUPRESORES DE LA TOS;R05DB16;DIBUNATO
R;SISTEMA RESPIRATORIO;R05D;SUPRESORES DE LA TOS,  EXCLUIDOS COMBINACIONES CON EXPECTORANTES;R05DB;OTROS SUPRESORES DE LA TOS;R05DB17;DROXIPROPINA
R;SISTEMA RESPIRATORIO;R05D;SUPRESORES DE LA TOS,  EXCLUIDOS COMBINACIONES CON EXPECTORANTES;R05DB;OTROS SUPRESORES DE LA TOS;R05DB18;PRENOXDIAZINA
R;SISTEMA RESPIRATORIO;R05D;SUPRESORES DE LA TOS,  EXCLUIDOS COMBINACIONES CON EXPECTORANTES;R05DB;OTROS SUPRESORES DE LA TOS;R05DB19;DROPROPIZINA
R;SISTEMA RESPIRATORIO;R05D;SUPRESORES DE LA TOS,  EXCLUIDOS COMBINACIONES CON EXPECTORANTES;R05DB;OTROS SUPRESORES DE LA TOS;R05DB20;COMBINACIONES
R;SISTEMA RESPIRATORIO;R05D;SUPRESORES DE LA TOS,  EXCLUIDOS COMBINACIONES CON EXPECTORANTES;R05DB;OTROS SUPRESORES DE LA TOS;R05DB21;CLOPERASTINA
R;SISTEMA RESPIRATORIO;R05D;SUPRESORES DE LA TOS,  EXCLUIDOS COMBINACIONES CON EXPECTORANTES;R05DB;OTROS SUPRESORES DE LA TOS;R05DB22;MEPROTIXOL
R;SISTEMA RESPIRATORIO;R05D;SUPRESORES DE LA TOS,  EXCLUIDOS COMBINACIONES CON EXPECTORANTES;R05DB;OTROS SUPRESORES DE LA TOS;R05DB23;PIPERIDIONA
R;SISTEMA RESPIRATORIO;R05D;SUPRESORES DE LA TOS,  EXCLUIDOS COMBINACIONES CON EXPECTORANTES;R05DB;OTROS SUPRESORES DE LA TOS;R05DB24;TIPEPIDINA
R;SISTEMA RESPIRATORIO;R05D;SUPRESORES DE LA TOS,  EXCLUIDOS COMBINACIONES CON EXPECTORANTES;R05DB;OTROS SUPRESORES DE LA TOS;R05DB25;MORCLOFONA
R;SISTEMA RESPIRATORIO;R05D;SUPRESORES DE LA TOS,  EXCLUIDOS COMBINACIONES CON EXPECTORANTES;R05DB;OTROS SUPRESORES DE LA TOS;R05DB26;NEPINALONA
R;SISTEMA RESPIRATORIO;R05D;SUPRESORES DE LA TOS,  EXCLUIDOS COMBINACIONES CON EXPECTORANTES;R05DB;OTROS SUPRESORES DE LA TOS;R05DB27;LEVODROPROPIZINA
R;SISTEMA RESPIRATORIO;R05D;SUPRESORES DE LA TOS,  EXCLUIDOS COMBINACIONES CON EXPECTORANTES;R05DB;OTROS SUPRESORES DE LA TOS;R05DB28;DIMETOXANATO
R;SISTEMA RESPIRATORIO;R05F;COMBINACIONES DE SUPRESORES DE LA TOS Y EXPECTORANTES;R05FA;DERIVADOS DEL OPIO Y EXPECTORANTES;R05FA01;DERIVADOS DEL OPIO Y MUCOLÍTICOS
R;SISTEMA RESPIRATORIO;R05F;COMBINACIONES DE SUPRESORES DE LA TOS Y EXPECTORANTES;R05FA;DERIVADOS DEL OPIO Y EXPECTORANTES;R05FA02;DERIVADOS DEL OPIO Y EXPECTORANTES
R;SISTEMA RESPIRATORIO;R05F;COMBINACIONES DE SUPRESORES DE LA TOS Y EXPECTORANTES;R05FB;OTROS SUPRESORES DE LA TOS  Y EXPECTORANTES;R05FB01;SUPRESORES DE LA TOS Y MUCOLÍTICOS
R;SISTEMA RESPIRATORIO;R05F;COMBINACIONES DE SUPRESORES DE LA TOS Y EXPECTORANTES;R05FB;OTROS SUPRESORES DE LA TOS  Y EXPECTORANTES;R05FB02;SUPRESORES DE LA TOS Y EXPECTORANTES
R;SISTEMA RESPIRATORIO;R06A;ANTIHISTAMÍNICOS PARA USO SISTÉMICO;R06AA;AMINOALQUIL ÉTERES;R06AA01;BROMAZINA
R;SISTEMA RESPIRATORIO;R06A;ANTIHISTAMÍNICOS PARA USO SISTÉMICO;R06AA;AMINOALQUIL ÉTERES;R06AA02;DIFENHIDRAMINA
R;SISTEMA RESPIRATORIO;R06A;ANTIHISTAMÍNICOS PARA USO SISTÉMICO;R06AA;AMINOALQUIL ÉTERES;R06AA04;CLEMASTINA
R;SISTEMA RESPIRATORIO;R06A;ANTIHISTAMÍNICOS PARA USO SISTÉMICO;R06AA;AMINOALQUIL ÉTERES;R06AA06;CLORFENOXAMINA
R;SISTEMA RESPIRATORIO;R06A;ANTIHISTAMÍNICOS PARA USO SISTÉMICO;R06AA;AMINOALQUIL ÉTERES;R06AA07;DIFENILPIRALINA
R;SISTEMA RESPIRATORIO;R06A;ANTIHISTAMÍNICOS PARA USO SISTÉMICO;R06AA;AMINOALQUIL ÉTERES;R06AA08;CARBINOXAMINA
R;SISTEMA RESPIRATORIO;R06A;ANTIHISTAMÍNICOS PARA USO SISTÉMICO;R06AA;AMINOALQUIL ÉTERES;R06AA09;DOXILAMINA
R;SISTEMA RESPIRATORIO;R06A;ANTIHISTAMÍNICOS PARA USO SISTÉMICO;R06AA;AMINOALQUIL ÉTERES;R06AA52;DIFENHIDRAMINA, COMBINACIONES
R;SISTEMA RESPIRATORIO;R06A;ANTIHISTAMÍNICOS PARA USO SISTÉMICO;R06AA;AMINOALQUIL ÉTERES;R06AA54;CLEMASTINA, COMBINACIONES
R;SISTEMA RESPIRATORIO;R06A;ANTIHISTAMÍNICOS PARA USO SISTÉMICO;R06AA;AMINOALQUIL ÉTERES;R06AA56;CLORFENOXAMINA, COMBINACIONES
R;SISTEMA RESPIRATORIO;R06A;ANTIHISTAMÍNICOS PARA USO SISTÉMICO;R06AA;AMINOALQUIL ÉTERES;R06AA57;DIFENILPIRALINA, COMBINACIONES
R;SISTEMA RESPIRATORIO;R06A;ANTIHISTAMÍNICOS PARA USO SISTÉMICO;R06AA;AMINOALQUIL ÉTERES;R06AA59;DOXILAMINA, COMBINACIONES
R;SISTEMA RESPIRATORIO;R06A;ANTIHISTAMÍNICOS PARA USO SISTÉMICO;R06AB;ALQUILAMINAS SUBSTITUIDAS;R06AB01;BROMFENIRAMINA
R;SISTEMA RESPIRATORIO;R06A;ANTIHISTAMÍNICOS PARA USO SISTÉMICO;R06AB;ALQUILAMINAS SUBSTITUIDAS;R06AB02;DEXCLORFENIRAMINA
R;SISTEMA RESPIRATORIO;R06A;ANTIHISTAMÍNICOS PARA USO SISTÉMICO;R06AB;ALQUILAMINAS SUBSTITUIDAS;R06AB03;DIMETINDENO
R;SISTEMA RESPIRATORIO;R06A;ANTIHISTAMÍNICOS PARA USO SISTÉMICO;R06AB;ALQUILAMINAS SUBSTITUIDAS;R06AB04;CLORFENAMINA
R;SISTEMA RESPIRATORIO;R06A;ANTIHISTAMÍNICOS PARA USO SISTÉMICO;R06AB;ALQUILAMINAS SUBSTITUIDAS;R06AB05;FENIRAMINA
R;SISTEMA RESPIRATORIO;R06A;ANTIHISTAMÍNICOS PARA USO SISTÉMICO;R06AB;ALQUILAMINAS SUBSTITUIDAS;R06AB06;DEXBROMFENIRAMINA
R;SISTEMA RESPIRATORIO;R06A;ANTIHISTAMÍNICOS PARA USO SISTÉMICO;R06AB;ALQUILAMINAS SUBSTITUIDAS;R06AB07;TALASTINA
R;SISTEMA RESPIRATORIO;R06A;ANTIHISTAMÍNICOS PARA USO SISTÉMICO;R06AB;ALQUILAMINAS SUBSTITUIDAS;R06AB51;BROMFENIRAMINA, COMBINACIONES
R;SISTEMA RESPIRATORIO;R06A;ANTIHISTAMÍNICOS PARA USO SISTÉMICO;R06AB;ALQUILAMINAS SUBSTITUIDAS;R06AB52;DEXCLORFENIRAMINA, COMBINACIONES
R;SISTEMA RESPIRATORIO;R06A;ANTIHISTAMÍNICOS PARA USO SISTÉMICO;R06AB;ALQUILAMINAS SUBSTITUIDAS;R06AB54;CLORFENIRAMINA, COMBINACIONES
R;SISTEMA RESPIRATORIO;R06A;ANTIHISTAMÍNICOS PARA USO SISTÉMICO;R06AB;ALQUILAMINAS SUBSTITUIDAS;R06AB56;DEXBROMFENIRAMINA, COMBINACIONES
R;SISTEMA RESPIRATORIO;R06A;ANTIHISTAMÍNICOS PARA USO SISTÉMICO;R06AC;ETILENDIAMINAS SUBSTITUIDAS;R06AC01;MEPIRAMINA
R;SISTEMA RESPIRATORIO;R06A;ANTIHISTAMÍNICOS PARA USO SISTÉMICO;R06AC;ETILENDIAMINAS SUBSTITUIDAS;R06AC02;HISTAPIRRODINA
R;SISTEMA RESPIRATORIO;R06A;ANTIHISTAMÍNICOS PARA USO SISTÉMICO;R06AC;ETILENDIAMINAS SUBSTITUIDAS;R06AC03;CLORPIRAMINA
R;SISTEMA RESPIRATORIO;R06A;ANTIHISTAMÍNICOS PARA USO SISTÉMICO;R06AC;ETILENDIAMINAS SUBSTITUIDAS;R06AC04;TRIPELENAMINA
R;SISTEMA RESPIRATORIO;R06A;ANTIHISTAMÍNICOS PARA USO SISTÉMICO;R06AC;ETILENDIAMINAS SUBSTITUIDAS;R06AC05;METAPIRILENO
R;SISTEMA RESPIRATORIO;R06A;ANTIHISTAMÍNICOS PARA USO SISTÉMICO;R06AC;ETILENDIAMINAS SUBSTITUIDAS;R06AC06;TONZILAMINA
R;SISTEMA RESPIRATORIO;R06A;ANTIHISTAMÍNICOS PARA USO SISTÉMICO;R06AC;ETILENDIAMINAS SUBSTITUIDAS;R06AC52;HISTAPIRRODINA, COMBINACIONES
R;SISTEMA RESPIRATORIO;R06A;ANTIHISTAMÍNICOS PARA USO SISTÉMICO;R06AC;ETILENDIAMINAS SUBSTITUIDAS;R06AC53;CLORPIRAMINA, COMBINACIONES
R;SISTEMA RESPIRATORIO;R06A;ANTIHISTAMÍNICOS PARA USO SISTÉMICO;R06AD;DERIVADOS DE LA FENOTIAZINA;R06AD01;ALIMEMAZINA
R;SISTEMA RESPIRATORIO;R06A;ANTIHISTAMÍNICOS PARA USO SISTÉMICO;R06AD;DERIVADOS DE LA FENOTIAZINA;R06AD02;PROMETAZINA
R;SISTEMA RESPIRATORIO;R06A;ANTIHISTAMÍNICOS PARA USO SISTÉMICO;R06AD;DERIVADOS DE LA FENOTIAZINA;R06AD03;TIETILPERAZINA
R;SISTEMA RESPIRATORIO;R06A;ANTIHISTAMÍNICOS PARA USO SISTÉMICO;R06AD;DERIVADOS DE LA FENOTIAZINA;R06AD04;METDILAZINA
R;SISTEMA RESPIRATORIO;R06A;ANTIHISTAMÍNICOS PARA USO SISTÉMICO;R06AD;DERIVADOS DE LA FENOTIAZINA;R06AD05;HIDROXIETILPROMETAZINA
R;SISTEMA RESPIRATORIO;R06A;ANTIHISTAMÍNICOS PARA USO SISTÉMICO;R06AD;DERIVADOS DE LA FENOTIAZINA;R06AD06;TIAZINAMIO
R;SISTEMA RESPIRATORIO;R06A;ANTIHISTAMÍNICOS PARA USO SISTÉMICO;R06AD;DERIVADOS DE LA FENOTIAZINA;R06AD07;MEQUITAZINA
R;SISTEMA RESPIRATORIO;R06A;ANTIHISTAMÍNICOS PARA USO SISTÉMICO;R06AD;DERIVADOS DE LA FENOTIAZINA;R06AD08;OXOMEMAZINA
R;SISTEMA RESPIRATORIO;R06A;ANTIHISTAMÍNICOS PARA USO SISTÉMICO;R06AD;DERIVADOS DE LA FENOTIAZINA;R06AD09;ISOTIPENDILO
R;SISTEMA RESPIRATORIO;R06A;ANTIHISTAMÍNICOS PARA USO SISTÉMICO;R06AD;DERIVADOS DE LA FENOTIAZINA;R06AD52;PROMETAZINA, COMBINACIONES
R;SISTEMA RESPIRATORIO;R06A;ANTIHISTAMÍNICOS PARA USO SISTÉMICO;R06AD;DERIVADOS DE LA FENOTIAZINA;R06AD55;HIDROXIETILPROMETAZINA, COMBINACIONES
R;SISTEMA RESPIRATORIO;R06A;ANTIHISTAMÍNICOS PARA USO SISTÉMICO;R06AE;DERIVADOS DE LA PIPERAZINA;R06AE01;BUCLIZINA
R;SISTEMA RESPIRATORIO;R06A;ANTIHISTAMÍNICOS PARA USO SISTÉMICO;R06AE;DERIVADOS DE LA PIPERAZINA;R06AE03;CICLIZINA
R;SISTEMA RESPIRATORIO;R06A;ANTIHISTAMÍNICOS PARA USO SISTÉMICO;R06AE;DERIVADOS DE LA PIPERAZINA;R06AE04;CLORCICLIZINA
R;SISTEMA RESPIRATORIO;R06A;ANTIHISTAMÍNICOS PARA USO SISTÉMICO;R06AE;DERIVADOS DE LA PIPERAZINA;R06AE05;MECLOZINA
R;SISTEMA RESPIRATORIO;R06A;ANTIHISTAMÍNICOS PARA USO SISTÉMICO;R06AE;DERIVADOS DE LA PIPERAZINA;R06AE06;OXATOMIDA
R;SISTEMA RESPIRATORIO;R06A;ANTIHISTAMÍNICOS PARA USO SISTÉMICO;R06AE;DERIVADOS DE LA PIPERAZINA;R06AE07;CETIRIZINA
R;SISTEMA RESPIRATORIO;R06A;ANTIHISTAMÍNICOS PARA USO SISTÉMICO;R06AE;DERIVADOS DE LA PIPERAZINA;R06AE09;LEVOCETIRIZINA
R;SISTEMA RESPIRATORIO;R06A;ANTIHISTAMÍNICOS PARA USO SISTÉMICO;R06AE;DERIVADOS DE LA PIPERAZINA;R06AE51;BUCLIZINA, COMBINACIONES
R;SISTEMA RESPIRATORIO;R06A;ANTIHISTAMÍNICOS PARA USO SISTÉMICO;R06AE;DERIVADOS DE LA PIPERAZINA;R06AE53;CICLIZINA, COMBINACIONES
R;SISTEMA RESPIRATORIO;R06A;ANTIHISTAMÍNICOS PARA USO SISTÉMICO;R06AE;DERIVADOS DE LA PIPERAZINA;R06AE55;MECLOZINA, COMBINACIONES
R;SISTEMA RESPIRATORIO;R06A;ANTIHISTAMÍNICOS PARA USO SISTÉMICO;R06AX;OTROS ANTIHISTAMÍNICOS PARA USO SISTÉMICO;R06AX01;BAMIPINA
R;SISTEMA RESPIRATORIO;R06A;ANTIHISTAMÍNICOS PARA USO SISTÉMICO;R06AX;OTROS ANTIHISTAMÍNICOS PARA USO SISTÉMICO;R06AX02;CIPROHEPTADINA
R;SISTEMA RESPIRATORIO;R06A;ANTIHISTAMÍNICOS PARA USO SISTÉMICO;R06AX;OTROS ANTIHISTAMÍNICOS PARA USO SISTÉMICO;R06AX03;TENALIDINA
R;SISTEMA RESPIRATORIO;R06A;ANTIHISTAMÍNICOS PARA USO SISTÉMICO;R06AX;OTROS ANTIHISTAMÍNICOS PARA USO SISTÉMICO;R06AX04;FENINDAMINA
R;SISTEMA RESPIRATORIO;R06A;ANTIHISTAMÍNICOS PARA USO SISTÉMICO;R06AX;OTROS ANTIHISTAMÍNICOS PARA USO SISTÉMICO;R06AX05;ANTAZOLINA
R;SISTEMA RESPIRATORIO;R06A;ANTIHISTAMÍNICOS PARA USO SISTÉMICO;R06AX;OTROS ANTIHISTAMÍNICOS PARA USO SISTÉMICO;R06AX07;TRIPROLIDINA
R;SISTEMA RESPIRATORIO;R06A;ANTIHISTAMÍNICOS PARA USO SISTÉMICO;R06AX;OTROS ANTIHISTAMÍNICOS PARA USO SISTÉMICO;R06AX08;PIRROBUTAMINA
R;SISTEMA RESPIRATORIO;R06A;ANTIHISTAMÍNICOS PARA USO SISTÉMICO;R06AX;OTROS ANTIHISTAMÍNICOS PARA USO SISTÉMICO;R06AX09;AZATADINA
R;SISTEMA RESPIRATORIO;R06A;ANTIHISTAMÍNICOS PARA USO SISTÉMICO;R06AX;OTROS ANTIHISTAMÍNICOS PARA USO SISTÉMICO;R06AX11;ASTEMIZOL
R;SISTEMA RESPIRATORIO;R06A;ANTIHISTAMÍNICOS PARA USO SISTÉMICO;R06AX;OTROS ANTIHISTAMÍNICOS PARA USO SISTÉMICO;R06AX12;TERFENADINA
R;SISTEMA RESPIRATORIO;R06A;ANTIHISTAMÍNICOS PARA USO SISTÉMICO;R06AX;OTROS ANTIHISTAMÍNICOS PARA USO SISTÉMICO;R06AX13;LORATADINA
R;SISTEMA RESPIRATORIO;R06A;ANTIHISTAMÍNICOS PARA USO SISTÉMICO;R06AX;OTROS ANTIHISTAMÍNICOS PARA USO SISTÉMICO;R06AX15;MEBHIDROLINA
R;SISTEMA RESPIRATORIO;R06A;ANTIHISTAMÍNICOS PARA USO SISTÉMICO;R06AX;OTROS ANTIHISTAMÍNICOS PARA USO SISTÉMICO;R06AX16;DEPTROPINA
R;SISTEMA RESPIRATORIO;R06A;ANTIHISTAMÍNICOS PARA USO SISTÉMICO;R06AX;OTROS ANTIHISTAMÍNICOS PARA USO SISTÉMICO;R06AX17;KETOTIFENO
R;SISTEMA RESPIRATORIO;R06A;ANTIHISTAMÍNICOS PARA USO SISTÉMICO;R06AX;OTROS ANTIHISTAMÍNICOS PARA USO SISTÉMICO;R06AX18;ACRIVASTINA
R;SISTEMA RESPIRATORIO;R06A;ANTIHISTAMÍNICOS PARA USO SISTÉMICO;R06AX;OTROS ANTIHISTAMÍNICOS PARA USO SISTÉMICO;R06AX19;AZELASTINA
R;SISTEMA RESPIRATORIO;R06A;ANTIHISTAMÍNICOS PARA USO SISTÉMICO;R06AX;OTROS ANTIHISTAMÍNICOS PARA USO SISTÉMICO;R06AX21;TRITOCUALINA
R;SISTEMA RESPIRATORIO;R06A;ANTIHISTAMÍNICOS PARA USO SISTÉMICO;R06AX;OTROS ANTIHISTAMÍNICOS PARA USO SISTÉMICO;R06AX22;EBASTINA
R;SISTEMA RESPIRATORIO;R06A;ANTIHISTAMÍNICOS PARA USO SISTÉMICO;R06AX;OTROS ANTIHISTAMÍNICOS PARA USO SISTÉMICO;R06AX23;PIMETIXENO
R;SISTEMA RESPIRATORIO;R06A;ANTIHISTAMÍNICOS PARA USO SISTÉMICO;R06AX;OTROS ANTIHISTAMÍNICOS PARA USO SISTÉMICO;R06AX24;EPINASTINA
R;SISTEMA RESPIRATORIO;R06A;ANTIHISTAMÍNICOS PARA USO SISTÉMICO;R06AX;OTROS ANTIHISTAMÍNICOS PARA USO SISTÉMICO;R06AX25;MIZOLASTINA
R;SISTEMA RESPIRATORIO;R06A;ANTIHISTAMÍNICOS PARA USO SISTÉMICO;R06AX;OTROS ANTIHISTAMÍNICOS PARA USO SISTÉMICO;R06AX26;FEXOFENADINA
R;SISTEMA RESPIRATORIO;R06A;ANTIHISTAMÍNICOS PARA USO SISTÉMICO;R06AX;OTROS ANTIHISTAMÍNICOS PARA USO SISTÉMICO;R06AX27;DESLORATADINA
R;SISTEMA RESPIRATORIO;R06A;ANTIHISTAMÍNICOS PARA USO SISTÉMICO;R06AX;OTROS ANTIHISTAMÍNICOS PARA USO SISTÉMICO;R06AX28;RUPATADINA
R;SISTEMA RESPIRATORIO;R06A;ANTIHISTAMÍNICOS PARA USO SISTÉMICO;R06AX;OTROS ANTIHISTAMÍNICOS PARA USO SISTÉMICO;R06AX29;BILASTINA
R;SISTEMA RESPIRATORIO;R06A;ANTIHISTAMÍNICOS PARA USO SISTÉMICO;R06AX;OTROS ANTIHISTAMÍNICOS PARA USO SISTÉMICO;R06AX31;QUIFENADINA
R;SISTEMA RESPIRATORIO;R06A;ANTIHISTAMÍNICOS PARA USO SISTÉMICO;R06AX;OTROS ANTIHISTAMÍNICOS PARA USO SISTÉMICO;R06AX32;SEQUIFENADINA
R;SISTEMA RESPIRATORIO;R06A;ANTIHISTAMÍNICOS PARA USO SISTÉMICO;R06AX;OTROS ANTIHISTAMÍNICOS PARA USO SISTÉMICO;R06AX53;TENALIDINA, COMBINACIONES
R;SISTEMA RESPIRATORIO;R06A;ANTIHISTAMÍNICOS PARA USO SISTÉMICO;R06AX;OTROS ANTIHISTAMÍNICOS PARA USO SISTÉMICO;R06AX58;PIRROBUTAMINA, COMBINACIONES
R;SISTEMA RESPIRATORIO;R07A;OTROS FÁRMACOS PARA EL SISTEMA RESPIRATORIO;R07AA;SURFACTANTES PULMONARES;R07AA01;COLFOSCERILO, PALMITATO DE
R;SISTEMA RESPIRATORIO;R07A;OTROS FÁRMACOS PARA EL SISTEMA RESPIRATORIO;R07AA;SURFACTANTES PULMONARES;R07AA02;FOSFOLÍPIDOS NATURALES
R;SISTEMA RESPIRATORIO;R07A;OTROS FÁRMACOS PARA EL SISTEMA RESPIRATORIO;R07AA;SURFACTANTES PULMONARES;R07AA30;COMBINACIONES
R;SISTEMA RESPIRATORIO;R07A;OTROS FÁRMACOS PARA EL SISTEMA RESPIRATORIO;R07AB;ESTIMULANTES RESPIRATORIOS;R07AB01;DOXAPRAM
R;SISTEMA RESPIRATORIO;R07A;OTROS FÁRMACOS PARA EL SISTEMA RESPIRATORIO;R07AB;ESTIMULANTES RESPIRATORIOS;R07AB02;NIKETAMIDA
R;SISTEMA RESPIRATORIO;R07A;OTROS FÁRMACOS PARA EL SISTEMA RESPIRATORIO;R07AB;ESTIMULANTES RESPIRATORIOS;R07AB03;PENTETRAZOL
R;SISTEMA RESPIRATORIO;R07A;OTROS FÁRMACOS PARA EL SISTEMA RESPIRATORIO;R07AB;ESTIMULANTES RESPIRATORIOS;R07AB04;ETAMIVÁN
R;SISTEMA RESPIRATORIO;R07A;OTROS FÁRMACOS PARA EL SISTEMA RESPIRATORIO;R07AB;ESTIMULANTES RESPIRATORIOS;R07AB05;BEMEGRIDA
R;SISTEMA RESPIRATORIO;R07A;OTROS FÁRMACOS PARA EL SISTEMA RESPIRATORIO;R07AB;ESTIMULANTES RESPIRATORIOS;R07AB06;PRETCAMIDA
R;SISTEMA RESPIRATORIO;R07A;OTROS FÁRMACOS PARA EL SISTEMA RESPIRATORIO;R07AB;ESTIMULANTES RESPIRATORIOS;R07AB07;ALMITRINA
R;SISTEMA RESPIRATORIO;R07A;OTROS FÁRMACOS PARA EL SISTEMA RESPIRATORIO;R07AB;ESTIMULANTES RESPIRATORIOS;R07AB08;DIMEFLINA
R;SISTEMA RESPIRATORIO;R07A;OTROS FÁRMACOS PARA EL SISTEMA RESPIRATORIO;R07AB;ESTIMULANTES RESPIRATORIOS;R07AB09;MEPIXANOX
R;SISTEMA RESPIRATORIO;R07A;OTROS FÁRMACOS PARA EL SISTEMA RESPIRATORIO;R07AB;ESTIMULANTES RESPIRATORIOS;R07AB52;NIKETAMIDA, COMBINACIONES
R;SISTEMA RESPIRATORIO;R07A;OTROS FÁRMACOS PARA EL SISTEMA RESPIRATORIO;R07AB;ESTIMULANTES RESPIRATORIOS;R07AB53;PENTETRAZOL, COMBINACIONES
R;SISTEMA RESPIRATORIO;R07A;OTROS FÁRMACOS PARA EL SISTEMA RESPIRATORIO;R07AX;OTROS FÁRMACOS PARA EL SISTEMA RESPIRATORIOS;R07AX01;ÓXIDO NÍTRICO
R;SISTEMA RESPIRATORIO;R07A;OTROS FÁRMACOS PARA EL SISTEMA RESPIRATORIO;R07AX;OTROS FÁRMACOS PARA EL SISTEMA RESPIRATORIOS;R07AX02;IVACAFTOR
R;SISTEMA RESPIRATORIO;R07A;OTROS FÁRMACOS PARA EL SISTEMA RESPIRATORIO;R07AX;OTROS FÁRMACOS PARA EL SISTEMA RESPIRATORIOS;RO3AL03;VILANTEROL YBROMURO DE UMECLIDINIO
R;SISTEMA RESPIRATORIO;R07A;OTROS FÁRMACOS PARA EL SISTEMA RESPIRATORIO;R07AX;OTROS FÁRMACOS PARA EL SISTEMA RESPIRATORIOS;RO3AL04;INDACATEROL Y BROMURO DE GLICOPIRRONIO
S;ÓRGANOS DE LOS SENTIDOS;S01A;ANTIINFECCIOSOS;S01AA;ANTIBIÓTICOS;S01AA01;CLORANFENICOL
S;ÓRGANOS DE LOS SENTIDOS;S01A;ANTIINFECCIOSOS;S01AA;ANTIBIÓTICOS;S01AA02;CLORTETRACICLINA
S;ÓRGANOS DE LOS SENTIDOS;S01A;ANTIINFECCIOSOS;S01AA;ANTIBIÓTICOS;S01AA03;NEOMICINA
S;ÓRGANOS DE LOS SENTIDOS;S01A;ANTIINFECCIOSOS;S01AA;ANTIBIÓTICOS;S01AA04;OXITETRACICLINA
S;ÓRGANOS DE LOS SENTIDOS;S01A;ANTIINFECCIOSOS;S01AA;ANTIBIÓTICOS;S01AA05;TIROTRICINA
S;ÓRGANOS DE LOS SENTIDOS;S01A;ANTIINFECCIOSOS;S01AA;ANTIBIÓTICOS;S01AA07;FRAMICETINA
S;ÓRGANOS DE LOS SENTIDOS;S01A;ANTIINFECCIOSOS;S01AA;ANTIBIÓTICOS;S01AA09;TETRACICLINA
S;ÓRGANOS DE LOS SENTIDOS;S01A;ANTIINFECCIOSOS;S01AA;ANTIBIÓTICOS;S01AA10;NATAMICINA
S;ÓRGANOS DE LOS SENTIDOS;S01A;ANTIINFECCIOSOS;S01AA;ANTIBIÓTICOS;S01AA11;GENTAMICINA
S;ÓRGANOS DE LOS SENTIDOS;S01A;ANTIINFECCIOSOS;S01AA;ANTIBIÓTICOS;S01AA12;TOBRAMICINA
S;ÓRGANOS DE LOS SENTIDOS;S01A;ANTIINFECCIOSOS;S01AA;ANTIBIÓTICOS;S01AA13;ÁCIDO FUSÍDICO
S;ÓRGANOS DE LOS SENTIDOS;S01A;ANTIINFECCIOSOS;S01AA;ANTIBIÓTICOS;S01AA14;BENCILPENICILINA
S;ÓRGANOS DE LOS SENTIDOS;S01A;ANTIINFECCIOSOS;S01AA;ANTIBIÓTICOS;S01AA15;DIHIDROESTREPTOMICINA
S;ÓRGANOS DE LOS SENTIDOS;S01A;ANTIINFECCIOSOS;S01AA;ANTIBIÓTICOS;S01AA16;RIFAMICINA
S;ÓRGANOS DE LOS SENTIDOS;S01A;ANTIINFECCIOSOS;S01AA;ANTIBIÓTICOS;S01AA17;ERITROMICINA
S;ÓRGANOS DE LOS SENTIDOS;S01A;ANTIINFECCIOSOS;S01AA;ANTIBIÓTICOS;S01AA18;POLIMIXINA B
S;ÓRGANOS DE LOS SENTIDOS;S01A;ANTIINFECCIOSOS;S01AA;ANTIBIÓTICOS;S01AA19;AMPICILINA
S;ÓRGANOS DE LOS SENTIDOS;S01A;ANTIINFECCIOSOS;S01AA;ANTIBIÓTICOS;S01AA20;ANTIBIÓTICOS EN COMBINACIÓN CON OTRAS DROGAS
S;ÓRGANOS DE LOS SENTIDOS;S01A;ANTIINFECCIOSOS;S01AA;ANTIBIÓTICOS;S01AA21;AMIKACINA
S;ÓRGANOS DE LOS SENTIDOS;S01A;ANTIINFECCIOSOS;S01AA;ANTIBIÓTICOS;S01AA22;MICRONOMICINA
S;ÓRGANOS DE LOS SENTIDOS;S01A;ANTIINFECCIOSOS;S01AA;ANTIBIÓTICOS;S01AA23;NETILMICINA
S;ÓRGANOS DE LOS SENTIDOS;S01A;ANTIINFECCIOSOS;S01AA;ANTIBIÓTICOS;S01AA24;KANAMICINA
S;ÓRGANOS DE LOS SENTIDOS;S01A;ANTIINFECCIOSOS;S01AA;ANTIBIÓTICOS;S01AA25;AZIDAMFENICOL
S;ÓRGANOS DE LOS SENTIDOS;S01A;ANTIINFECCIOSOS;S01AA;ANTIBIÓTICOS;S01AA26;AZITROMICINA
S;ÓRGANOS DE LOS SENTIDOS;S01A;ANTIINFECCIOSOS;S01AA;ANTIBIÓTICOS;S01AA27;CEFUROXIMA
S;ÓRGANOS DE LOS SENTIDOS;S01A;ANTIINFECCIOSOS;S01AA;ANTIBIÓTICOS;S01AA30;COMBINACIONES DE DIFERENTES ANTIBIÓTICOS
S;ÓRGANOS DE LOS SENTIDOS;S01A;ANTIINFECCIOSOS;S01AB;SULFONAMIDAS;S01AB01;SULFAMETIZOL
S;ÓRGANOS DE LOS SENTIDOS;S01A;ANTIINFECCIOSOS;S01AB;SULFONAMIDAS;S01AB02;SULFAFURAZOL
S;ÓRGANOS DE LOS SENTIDOS;S01A;ANTIINFECCIOSOS;S01AB;SULFONAMIDAS;S01AB03;SULFADICRAMIDA
S;ÓRGANOS DE LOS SENTIDOS;S01A;ANTIINFECCIOSOS;S01AB;SULFONAMIDAS;S01AB04;SULFACETAMIDA
S;ÓRGANOS DE LOS SENTIDOS;S01A;ANTIINFECCIOSOS;S01AB;SULFONAMIDAS;S01AB05;SULFAFENAZOL
S;ÓRGANOS DE LOS SENTIDOS;S01A;ANTIINFECCIOSOS;S01AD;ANTIVIRALES;S01AD01;IDOXURIDINA
S;ÓRGANOS DE LOS SENTIDOS;S01A;ANTIINFECCIOSOS;S01AD;ANTIVIRALES;S01AD02;TRIFLURIDINA
S;ÓRGANOS DE LOS SENTIDOS;S01A;ANTIINFECCIOSOS;S01AD;ANTIVIRALES;S01AD03;ACICLOVIR
S;ÓRGANOS DE LOS SENTIDOS;S01A;ANTIINFECCIOSOS;S01AD;ANTIVIRALES;S01AD05;INTERFERÓN
S;ÓRGANOS DE LOS SENTIDOS;S01A;ANTIINFECCIOSOS;S01AD;ANTIVIRALES;S01AD06;VIDARABINA
S;ÓRGANOS DE LOS SENTIDOS;S01A;ANTIINFECCIOSOS;S01AD;ANTIVIRALES;S01AD07;FAMCICLOVIR
S;ÓRGANOS DE LOS SENTIDOS;S01A;ANTIINFECCIOSOS;S01AD;ANTIVIRALES;S01AD08;FOMIVIRSENO
S;ÓRGANOS DE LOS SENTIDOS;S01A;ANTIINFECCIOSOS;S01AD;ANTIVIRALES;S01AD09;GANCICLOVIR
S;ÓRGANOS DE LOS SENTIDOS;S01A;ANTIINFECCIOSOS;S01AE;FLUOROQUINOLONAS;S01AE01;OFLOXACINO
S;ÓRGANOS DE LOS SENTIDOS;S01A;ANTIINFECCIOSOS;S01AE;FLUOROQUINOLONAS;S01AE02;NORFLOXACINO
S;ÓRGANOS DE LOS SENTIDOS;S01A;ANTIINFECCIOSOS;S01AE;FLUOROQUINOLONAS;S01AE03;CIPROFLOXACINO
S;ÓRGANOS DE LOS SENTIDOS;S01A;ANTIINFECCIOSOS;S01AE;FLUOROQUINOLONAS;S01AE04;LOMEFLOXACINO
S;ÓRGANOS DE LOS SENTIDOS;S01A;ANTIINFECCIOSOS;S01AE;FLUOROQUINOLONAS;S01AE05;LEVOFLOXACINO
S;ÓRGANOS DE LOS SENTIDOS;S01A;ANTIINFECCIOSOS;S01AE;FLUOROQUINOLONAS;S01AE06;GATIFLOXACINO
S;ÓRGANOS DE LOS SENTIDOS;S01A;ANTIINFECCIOSOS;S01AE;FLUOROQUINOLONAS;S01AE07;MOXIFLOXACINO
S;ÓRGANOS DE LOS SENTIDOS;S01A;ANTIINFECCIOSOS;S01AE;FLUOROQUINOLONAS;S01AE08;BESIFLOXACINO
S;ÓRGANOS DE LOS SENTIDOS;S01A;ANTIINFECCIOSOS;S01AX;OTROS ANTIINFECCIOSOS;S01AX01;MERCURIO, COMPUESTOS DEL
S;ÓRGANOS DE LOS SENTIDOS;S01A;ANTIINFECCIOSOS;S01AX;OTROS ANTIINFECCIOSOS;S01AX02;PLATA, COMPUESTOS DE
S;ÓRGANOS DE LOS SENTIDOS;S01A;ANTIINFECCIOSOS;S01AX;OTROS ANTIINFECCIOSOS;S01AX03;ZINC, COMPUESTOS DE
S;ÓRGANOS DE LOS SENTIDOS;S01A;ANTIINFECCIOSOS;S01AX;OTROS ANTIINFECCIOSOS;S01AX04;NITROFURAL
S;ÓRGANOS DE LOS SENTIDOS;S01A;ANTIINFECCIOSOS;S01AX;OTROS ANTIINFECCIOSOS;S01AX05;BIBROCATOL
S;ÓRGANOS DE LOS SENTIDOS;S01A;ANTIINFECCIOSOS;S01AX;OTROS ANTIINFECCIOSOS;S01AX06;RESORCINOL
S;ÓRGANOS DE LOS SENTIDOS;S01A;ANTIINFECCIOSOS;S01AX;OTROS ANTIINFECCIOSOS;S01AX07;BORATO DE SODIO
S;ÓRGANOS DE LOS SENTIDOS;S01A;ANTIINFECCIOSOS;S01AX;OTROS ANTIINFECCIOSOS;S01AX08;HEXAMIDINA
S;ÓRGANOS DE LOS SENTIDOS;S01A;ANTIINFECCIOSOS;S01AX;OTROS ANTIINFECCIOSOS;S01AX09;CLORHEXIDINA
S;ÓRGANOS DE LOS SENTIDOS;S01A;ANTIINFECCIOSOS;S01AX;OTROS ANTIINFECCIOSOS;S01AX10;PROPIONATO DE SODIO
S;ÓRGANOS DE LOS SENTIDOS;S01A;ANTIINFECCIOSOS;S01AX;OTROS ANTIINFECCIOSOS;S01AX14;DIBROMPROPAMIDINA
S;ÓRGANOS DE LOS SENTIDOS;S01A;ANTIINFECCIOSOS;S01AX;OTROS ANTIINFECCIOSOS;S01AX15;PROPAMIDINA
S;ÓRGANOS DE LOS SENTIDOS;S01A;ANTIINFECCIOSOS;S01AX;OTROS ANTIINFECCIOSOS;S01AX16;PICLOXIDINA
S;ÓRGANOS DE LOS SENTIDOS;S01A;ANTIINFECCIOSOS;S01AX;OTROS ANTIINFECCIOSOS;S01AX18;IODO POVIDONA
S;ÓRGANOS DE LOS SENTIDOS;S01B;AGENTES ANTIINFLAMATORIOS;S01BA;CORTICOSTEROIDES, MONOTERAPIA;S01BA01;DEXAMETASONA
S;ÓRGANOS DE LOS SENTIDOS;S01B;AGENTES ANTIINFLAMATORIOS;S01BA;CORTICOSTEROIDES, MONOTERAPIA;S01BA02;HIDROCORTISONA
S;ÓRGANOS DE LOS SENTIDOS;S01B;AGENTES ANTIINFLAMATORIOS;S01BA;CORTICOSTEROIDES, MONOTERAPIA;S01BA03;CORTISONA
S;ÓRGANOS DE LOS SENTIDOS;S01B;AGENTES ANTIINFLAMATORIOS;S01BA;CORTICOSTEROIDES, MONOTERAPIA;S01BA04;PREDNISOLONA
S;ÓRGANOS DE LOS SENTIDOS;S01B;AGENTES ANTIINFLAMATORIOS;S01BA;CORTICOSTEROIDES, MONOTERAPIA;S01BA05;TRIAMCINOLONA
S;ÓRGANOS DE LOS SENTIDOS;S01B;AGENTES ANTIINFLAMATORIOS;S01BA;CORTICOSTEROIDES, MONOTERAPIA;S01BA06;BETAMETASONA
S;ÓRGANOS DE LOS SENTIDOS;S01B;AGENTES ANTIINFLAMATORIOS;S01BA;CORTICOSTEROIDES, MONOTERAPIA;S01BA07;FLUOROMETOLONA
S;ÓRGANOS DE LOS SENTIDOS;S01B;AGENTES ANTIINFLAMATORIOS;S01BA;CORTICOSTEROIDES, MONOTERAPIA;S01BA08;MEDRISONA
S;ÓRGANOS DE LOS SENTIDOS;S01B;AGENTES ANTIINFLAMATORIOS;S01BA;CORTICOSTEROIDES, MONOTERAPIA;S01BA09;CLOBETASONA
S;ÓRGANOS DE LOS SENTIDOS;S01B;AGENTES ANTIINFLAMATORIOS;S01BA;CORTICOSTEROIDES, MONOTERAPIA;S01BA10;ALCLOMETASONA
S;ÓRGANOS DE LOS SENTIDOS;S01B;AGENTES ANTIINFLAMATORIOS;S01BA;CORTICOSTEROIDES, MONOTERAPIA;S01BA11;DESONIDA
S;ÓRGANOS DE LOS SENTIDOS;S01B;AGENTES ANTIINFLAMATORIOS;S01BA;CORTICOSTEROIDES, MONOTERAPIA;S01BA12;FORMOCORTAL
S;ÓRGANOS DE LOS SENTIDOS;S01B;AGENTES ANTIINFLAMATORIOS;S01BA;CORTICOSTEROIDES, MONOTERAPIA;S01BA13;RIMEXOLONA
S;ÓRGANOS DE LOS SENTIDOS;S01B;AGENTES ANTIINFLAMATORIOS;S01BA;CORTICOSTEROIDES, MONOTERAPIA;S01BA14;LOTEPREDNOL
S;ÓRGANOS DE LOS SENTIDOS;S01B;AGENTES ANTIINFLAMATORIOS;S01BA;CORTICOSTEROIDES, MONOTERAPIA;S01BA15;ACETÓNIDO DE FLUOCINOLONA
S;ÓRGANOS DE LOS SENTIDOS;S01B;AGENTES ANTIINFLAMATORIOS;S01BB;CORTICOSTEROIDES Y MIDRIÁTICOS EN COMBINACIÓN;S01BB01;HIDROCORTISONA Y MIDRIÁTICOS
S;ÓRGANOS DE LOS SENTIDOS;S01B;AGENTES ANTIINFLAMATORIOS;S01BB;CORTICOSTEROIDES Y MIDRIÁTICOS EN COMBINACIÓN;S01BB02;PREDNISOLONA Y MIDRIÁTICOS
S;ÓRGANOS DE LOS SENTIDOS;S01B;AGENTES ANTIINFLAMATORIOS;S01BB;CORTICOSTEROIDES Y MIDRIÁTICOS EN COMBINACIÓN;S01BB03;FLUOROMETOLONA Y MIDRIÁTICOS
S;ÓRGANOS DE LOS SENTIDOS;S01B;AGENTES ANTIINFLAMATORIOS;S01BB;CORTICOSTEROIDES Y MIDRIÁTICOS EN COMBINACIÓN;S01BB04;BETAMETASONA Y MIDRIÁTICOS
S;ÓRGANOS DE LOS SENTIDOS;S01B;AGENTES ANTIINFLAMATORIOS;S01BC;AGENTES ANTIINFLAMATORIOS NO ESTEROIDEOS;S01BC01;INDOMETACINA
S;ÓRGANOS DE LOS SENTIDOS;S01B;AGENTES ANTIINFLAMATORIOS;S01BC;AGENTES ANTIINFLAMATORIOS NO ESTEROIDEOS;S01BC02;OXIFENBUTASONA
S;ÓRGANOS DE LOS SENTIDOS;S01B;AGENTES ANTIINFLAMATORIOS;S01BC;AGENTES ANTIINFLAMATORIOS NO ESTEROIDEOS;S01BC03;DICLOFENACO
S;ÓRGANOS DE LOS SENTIDOS;S01B;AGENTES ANTIINFLAMATORIOS;S01BC;AGENTES ANTIINFLAMATORIOS NO ESTEROIDEOS;S01BC04;FLURBIPROFENO
S;ÓRGANOS DE LOS SENTIDOS;S01B;AGENTES ANTIINFLAMATORIOS;S01BC;AGENTES ANTIINFLAMATORIOS NO ESTEROIDEOS;S01BC05;KETOROLACO
S;ÓRGANOS DE LOS SENTIDOS;S01B;AGENTES ANTIINFLAMATORIOS;S01BC;AGENTES ANTIINFLAMATORIOS NO ESTEROIDEOS;S01BC06;PIROXICAM
S;ÓRGANOS DE LOS SENTIDOS;S01B;AGENTES ANTIINFLAMATORIOS;S01BC;AGENTES ANTIINFLAMATORIOS NO ESTEROIDEOS;S01BC07;BENDAZACO
S;ÓRGANOS DE LOS SENTIDOS;S01B;AGENTES ANTIINFLAMATORIOS;S01BC;AGENTES ANTIINFLAMATORIOS NO ESTEROIDEOS;S01BC08;ÁCIDO SALICÍLICO
S;ÓRGANOS DE LOS SENTIDOS;S01B;AGENTES ANTIINFLAMATORIOS;S01BC;AGENTES ANTIINFLAMATORIOS NO ESTEROIDEOS;S01BC09;PRANOPROFENO
S;ÓRGANOS DE LOS SENTIDOS;S01B;AGENTES ANTIINFLAMATORIOS;S01BC;AGENTES ANTIINFLAMATORIOS NO ESTEROIDEOS;S01BC10;NEPAFENACO
S;ÓRGANOS DE LOS SENTIDOS;S01B;AGENTES ANTIINFLAMATORIOS;S01BC;AGENTES ANTIINFLAMATORIOS NO ESTEROIDEOS;S01BC11;BROMFENACO
S;ÓRGANOS DE LOS SENTIDOS;S01C;AGENTES ANTIINFLAMATORIOS Y ANTIINFECCIOSOS EN COMBINACIÓN;S01CA;CORTICOSTEROIDES Y ANTIINFECCIOSOS EN COMBINACIÓN;S01CA01;DEXAMETASONA Y ANTIINFECCIOSOS
S;ÓRGANOS DE LOS SENTIDOS;S01C;AGENTES ANTIINFLAMATORIOS Y ANTIINFECCIOSOS EN COMBINACIÓN;S01CA;CORTICOSTEROIDES Y ANTIINFECCIOSOS EN COMBINACIÓN;S01CA02;PREDNISOLONA Y ANTIINFECCIOSOS
S;ÓRGANOS DE LOS SENTIDOS;S01C;AGENTES ANTIINFLAMATORIOS Y ANTIINFECCIOSOS EN COMBINACIÓN;S01CA;CORTICOSTEROIDES Y ANTIINFECCIOSOS EN COMBINACIÓN;S01CA03;HIDROCORTISONA Y ANTIINFECCIOSOS
S;ÓRGANOS DE LOS SENTIDOS;S01C;AGENTES ANTIINFLAMATORIOS Y ANTIINFECCIOSOS EN COMBINACIÓN;S01CA;CORTICOSTEROIDES Y ANTIINFECCIOSOS EN COMBINACIÓN;S01CA04;FLUOCORTOLONA Y ANTIINFECCIOSOS
S;ÓRGANOS DE LOS SENTIDOS;S01C;AGENTES ANTIINFLAMATORIOS Y ANTIINFECCIOSOS EN COMBINACIÓN;S01CA;CORTICOSTEROIDES Y ANTIINFECCIOSOS EN COMBINACIÓN;S01CA05;BETAMETASONA Y ANTIINFECCIOSOS
S;ÓRGANOS DE LOS SENTIDOS;S01C;AGENTES ANTIINFLAMATORIOS Y ANTIINFECCIOSOS EN COMBINACIÓN;S01CA;CORTICOSTEROIDES Y ANTIINFECCIOSOS EN COMBINACIÓN;S01CA06;FLUDROCORTISONA Y ANTIINFECCIOSOS
S;ÓRGANOS DE LOS SENTIDOS;S01C;AGENTES ANTIINFLAMATORIOS Y ANTIINFECCIOSOS EN COMBINACIÓN;S01CA;CORTICOSTEROIDES Y ANTIINFECCIOSOS EN COMBINACIÓN;S01CA07;FLUOROMETOLONA Y ANTIINFECCIOSOS
S;ÓRGANOS DE LOS SENTIDOS;S01C;AGENTES ANTIINFLAMATORIOS Y ANTIINFECCIOSOS EN COMBINACIÓN;S01CA;CORTICOSTEROIDES Y ANTIINFECCIOSOS EN COMBINACIÓN;S01CA08;METILPREDNISOLONA Y ANTIINFECCIOSOS
S;ÓRGANOS DE LOS SENTIDOS;S01C;AGENTES ANTIINFLAMATORIOS Y ANTIINFECCIOSOS EN COMBINACIÓN;S01CA;CORTICOSTEROIDES Y ANTIINFECCIOSOS EN COMBINACIÓN;S01CA09;CLOROPREDNISONA Y ANTIINFECCIOSOS
S;ÓRGANOS DE LOS SENTIDOS;S01C;AGENTES ANTIINFLAMATORIOS Y ANTIINFECCIOSOS EN COMBINACIÓN;S01CA;CORTICOSTEROIDES Y ANTIINFECCIOSOS EN COMBINACIÓN;S01CA10;FLUOCINOLONA Y ANTIINFECCIOSOS
S;ÓRGANOS DE LOS SENTIDOS;S01C;AGENTES ANTIINFLAMATORIOS Y ANTIINFECCIOSOS EN COMBINACIÓN;S01CA;CORTICOSTEROIDES Y ANTIINFECCIOSOS EN COMBINACIÓN;S01CA11;CLOBETASONA Y ANTIINFECCIOSOS
S;ÓRGANOS DE LOS SENTIDOS;S01C;AGENTES ANTIINFLAMATORIOS Y ANTIINFECCIOSOS EN COMBINACIÓN;S01CB;CORTICOSTEROIDES, ANTIINFECCIOSOS Y MIDRIÁTICOS EN COMBINACIÓN;S01CB01;DEXAMETASONA
S;ÓRGANOS DE LOS SENTIDOS;S01C;AGENTES ANTIINFLAMATORIOS Y ANTIINFECCIOSOS EN COMBINACIÓN;S01CB;CORTICOSTEROIDES, ANTIINFECCIOSOS Y MIDRIÁTICOS EN COMBINACIÓN;S01CB02;PREDNISOLONA
S;ÓRGANOS DE LOS SENTIDOS;S01C;AGENTES ANTIINFLAMATORIOS Y ANTIINFECCIOSOS EN COMBINACIÓN;S01CB;CORTICOSTEROIDES, ANTIINFECCIOSOS Y MIDRIÁTICOS EN COMBINACIÓN;S01CB03;HIDROCORTISONA
S;ÓRGANOS DE LOS SENTIDOS;S01C;AGENTES ANTIINFLAMATORIOS Y ANTIINFECCIOSOS EN COMBINACIÓN;S01CB;CORTICOSTEROIDES, ANTIINFECCIOSOS Y MIDRIÁTICOS EN COMBINACIÓN;S01CB04;BETAMETASONA
S;ÓRGANOS DE LOS SENTIDOS;S01C;AGENTES ANTIINFLAMATORIOS Y ANTIINFECCIOSOS EN COMBINACIÓN;S01CB;CORTICOSTEROIDES, ANTIINFECCIOSOS Y MIDRIÁTICOS EN COMBINACIÓN;S01CB05;FLUOROMETOLONA
S;ÓRGANOS DE LOS SENTIDOS;S01C;AGENTES ANTIINFLAMATORIOS Y ANTIINFECCIOSOS EN COMBINACIÓN;S01CC;AGENTES ANTIINFLAMATORIOS NO ESTEROIDEOS Y ANTIINFECCIOSOS EN COMBINACIÓN;S01CC01;DICLOFENACO Y ANTIINFECCIOSOS
S;ÓRGANOS DE LOS SENTIDOS;S01E;PREPARADOS CONTRA EL GLAUCOMA Y MIÓTICOS;S01EA;SIMPATICOMIMÉTICOS EN LA TERAPIA DEL GLAUCOMA1);S01EA01;EPINEFRINA
S;ÓRGANOS DE LOS SENTIDOS;S01E;PREPARADOS CONTRA EL GLAUCOMA Y MIÓTICOS;S01EA;SIMPATICOMIMÉTICOS EN LA TERAPIA DEL GLAUCOMA1);S01EA02;DIPIVEFRINA
S;ÓRGANOS DE LOS SENTIDOS;S01E;PREPARADOS CONTRA EL GLAUCOMA Y MIÓTICOS;S01EA;SIMPATICOMIMÉTICOS EN LA TERAPIA DEL GLAUCOMA1);S01EA03;APRACLONIDINA
S;ÓRGANOS DE LOS SENTIDOS;S01E;PREPARADOS CONTRA EL GLAUCOMA Y MIÓTICOS;S01EA;SIMPATICOMIMÉTICOS EN LA TERAPIA DEL GLAUCOMA1);S01EA04;CLONIDINA
S;ÓRGANOS DE LOS SENTIDOS;S01E;PREPARADOS CONTRA EL GLAUCOMA Y MIÓTICOS;S01EA;SIMPATICOMIMÉTICOS EN LA TERAPIA DEL GLAUCOMA1);S01EA05;BRIMONIDINA
S;ÓRGANOS DE LOS SENTIDOS;S01E;PREPARADOS CONTRA EL GLAUCOMA Y MIÓTICOS;S01EA;SIMPATICOMIMÉTICOS EN LA TERAPIA DEL GLAUCOMA1);S01EA51;EPINEFRINA, COMBINACIONES CON
S;ÓRGANOS DE LOS SENTIDOS;S01E;PREPARADOS CONTRA EL GLAUCOMA Y MIÓTICOS;S01EB;PARASIMPATICOMIMÉTICOS;S01EB01;PILOCARPINA
S;ÓRGANOS DE LOS SENTIDOS;S01E;PREPARADOS CONTRA EL GLAUCOMA Y MIÓTICOS;S01EB;PARASIMPATICOMIMÉTICOS;S01EB02;CARBACOL
S;ÓRGANOS DE LOS SENTIDOS;S01E;PREPARADOS CONTRA EL GLAUCOMA Y MIÓTICOS;S01EB;PARASIMPATICOMIMÉTICOS;S01EB03;ECOTIOPATO
S;ÓRGANOS DE LOS SENTIDOS;S01E;PREPARADOS CONTRA EL GLAUCOMA Y MIÓTICOS;S01EB;PARASIMPATICOMIMÉTICOS;S01EB04;DEMECARIO
S;ÓRGANOS DE LOS SENTIDOS;S01E;PREPARADOS CONTRA EL GLAUCOMA Y MIÓTICOS;S01EB;PARASIMPATICOMIMÉTICOS;S01EB05;FISOSTIGMINA
S;ÓRGANOS DE LOS SENTIDOS;S01E;PREPARADOS CONTRA EL GLAUCOMA Y MIÓTICOS;S01EB;PARASIMPATICOMIMÉTICOS;S01EB06;NEOSTIGMINA
S;ÓRGANOS DE LOS SENTIDOS;S01E;PREPARADOS CONTRA EL GLAUCOMA Y MIÓTICOS;S01EB;PARASIMPATICOMIMÉTICOS;S01EB07;FLUOSTIGMINA
S;ÓRGANOS DE LOS SENTIDOS;S01E;PREPARADOS CONTRA EL GLAUCOMA Y MIÓTICOS;S01EB;PARASIMPATICOMIMÉTICOS;S01EB08;ACECLIDINA
S;ÓRGANOS DE LOS SENTIDOS;S01E;PREPARADOS CONTRA EL GLAUCOMA Y MIÓTICOS;S01EB;PARASIMPATICOMIMÉTICOS;S01EB09;ACETILCOLINA
S;ÓRGANOS DE LOS SENTIDOS;S01E;PREPARADOS CONTRA EL GLAUCOMA Y MIÓTICOS;S01EB;PARASIMPATICOMIMÉTICOS;S01EB10;PARAOXÓN
S;ÓRGANOS DE LOS SENTIDOS;S01E;PREPARADOS CONTRA EL GLAUCOMA Y MIÓTICOS;S01EB;PARASIMPATICOMIMÉTICOS;S01EB51;PILOCARPINA, COMBINACIONES
S;ÓRGANOS DE LOS SENTIDOS;S01E;PREPARADOS CONTRA EL GLAUCOMA Y MIÓTICOS;S01EB;PARASIMPATICOMIMÉTICOS;S01EB58;ACECLIDINA, COMBINACIONES
S;ÓRGANOS DE LOS SENTIDOS;S01E;PREPARADOS CONTRA EL GLAUCOMA Y MIÓTICOS;S01EC;INHIBIDORES DE LA ANHIDRASA CARBÓNICA;S01EC01;ACETAZOLAMIDA
S;ÓRGANOS DE LOS SENTIDOS;S01E;PREPARADOS CONTRA EL GLAUCOMA Y MIÓTICOS;S01EC;INHIBIDORES DE LA ANHIDRASA CARBÓNICA;S01EC02;DICLOFENAMIDA
S;ÓRGANOS DE LOS SENTIDOS;S01E;PREPARADOS CONTRA EL GLAUCOMA Y MIÓTICOS;S01EC;INHIBIDORES DE LA ANHIDRASA CARBÓNICA;S01EC03;DORZOLAMIDA
S;ÓRGANOS DE LOS SENTIDOS;S01E;PREPARADOS CONTRA EL GLAUCOMA Y MIÓTICOS;S01EC;INHIBIDORES DE LA ANHIDRASA CARBÓNICA;S01EC04;BRINZOLAMIDA
S;ÓRGANOS DE LOS SENTIDOS;S01E;PREPARADOS CONTRA EL GLAUCOMA Y MIÓTICOS;S01EC;INHIBIDORES DE LA ANHIDRASA CARBÓNICA;S01EC05;METAZOLAMIDA
S;ÓRGANOS DE LOS SENTIDOS;S01E;PREPARADOS CONTRA EL GLAUCOMA Y MIÓTICOS;S01ED;AGENTES BETABLOQUEANTES1);S01ED01;TIMOLOL
S;ÓRGANOS DE LOS SENTIDOS;S01E;PREPARADOS CONTRA EL GLAUCOMA Y MIÓTICOS;S01ED;AGENTES BETABLOQUEANTES1);S01ED02;BETAXOLOL
S;ÓRGANOS DE LOS SENTIDOS;S01E;PREPARADOS CONTRA EL GLAUCOMA Y MIÓTICOS;S01ED;AGENTES BETABLOQUEANTES1);S01ED03;LEVOBUNOLOL
S;ÓRGANOS DE LOS SENTIDOS;S01E;PREPARADOS CONTRA EL GLAUCOMA Y MIÓTICOS;S01ED;AGENTES BETABLOQUEANTES1);S01ED04;METIPRANOLOL
S;ÓRGANOS DE LOS SENTIDOS;S01E;PREPARADOS CONTRA EL GLAUCOMA Y MIÓTICOS;S01ED;AGENTES BETABLOQUEANTES1);S01ED05;CARTEOLOL
S;ÓRGANOS DE LOS SENTIDOS;S01E;PREPARADOS CONTRA EL GLAUCOMA Y MIÓTICOS;S01ED;AGENTES BETABLOQUEANTES1);S01ED06;BEFUNOLOL
S;ÓRGANOS DE LOS SENTIDOS;S01E;PREPARADOS CONTRA EL GLAUCOMA Y MIÓTICOS;S01ED;AGENTES BETABLOQUEANTES1);S01ED51;TIMOLOL, COMBINACIONES
S;ÓRGANOS DE LOS SENTIDOS;S01E;PREPARADOS CONTRA EL GLAUCOMA Y MIÓTICOS;S01ED;AGENTES BETABLOQUEANTES1);S01ED52;BETAXOLOL, COMBINACIONES
S;ÓRGANOS DE LOS SENTIDOS;S01E;PREPARADOS CONTRA EL GLAUCOMA Y MIÓTICOS;S01ED;AGENTES BETABLOQUEANTES1);S01ED54;METIPRANOLOL, COMBINACIONES
S;ÓRGANOS DE LOS SENTIDOS;S01E;PREPARADOS CONTRA EL GLAUCOMA Y MIÓTICOS;S01ED;AGENTES BETABLOQUEANTES1);S01ED55;CARTEOLOL, COMBINACIONES
S;ÓRGANOS DE LOS SENTIDOS;S01E;PREPARADOS CONTRA EL GLAUCOMA Y MIÓTICOS;S01EE;ANÁLOGOS DE LAS PROSTAGLANDINAS1);S01EE01;LATANOPROST
S;ÓRGANOS DE LOS SENTIDOS;S01E;PREPARADOS CONTRA EL GLAUCOMA Y MIÓTICOS;S01EE;ANÁLOGOS DE LAS PROSTAGLANDINAS1);S01EE02;UNOPROSTONA
S;ÓRGANOS DE LOS SENTIDOS;S01E;PREPARADOS CONTRA EL GLAUCOMA Y MIÓTICOS;S01EE;ANÁLOGOS DE LAS PROSTAGLANDINAS1);S01EE03;BIMATOPROST
S;ÓRGANOS DE LOS SENTIDOS;S01E;PREPARADOS CONTRA EL GLAUCOMA Y MIÓTICOS;S01EE;ANÁLOGOS DE LAS PROSTAGLANDINAS1);S01EE04;TRAVOPROST
S;ÓRGANOS DE LOS SENTIDOS;S01E;PREPARADOS CONTRA EL GLAUCOMA Y MIÓTICOS;S01EE;ANÁLOGOS DE LAS PROSTAGLANDINAS1);S01EE05;TAFLUPROST
S;ÓRGANOS DE LOS SENTIDOS;S01E;PREPARADOS CONTRA EL GLAUCOMA Y MIÓTICOS;S01EX;OTROS PREPARADOS CONTRA EL GLAUCOMA;S01EX01;GUANETIDINA
S;ÓRGANOS DE LOS SENTIDOS;S01E;PREPARADOS CONTRA EL GLAUCOMA Y MIÓTICOS;S01EX;OTROS PREPARADOS CONTRA EL GLAUCOMA;S01EX02;DAPIPRAZOL
S;ÓRGANOS DE LOS SENTIDOS;S01F;MIDRIÁTICOS Y CICLOPLÉJICOS;S01FA;ANTICOLINÉRGICOS;S01FA01;ATROPINA
S;ÓRGANOS DE LOS SENTIDOS;S01F;MIDRIÁTICOS Y CICLOPLÉJICOS;S01FA;ANTICOLINÉRGICOS;S01FA02;ESCOPOLAMINA
S;ÓRGANOS DE LOS SENTIDOS;S01F;MIDRIÁTICOS Y CICLOPLÉJICOS;S01FA;ANTICOLINÉRGICOS;S01FA03;METILESCOPOLAMINA
S;ÓRGANOS DE LOS SENTIDOS;S01F;MIDRIÁTICOS Y CICLOPLÉJICOS;S01FA;ANTICOLINÉRGICOS;S01FA04;CICLOPENTOLATO
S;ÓRGANOS DE LOS SENTIDOS;S01F;MIDRIÁTICOS Y CICLOPLÉJICOS;S01FA;ANTICOLINÉRGICOS;S01FA05;HOMATROPINA
S;ÓRGANOS DE LOS SENTIDOS;S01F;MIDRIÁTICOS Y CICLOPLÉJICOS;S01FA;ANTICOLINÉRGICOS;S01FA06;TROPICAMIDA
S;ÓRGANOS DE LOS SENTIDOS;S01F;MIDRIÁTICOS Y CICLOPLÉJICOS;S01FA;ANTICOLINÉRGICOS;S01FA56;TROPICAMIDA, COMBINACIONES
S;ÓRGANOS DE LOS SENTIDOS;S01F;MIDRIÁTICOS Y CICLOPLÉJICOS;S01FB;SIMPATICOMIMÉTICOS, EXCLUIDOS PREPARADOS CONTRA EL GLAUCOMA;S01FB01;FENILEFRINA
S;ÓRGANOS DE LOS SENTIDOS;S01F;MIDRIÁTICOS Y CICLOPLÉJICOS;S01FB;SIMPATICOMIMÉTICOS, EXCLUIDOS PREPARADOS CONTRA EL GLAUCOMA;S01FB02;EFEDRINA
S;ÓRGANOS DE LOS SENTIDOS;S01F;MIDRIÁTICOS Y CICLOPLÉJICOS;S01FB;SIMPATICOMIMÉTICOS, EXCLUIDOS PREPARADOS CONTRA EL GLAUCOMA;S01FB03;IBOPAMINA
S;ÓRGANOS DE LOS SENTIDOS;S01G;DESCONGESTIVOS Y ANTIALÉRGICOS;S01GA;SIMPATICOMIMÉTICOS USADOS COMO DESCONGESTIVOS;S01GA01;NAFAZOLINA
S;ÓRGANOS DE LOS SENTIDOS;S01G;DESCONGESTIVOS Y ANTIALÉRGICOS;S01GA;SIMPATICOMIMÉTICOS USADOS COMO DESCONGESTIVOS;S01GA02;TETRIZOLINA
S;ÓRGANOS DE LOS SENTIDOS;S01G;DESCONGESTIVOS Y ANTIALÉRGICOS;S01GA;SIMPATICOMIMÉTICOS USADOS COMO DESCONGESTIVOS;S01GA03;XILOMETAZOLINA
S;ÓRGANOS DE LOS SENTIDOS;S01G;DESCONGESTIVOS Y ANTIALÉRGICOS;S01GA;SIMPATICOMIMÉTICOS USADOS COMO DESCONGESTIVOS;S01GA04;OXIMETAZOLINA
S;ÓRGANOS DE LOS SENTIDOS;S01G;DESCONGESTIVOS Y ANTIALÉRGICOS;S01GA;SIMPATICOMIMÉTICOS USADOS COMO DESCONGESTIVOS;S01GA05;FENILEFRINA
S;ÓRGANOS DE LOS SENTIDOS;S01G;DESCONGESTIVOS Y ANTIALÉRGICOS;S01GA;SIMPATICOMIMÉTICOS USADOS COMO DESCONGESTIVOS;S01GA06;OXEDRINA
S;ÓRGANOS DE LOS SENTIDOS;S01G;DESCONGESTIVOS Y ANTIALÉRGICOS;S01GA;SIMPATICOMIMÉTICOS USADOS COMO DESCONGESTIVOS;S01GA51;NAFAZOLINA, COMBINACIONES
S;ÓRGANOS DE LOS SENTIDOS;S01G;DESCONGESTIVOS Y ANTIALÉRGICOS;S01GA;SIMPATICOMIMÉTICOS USADOS COMO DESCONGESTIVOS;S01GA52;TETRIZOLINA, COMBINACIONES
S;ÓRGANOS DE LOS SENTIDOS;S01G;DESCONGESTIVOS Y ANTIALÉRGICOS;S01GA;SIMPATICOMIMÉTICOS USADOS COMO DESCONGESTIVOS;S01GA53;XILOMETAZOLINA, COMBINACIONES
S;ÓRGANOS DE LOS SENTIDOS;S01G;DESCONGESTIVOS Y ANTIALÉRGICOS;S01GA;SIMPATICOMIMÉTICOS USADOS COMO DESCONGESTIVOS;S01GA55;FENILEFRINA, COMBINACIONES
S;ÓRGANOS DE LOS SENTIDOS;S01G;DESCONGESTIVOS Y ANTIALÉRGICOS;S01GA;SIMPATICOMIMÉTICOS USADOS COMO DESCONGESTIVOS;S01GA56;OXEDRINA, COMBINACIONES
S;ÓRGANOS DE LOS SENTIDOS;S01G;DESCONGESTIVOS Y ANTIALÉRGICOS;S01GX;OTROS ANTIALÉRGICOS;S01GX01;ÁCIDO CROMOGLÍCICO
S;ÓRGANOS DE LOS SENTIDOS;S01G;DESCONGESTIVOS Y ANTIALÉRGICOS;S01GX;OTROS ANTIALÉRGICOS;S01GX02;LEVOCABASTINA
S;ÓRGANOS DE LOS SENTIDOS;S01G;DESCONGESTIVOS Y ANTIALÉRGICOS;S01GX;OTROS ANTIALÉRGICOS;S01GX03;ÁCIDO ESPAGLÚMICO
S;ÓRGANOS DE LOS SENTIDOS;S01G;DESCONGESTIVOS Y ANTIALÉRGICOS;S01GX;OTROS ANTIALÉRGICOS;S01GX04;NEDOCROMIL
S;ÓRGANOS DE LOS SENTIDOS;S01G;DESCONGESTIVOS Y ANTIALÉRGICOS;S01GX;OTROS ANTIALÉRGICOS;S01GX05;LODOXAMIDA
S;ÓRGANOS DE LOS SENTIDOS;S01G;DESCONGESTIVOS Y ANTIALÉRGICOS;S01GX;OTROS ANTIALÉRGICOS;S01GX06;EMEDASTINA
S;ÓRGANOS DE LOS SENTIDOS;S01G;DESCONGESTIVOS Y ANTIALÉRGICOS;S01GX;OTROS ANTIALÉRGICOS;S01GX07;AZELASTINA
S;ÓRGANOS DE LOS SENTIDOS;S01G;DESCONGESTIVOS Y ANTIALÉRGICOS;S01GX;OTROS ANTIALÉRGICOS;S01GX08;KETOTIFENO
S;ÓRGANOS DE LOS SENTIDOS;S01G;DESCONGESTIVOS Y ANTIALÉRGICOS;S01GX;OTROS ANTIALÉRGICOS;S01GX09;OLOPATADINA
S;ÓRGANOS DE LOS SENTIDOS;S01G;DESCONGESTIVOS Y ANTIALÉRGICOS;S01GX;OTROS ANTIALÉRGICOS;S01GX10;EPINASTINA
S;ÓRGANOS DE LOS SENTIDOS;S01G;DESCONGESTIVOS Y ANTIALÉRGICOS;S01GX;OTROS ANTIALÉRGICOS;S01GX11;ALCAFTADINA
S;ÓRGANOS DE LOS SENTIDOS;S01G;DESCONGESTIVOS Y ANTIALÉRGICOS;S01GX;OTROS ANTIALÉRGICOS;S01GX51;ÁCIDO CROMOGLÍCICO, COMBINACIONES
S;ÓRGANOS DE LOS SENTIDOS;S01H;ANESTÉSICOS LOCALES;S01HA;ANESTÉSICOS LOCALES;S01HA01;COCAÍNA
S;ÓRGANOS DE LOS SENTIDOS;S01H;ANESTÉSICOS LOCALES;S01HA;ANESTÉSICOS LOCALES;S01HA02;OXIBUPROCAÍNA
S;ÓRGANOS DE LOS SENTIDOS;S01H;ANESTÉSICOS LOCALES;S01HA;ANESTÉSICOS LOCALES;S01HA03;TETRACAÍNA
S;ÓRGANOS DE LOS SENTIDOS;S01H;ANESTÉSICOS LOCALES;S01HA;ANESTÉSICOS LOCALES;S01HA04;PROXIMETACAÍNA
S;ÓRGANOS DE LOS SENTIDOS;S01H;ANESTÉSICOS LOCALES;S01HA;ANESTÉSICOS LOCALES;S01HA05;PROCAÍNA
S;ÓRGANOS DE LOS SENTIDOS;S01H;ANESTÉSICOS LOCALES;S01HA;ANESTÉSICOS LOCALES;S01HA06;CINCOCAÍNA
S;ÓRGANOS DE LOS SENTIDOS;S01H;ANESTÉSICOS LOCALES;S01HA;ANESTÉSICOS LOCALES;S01HA07;LIDOCAÍNA
S;ÓRGANOS DE LOS SENTIDOS;S01H;ANESTÉSICOS LOCALES;S01HA;ANESTÉSICOS LOCALES;S01HA30;COMBINACIONES
S;ÓRGANOS DE LOS SENTIDOS;S01J;AGENTES DE DIAGNÓSTICO;S01JA;AGENTES COLORANTES;S01JA01;FLUORESCEÍNA
S;ÓRGANOS DE LOS SENTIDOS;S01J;AGENTES DE DIAGNÓSTICO;S01JA;AGENTES COLORANTES;S01JA02;ROSA DE BENGALA SÓDICO
S;ÓRGANOS DE LOS SENTIDOS;S01J;AGENTES DE DIAGNÓSTICO;S01JA;AGENTES COLORANTES;S01JA51;FLUORESCEÍNA, COMBINACIONES
S;ÓRGANOS DE LOS SENTIDOS;S01K;AUXILIARES EN CIRUGÍA;S01KA;SUSTANCIAS VISCOSOELÁSTICAS;S01KA01;ÁCIDO HIALURÓNICO
S;ÓRGANOS DE LOS SENTIDOS;S01K;AUXILIARES EN CIRUGÍA;S01KA;SUSTANCIAS VISCOSOELÁSTICAS;S01KA02;HIPROMELOSA
S;ÓRGANOS DE LOS SENTIDOS;S01K;AUXILIARES EN CIRUGÍA;S01KA;SUSTANCIAS VISCOSOELÁSTICAS;S01KA51;ÁCIDO HIALURÓNICO, COMBINACIONES
S;ÓRGANOS DE LOS SENTIDOS;S01K;AUXILIARES EN CIRUGÍA;S01KX;OTROS AUXILIARES EN CIRUGÍA;S01KX01;QUIMOTRIPSINA
S;ÓRGANOS DE LOS SENTIDOS;S01L;AGENTES CONTRA TRASTORNOS VASCULARES OCULARES;S01LA;AGENTES ANTINEOVASCULARIZACIÓN;S01LA01;VERTEPORFINA
S;ÓRGANOS DE LOS SENTIDOS;S01L;AGENTES CONTRA TRASTORNOS VASCULARES OCULARES;S01LA;AGENTES ANTINEOVASCULARIZACIÓN;S01LA02;ANECORTAVA
S;ÓRGANOS DE LOS SENTIDOS;S01L;AGENTES CONTRA TRASTORNOS VASCULARES OCULARES;S01LA;AGENTES ANTINEOVASCULARIZACIÓN;S01LA03;PEGAPTANIB
S;ÓRGANOS DE LOS SENTIDOS;S01L;AGENTES CONTRA TRASTORNOS VASCULARES OCULARES;S01LA;AGENTES ANTINEOVASCULARIZACIÓN;S01LA04;RANIBIZUMAB
S;ÓRGANOS DE LOS SENTIDOS;S01L;AGENTES CONTRA TRASTORNOS VASCULARES OCULARES;S01LA;AGENTES ANTINEOVASCULARIZACIÓN;S01LA05;AFLIBERCEPT
S;ÓRGANOS DE LOS SENTIDOS;S01X;OTROS OFTALMOLÓGICOS;S01XA;OTROS OFTALMOLÓGICOS;S01XA01;GUAIAZULENO
S;ÓRGANOS DE LOS SENTIDOS;S01X;OTROS OFTALMOLÓGICOS;S01XA;OTROS OFTALMOLÓGICOS;S01XA02;RETINOL
S;ÓRGANOS DE LOS SENTIDOS;S01X;OTROS OFTALMOLÓGICOS;S01XA;OTROS OFTALMOLÓGICOS;S01XA03;CLORURO DE SODIO, HIPERTÓNICO
S;ÓRGANOS DE LOS SENTIDOS;S01X;OTROS OFTALMOLÓGICOS;S01XA;OTROS OFTALMOLÓGICOS;S01XA04;IODURO DE POTASIO
S;ÓRGANOS DE LOS SENTIDOS;S01X;OTROS OFTALMOLÓGICOS;S01XA;OTROS OFTALMOLÓGICOS;S01XA05;SODIO EDETATO
S;ÓRGANOS DE LOS SENTIDOS;S01X;OTROS OFTALMOLÓGICOS;S01XA;OTROS OFTALMOLÓGICOS;S01XA06;ETILMORFINA
S;ÓRGANOS DE LOS SENTIDOS;S01X;OTROS OFTALMOLÓGICOS;S01XA;OTROS OFTALMOLÓGICOS;S01XA07;ALUMBRE
S;ÓRGANOS DE LOS SENTIDOS;S01X;OTROS OFTALMOLÓGICOS;S01XA;OTROS OFTALMOLÓGICOS;S01XA08;ACETILCISTEÍNA
S;ÓRGANOS DE LOS SENTIDOS;S01X;OTROS OFTALMOLÓGICOS;S01XA;OTROS OFTALMOLÓGICOS;S01XA09;IODOHEPARINATO
S;ÓRGANOS DE LOS SENTIDOS;S01X;OTROS OFTALMOLÓGICOS;S01XA;OTROS OFTALMOLÓGICOS;S01XA10;INOSINA
S;ÓRGANOS DE LOS SENTIDOS;S01X;OTROS OFTALMOLÓGICOS;S01XA;OTROS OFTALMOLÓGICOS;S01XA11;NANDROLONA
S;ÓRGANOS DE LOS SENTIDOS;S01X;OTROS OFTALMOLÓGICOS;S01XA;OTROS OFTALMOLÓGICOS;S01XA12;DEXPANTENOL
S;ÓRGANOS DE LOS SENTIDOS;S01X;OTROS OFTALMOLÓGICOS;S01XA;OTROS OFTALMOLÓGICOS;S01XA13;ALTEPLASA
S;ÓRGANOS DE LOS SENTIDOS;S01X;OTROS OFTALMOLÓGICOS;S01XA;OTROS OFTALMOLÓGICOS;S01XA14;HEPARINA
S;ÓRGANOS DE LOS SENTIDOS;S01X;OTROS OFTALMOLÓGICOS;S01XA;OTROS OFTALMOLÓGICOS;S01XA15;ÁCIDO ASCÓRBICO
S;ÓRGANOS DE LOS SENTIDOS;S01X;OTROS OFTALMOLÓGICOS;S01XA;OTROS OFTALMOLÓGICOS;S01XA18;CICLOSPORINA
S;ÓRGANOS DE LOS SENTIDOS;S01X;OTROS OFTALMOLÓGICOS;S01XA;OTROS OFTALMOLÓGICOS;S01XA19;CÉLULAS LIMBALS STEM AUTÓLOGAL
S;ÓRGANOS DE LOS SENTIDOS;S01X;OTROS OFTALMOLÓGICOS;S01XA;OTROS OFTALMOLÓGICOS;S01XA20;LÁGRIMAS ARTIFICIALES Y OTROS PREPARADOS INERTES
S;ÓRGANOS DE LOS SENTIDOS;S01X;OTROS OFTALMOLÓGICOS;S01XA;OTROS OFTALMOLÓGICOS;S01XA21;MERCAPTAMINA
S;ÓRGANOS DE LOS SENTIDOS;S01X;OTROS OFTALMOLÓGICOS;S01XA;OTROS OFTALMOLÓGICOS;S01XA22;OCRIPLASMINA
S;ÓRGANOS DE LOS SENTIDOS;S02A;ANTIINFECCIOSOS;S02AA;ANTIINFECCIOSOS;S02AA01;CLORANFENICOL
S;ÓRGANOS DE LOS SENTIDOS;S02A;ANTIINFECCIOSOS;S02AA;ANTIINFECCIOSOS;S02AA02;NITROFURAL
S;ÓRGANOS DE LOS SENTIDOS;S02A;ANTIINFECCIOSOS;S02AA;ANTIINFECCIOSOS;S02AA03;ÁCIDO BÓRICO
S;ÓRGANOS DE LOS SENTIDOS;S02A;ANTIINFECCIOSOS;S02AA;ANTIINFECCIOSOS;S02AA04;ACETOTARTRATO DE ALUMINIO
S;ÓRGANOS DE LOS SENTIDOS;S02A;ANTIINFECCIOSOS;S02AA;ANTIINFECCIOSOS;S02AA05;CLIOQUINOL
S;ÓRGANOS DE LOS SENTIDOS;S02A;ANTIINFECCIOSOS;S02AA;ANTIINFECCIOSOS;S02AA06;PERÓXIDO DE HIDRÓGENO
S;ÓRGANOS DE LOS SENTIDOS;S02A;ANTIINFECCIOSOS;S02AA;ANTIINFECCIOSOS;S02AA07;NEOMICINA
S;ÓRGANOS DE LOS SENTIDOS;S02A;ANTIINFECCIOSOS;S02AA;ANTIINFECCIOSOS;S02AA08;TETRACICLINA
S;ÓRGANOS DE LOS SENTIDOS;S02A;ANTIINFECCIOSOS;S02AA;ANTIINFECCIOSOS;S02AA09;CLORHEXIDINA
S;ÓRGANOS DE LOS SENTIDOS;S02A;ANTIINFECCIOSOS;S02AA;ANTIINFECCIOSOS;S02AA10;ÁCIDO ACÉTICO
S;ÓRGANOS DE LOS SENTIDOS;S02A;ANTIINFECCIOSOS;S02AA;ANTIINFECCIOSOS;S02AA11;POLIMIXINA B
S;ÓRGANOS DE LOS SENTIDOS;S02A;ANTIINFECCIOSOS;S02AA;ANTIINFECCIOSOS;S02AA12;RIFAMICINA
S;ÓRGANOS DE LOS SENTIDOS;S02A;ANTIINFECCIOSOS;S02AA;ANTIINFECCIOSOS;S02AA13;MICONAZOL
S;ÓRGANOS DE LOS SENTIDOS;S02A;ANTIINFECCIOSOS;S02AA;ANTIINFECCIOSOS;S02AA14;GENTAMICINA
S;ÓRGANOS DE LOS SENTIDOS;S02A;ANTIINFECCIOSOS;S02AA;ANTIINFECCIOSOS;S02AA15;CIPROFLOXACINO
S;ÓRGANOS DE LOS SENTIDOS;S02A;ANTIINFECCIOSOS;S02AA;ANTIINFECCIOSOS;S02AA16;OFLOXACINO
S;ÓRGANOS DE LOS SENTIDOS;S02A;ANTIINFECCIOSOS;S02AA;ANTIINFECCIOSOS;S02AA30;ANTIINFECCIOSOS, COMBINACIONES
S;ÓRGANOS DE LOS SENTIDOS;S02B;CORTICOSTEROIDES;S02BA;CORTICOSTEROIDES;S02BA01;HIDROCORTISONA
S;ÓRGANOS DE LOS SENTIDOS;S02B;CORTICOSTEROIDES;S02BA;CORTICOSTEROIDES;S02BA03;PREDNISOLONA
S;ÓRGANOS DE LOS SENTIDOS;S02B;CORTICOSTEROIDES;S02BA;CORTICOSTEROIDES;S02BA06;DEXAMETASONA
S;ÓRGANOS DE LOS SENTIDOS;S02B;CORTICOSTEROIDES;S02BA;CORTICOSTEROIDES;S02BA07;BETAMETASONA
S;ÓRGANOS DE LOS SENTIDOS;S02B;CORTICOSTEROIDES;S02BA;CORTICOSTEROIDES;S02BA08;ACETÓNIDO DE FLUOCINOLONA
S;ÓRGANOS DE LOS SENTIDOS;S02C;CORTICOSTEROIDES Y ANTIINFECCIOSOS EN COMBINACIÓN;S02CA;CORTICOSTEROIDES Y ANTIINFECCIOSOS EN COMBINACIÓN;S02CA01;PREDNISOLONA Y ANTIINFECCIOSOS
S;ÓRGANOS DE LOS SENTIDOS;S02C;CORTICOSTEROIDES Y ANTIINFECCIOSOS EN COMBINACIÓN;S02CA;CORTICOSTEROIDES Y ANTIINFECCIOSOS EN COMBINACIÓN;S02CA02;FLUMETASONA Y ANTIINFECCIOSOS
S;ÓRGANOS DE LOS SENTIDOS;S02C;CORTICOSTEROIDES Y ANTIINFECCIOSOS EN COMBINACIÓN;S02CA;CORTICOSTEROIDES Y ANTIINFECCIOSOS EN COMBINACIÓN;S02CA03;HIDROCORTISONA Y ANTIINFECCIOSOS
S;ÓRGANOS DE LOS SENTIDOS;S02C;CORTICOSTEROIDES Y ANTIINFECCIOSOS EN COMBINACIÓN;S02CA;CORTICOSTEROIDES Y ANTIINFECCIOSOS EN COMBINACIÓN;S02CA04;TRIAMCINOLONA Y ANTIINFECCIOSOS
S;ÓRGANOS DE LOS SENTIDOS;S02C;CORTICOSTEROIDES Y ANTIINFECCIOSOS EN COMBINACIÓN;S02CA;CORTICOSTEROIDES Y ANTIINFECCIOSOS EN COMBINACIÓN;S02CA05;FLUOCINOLONA, ACETÓNIDO Y ANTIINFECCIOSOS
S;ÓRGANOS DE LOS SENTIDOS;S02C;CORTICOSTEROIDES Y ANTIINFECCIOSOS EN COMBINACIÓN;S02CA;CORTICOSTEROIDES Y ANTIINFECCIOSOS EN COMBINACIÓN;S02CA06;DEXAMETASONA Y ANTIINFECCIOSOS
S;ÓRGANOS DE LOS SENTIDOS;S02C;CORTICOSTEROIDES Y ANTIINFECCIOSOS EN COMBINACIÓN;S02CA;CORTICOSTEROIDES Y ANTIINFECCIOSOS EN COMBINACIÓN;S02CA07;FLUDROCORTISONA Y ANTIINFECCIOSOS
S;ÓRGANOS DE LOS SENTIDOS;S02D;OTROS OTOLÓGICOS;S02DA;ANALGÉSICOS Y ANESTÉSICOS;S02DA01;LIDOCAÍNA
S;ÓRGANOS DE LOS SENTIDOS;S02D;OTROS OTOLÓGICOS;S02DA;ANALGÉSICOS Y ANESTÉSICOS;S02DA02;COCAÍNA
S;ÓRGANOS DE LOS SENTIDOS;S02D;OTROS OTOLÓGICOS;S02DA;ANALGÉSICOS Y ANESTÉSICOS;S02DA03;FENAZONA
S;ÓRGANOS DE LOS SENTIDOS;S02D;OTROS OTOLÓGICOS;S02DA;ANALGÉSICOS Y ANESTÉSICOS;S02DA04;CINCOCAÍNA
S;ÓRGANOS DE LOS SENTIDOS;S02D;OTROS OTOLÓGICOS;S02DA;ANALGÉSICOS Y ANESTÉSICOS;S02DA30;COMBINACIONES
S;ÓRGANOS DE LOS SENTIDOS;S03A;ANTIINFECCIOSOS;S03AA;ANTIINFECCIOSOS;S03AA01;NEOMICINA
S;ÓRGANOS DE LOS SENTIDOS;S03A;ANTIINFECCIOSOS;S03AA;ANTIINFECCIOSOS;S03AA02;TETRACICLINA
S;ÓRGANOS DE LOS SENTIDOS;S03A;ANTIINFECCIOSOS;S03AA;ANTIINFECCIOSOS;S03AA03;POLIMIXINA B
S;ÓRGANOS DE LOS SENTIDOS;S03A;ANTIINFECCIOSOS;S03AA;ANTIINFECCIOSOS;S03AA04;CLORHEXIDINA
S;ÓRGANOS DE LOS SENTIDOS;S03A;ANTIINFECCIOSOS;S03AA;ANTIINFECCIOSOS;S03AA05;HEXAMIDINA
S;ÓRGANOS DE LOS SENTIDOS;S03A;ANTIINFECCIOSOS;S03AA;ANTIINFECCIOSOS;S03AA06;GENTAMICINA
S;ÓRGANOS DE LOS SENTIDOS;S03A;ANTIINFECCIOSOS;S03AA;ANTIINFECCIOSOS;S03AA07;CIPROFLOXACINO
S;ÓRGANOS DE LOS SENTIDOS;S03A;ANTIINFECCIOSOS;S03AA;ANTIINFECCIOSOS;S03AA08;CLORANFENICOL
S;ÓRGANOS DE LOS SENTIDOS;S03A;ANTIINFECCIOSOS;S03AA;ANTIINFECCIOSOS;S03AA30;ANTIINFECCIOSOS, COMBINACIONES
S;ÓRGANOS DE LOS SENTIDOS;S03B;CORTICOSTEROIDES;S03BA;CORTICOSTEROIDES;S03BA01;DEXAMETASONA
S;ÓRGANOS DE LOS SENTIDOS;S03B;CORTICOSTEROIDES;S03BA;CORTICOSTEROIDES;S03BA02;PREDNISOLONA
S;ÓRGANOS DE LOS SENTIDOS;S03B;CORTICOSTEROIDES;S03BA;CORTICOSTEROIDES;S03BA03;BETAMETASONA
S;ÓRGANOS DE LOS SENTIDOS;S03C;CORTICOSTEROIDES Y ANTIINFECCIOSOS EN COMBINACIÓN;S03CA;CORTICOSTEROIDES Y ANTIINFECCIOSOS EN COMBINACIÓN;S03CA01;DEXAMETASONA Y ANTIINFECCIOSOS
S;ÓRGANOS DE LOS SENTIDOS;S03C;CORTICOSTEROIDES Y ANTIINFECCIOSOS EN COMBINACIÓN;S03CA;CORTICOSTEROIDES Y ANTIINFECCIOSOS EN COMBINACIÓN;S03CA02;PREDNISOLONA Y ANTIINFECCIOSOS
S;ÓRGANOS DE LOS SENTIDOS;S03C;CORTICOSTEROIDES Y ANTIINFECCIOSOS EN COMBINACIÓN;S03CA;CORTICOSTEROIDES Y ANTIINFECCIOSOS EN COMBINACIÓN;S03CA04;HIDROCORTISONA Y ANTIINFECCIOSOS
S;ÓRGANOS DE LOS SENTIDOS;S03C;CORTICOSTEROIDES Y ANTIINFECCIOSOS EN COMBINACIÓN;S03CA;CORTICOSTEROIDES Y ANTIINFECCIOSOS EN COMBINACIÓN;S03CA05;FLUDROCORTISONA Y ANTIINFECCIOSOS
S;ÓRGANOS DE LOS SENTIDOS;S03C;CORTICOSTEROIDES Y ANTIINFECCIOSOS EN COMBINACIÓN;S03CA;CORTICOSTEROIDES Y ANTIINFECCIOSOS EN COMBINACIÓN;S03CA06;BETAMETASONA Y ANTIINFECCIOSOS
V;VARIOS;V01A;ALERGENOS;V01AA;EXTRACTOS ALERGÉNICOS;V01AA01;PLUMAS
V;VARIOS;V01A;ALERGENOS;V01AA;EXTRACTOS ALERGÉNICOS;V01AA02;POLEN DE PLANTAS
V;VARIOS;V01A;ALERGENOS;V01AA;EXTRACTOS ALERGÉNICOS;V01AA03;ÁCAROS DE POLVO AMBIENTAL
V;VARIOS;V01A;ALERGENOS;V01AA;EXTRACTOS ALERGÉNICOS;V01AA04;MOHO Y LEVADURAS DE HONGOS
V;VARIOS;V01A;ALERGENOS;V01AA;EXTRACTOS ALERGÉNICOS;V01AA05;POLEN DE ÁRBOLES
V;VARIOS;V01A;ALERGENOS;V01AA;EXTRACTOS ALERGÉNICOS;V01AA07;INSECTOS
V;VARIOS;V01A;ALERGENOS;V01AA;EXTRACTOS ALERGÉNICOS;V01AA08;COMIDAS
V;VARIOS;V01A;ALERGENOS;V01AA;EXTRACTOS ALERGÉNICOS;V01AA09;TEJIDOS
V;VARIOS;V01A;ALERGENOS;V01AA;EXTRACTOS ALERGÉNICOS;V01AA10;FLORES
V;VARIOS;V01A;ALERGENOS;V01AA;EXTRACTOS ALERGÉNICOS;V01AA11;ANIMALES
V;VARIOS;V01A;ALERGENOS;V01AA;EXTRACTOS ALERGÉNICOS;V01AA20;VARIOS
V;VARIOS;V03A;TODO EL RESTO DE LOS PRODUCTOS TERAPÉUTICOS;V03AB;ANTÍDOTOS;V03AB01;IPECACUANA
V;VARIOS;V03A;TODO EL RESTO DE LOS PRODUCTOS TERAPÉUTICOS;V03AB;ANTÍDOTOS;V03AB02;NALORFINA
V;VARIOS;V03A;TODO EL RESTO DE LOS PRODUCTOS TERAPÉUTICOS;V03AB;ANTÍDOTOS;V03AB03;EDETATOS
V;VARIOS;V03A;TODO EL RESTO DE LOS PRODUCTOS TERAPÉUTICOS;V03AB;ANTÍDOTOS;V03AB04;PRALIDOXIMA
V;VARIOS;V03A;TODO EL RESTO DE LOS PRODUCTOS TERAPÉUTICOS;V03AB;ANTÍDOTOS;V03AB05;PREDNISOLONA Y PROMETAZINA
V;VARIOS;V03A;TODO EL RESTO DE LOS PRODUCTOS TERAPÉUTICOS;V03AB;ANTÍDOTOS;V03AB06;TIOSULFATO
V;VARIOS;V03A;TODO EL RESTO DE LOS PRODUCTOS TERAPÉUTICOS;V03AB;ANTÍDOTOS;V03AB08;NITRATO DE SODIO
V;VARIOS;V03A;TODO EL RESTO DE LOS PRODUCTOS TERAPÉUTICOS;V03AB;ANTÍDOTOS;V03AB09;DIMERCAPROL
V;VARIOS;V03A;TODO EL RESTO DE LOS PRODUCTOS TERAPÉUTICOS;V03AB;ANTÍDOTOS;V03AB13;OBIDOXIMA
V;VARIOS;V03A;TODO EL RESTO DE LOS PRODUCTOS TERAPÉUTICOS;V03AB;ANTÍDOTOS;V03AB14;PROTAMINA
V;VARIOS;V03A;TODO EL RESTO DE LOS PRODUCTOS TERAPÉUTICOS;V03AB;ANTÍDOTOS;V03AB15;NALOXONA
V;VARIOS;V03A;TODO EL RESTO DE LOS PRODUCTOS TERAPÉUTICOS;V03AB;ANTÍDOTOS;V03AB16;ETANOL
V;VARIOS;V03A;TODO EL RESTO DE LOS PRODUCTOS TERAPÉUTICOS;V03AB;ANTÍDOTOS;V03AB17;CLORURO DE METILTIONIMIO
V;VARIOS;V03A;TODO EL RESTO DE LOS PRODUCTOS TERAPÉUTICOS;V03AB;ANTÍDOTOS;V03AB18;PERMANGANATO DE POTASIO
V;VARIOS;V03A;TODO EL RESTO DE LOS PRODUCTOS TERAPÉUTICOS;V03AB;ANTÍDOTOS;V03AB19;FISOSTIGMINA
V;VARIOS;V03A;TODO EL RESTO DE LOS PRODUCTOS TERAPÉUTICOS;V03AB;ANTÍDOTOS;V03AB20;SULFATO DE COBRE
V;VARIOS;V03A;TODO EL RESTO DE LOS PRODUCTOS TERAPÉUTICOS;V03AB;ANTÍDOTOS;V03AB21;IODURO DE POTASIO
V;VARIOS;V03A;TODO EL RESTO DE LOS PRODUCTOS TERAPÉUTICOS;V03AB;ANTÍDOTOS;V03AB22;NITRATO DE AMILO
V;VARIOS;V03A;TODO EL RESTO DE LOS PRODUCTOS TERAPÉUTICOS;V03AB;ANTÍDOTOS;V03AB23;ACETILCISTEÍNA
V;VARIOS;V03A;TODO EL RESTO DE LOS PRODUCTOS TERAPÉUTICOS;V03AB;ANTÍDOTOS;V03AB24;DIGITÁLICA, ANTI-TOXINA
V;VARIOS;V03A;TODO EL RESTO DE LOS PRODUCTOS TERAPÉUTICOS;V03AB;ANTÍDOTOS;V03AB25;FLUMAZENIL
V;VARIOS;V03A;TODO EL RESTO DE LOS PRODUCTOS TERAPÉUTICOS;V03AB;ANTÍDOTOS;V03AB26;METIONINA
V;VARIOS;V03A;TODO EL RESTO DE LOS PRODUCTOS TERAPÉUTICOS;V03AB;ANTÍDOTOS;V03AB27;4-DIMETILAMINOFENOL
V;VARIOS;V03A;TODO EL RESTO DE LOS PRODUCTOS TERAPÉUTICOS;V03AB;ANTÍDOTOS;V03AB29;COLINESTERASA
V;VARIOS;V03A;TODO EL RESTO DE LOS PRODUCTOS TERAPÉUTICOS;V03AB;ANTÍDOTOS;V03AB31;AZUL DE PRUSIA
V;VARIOS;V03A;TODO EL RESTO DE LOS PRODUCTOS TERAPÉUTICOS;V03AB;ANTÍDOTOS;V03AB32;GLUTATIÓN
V;VARIOS;V03A;TODO EL RESTO DE LOS PRODUCTOS TERAPÉUTICOS;V03AB;ANTÍDOTOS;V03AB33;HIDROXOCOBALAMINA
V;VARIOS;V03A;TODO EL RESTO DE LOS PRODUCTOS TERAPÉUTICOS;V03AB;ANTÍDOTOS;V03AB34;FOMEPIZOL
V;VARIOS;V03A;TODO EL RESTO DE LOS PRODUCTOS TERAPÉUTICOS;V03AB;ANTÍDOTOS;V03AB35;SUGAMMADEX
V;VARIOS;V03A;TODO EL RESTO DE LOS PRODUCTOS TERAPÉUTICOS;V03AB;ANTÍDOTOS;V03AB36;FENTOLAMINA
V;VARIOS;V03A;TODO EL RESTO DE LOS PRODUCTOS TERAPÉUTICOS;V03AC;AGENTES QUELANTES DEL HIERRO;V03AC01;DEFEROXAMINA
V;VARIOS;V03A;TODO EL RESTO DE LOS PRODUCTOS TERAPÉUTICOS;V03AC;AGENTES QUELANTES DEL HIERRO;V03AC02;DEFERIPRONA
V;VARIOS;V03A;TODO EL RESTO DE LOS PRODUCTOS TERAPÉUTICOS;V03AC;AGENTES QUELANTES DEL HIERRO;V03AC03;DEFERASIROX
V;VARIOS;V03A;TODO EL RESTO DE LOS PRODUCTOS TERAPÉUTICOS;V03AE;DROGAS PARA EL TRATAMIENTO DE LA HIPERKALEMIA E HIPERFOSFATEMIA;V03AE01;POLIESTIRENO, SULFONATO DE
V;VARIOS;V03A;TODO EL RESTO DE LOS PRODUCTOS TERAPÉUTICOS;V03AE;DROGAS PARA EL TRATAMIENTO DE LA HIPERKALEMIA E HIPERFOSFATEMIA;V03AE02;SEVELÁMERO
V;VARIOS;V03A;TODO EL RESTO DE LOS PRODUCTOS TERAPÉUTICOS;V03AE;DROGAS PARA EL TRATAMIENTO DE LA HIPERKALEMIA E HIPERFOSFATEMIA;V03AE03;LANTANO, CARBONATO DE
V;VARIOS;V03A;TODO EL RESTO DE LOS PRODUCTOS TERAPÉUTICOS;V03AE;DROGAS PARA EL TRATAMIENTO DE LA HIPERKALEMIA E HIPERFOSFATEMIA;V03AE04;ACETATO ANHIDRO DE CALCIO Y CARBONATO DE MAGNESIO
V;VARIOS;V03A;TODO EL RESTO DE LOS PRODUCTOS TERAPÉUTICOS;V03AE;DROGAS PARA EL TRATAMIENTO DE LA HIPERKALEMIA E HIPERFOSFATEMIA;V03AE05;OXIHIDRÓXIDO SUCROFÉRRICO
V;VARIOS;V03A;TODO EL RESTO DE LOS PRODUCTOS TERAPÉUTICOS;V03AE;DROGAS PARA EL TRATAMIENTO DE LA HIPERKALEMIA E HIPERFOSFATEMIA;V03AE06;COLESTILÁN
V;VARIOS;V03A;TODO EL RESTO DE LOS PRODUCTOS TERAPÉUTICOS;V03AF;AGENTES DETOXIFICANTES PARA TRATAMIENTOS ANTINEOPLÁSICOS;V03AF01;MESNA
V;VARIOS;V03A;TODO EL RESTO DE LOS PRODUCTOS TERAPÉUTICOS;V03AF;AGENTES DETOXIFICANTES PARA TRATAMIENTOS ANTINEOPLÁSICOS;V03AF02;DEXRAZOXANO
V;VARIOS;V03A;TODO EL RESTO DE LOS PRODUCTOS TERAPÉUTICOS;V03AF;AGENTES DETOXIFICANTES PARA TRATAMIENTOS ANTINEOPLÁSICOS;V03AF03;FOLINATO DE CALCIO
V;VARIOS;V03A;TODO EL RESTO DE LOS PRODUCTOS TERAPÉUTICOS;V03AF;AGENTES DETOXIFICANTES PARA TRATAMIENTOS ANTINEOPLÁSICOS;V03AF04;LEVOFOLINATO DE CALCIO
V;VARIOS;V03A;TODO EL RESTO DE LOS PRODUCTOS TERAPÉUTICOS;V03AF;AGENTES DETOXIFICANTES PARA TRATAMIENTOS ANTINEOPLÁSICOS;V03AF05;AMIFOSTINA
V;VARIOS;V03A;TODO EL RESTO DE LOS PRODUCTOS TERAPÉUTICOS;V03AF;AGENTES DETOXIFICANTES PARA TRATAMIENTOS ANTINEOPLÁSICOS;V03AF06;FOLINATO DE SODIO
V;VARIOS;V03A;TODO EL RESTO DE LOS PRODUCTOS TERAPÉUTICOS;V03AF;AGENTES DETOXIFICANTES PARA TRATAMIENTOS ANTINEOPLÁSICOS;V03AF07;RASBURICASA
V;VARIOS;V03A;TODO EL RESTO DE LOS PRODUCTOS TERAPÉUTICOS;V03AF;AGENTES DETOXIFICANTES PARA TRATAMIENTOS ANTINEOPLÁSICOS;V03AF08;PALIFERMINA
V;VARIOS;V03A;TODO EL RESTO DE LOS PRODUCTOS TERAPÉUTICOS;V03AF;AGENTES DETOXIFICANTES PARA TRATAMIENTOS ANTINEOPLÁSICOS;V03AF09;GLUCARPIDASA
V;VARIOS;V03A;TODO EL RESTO DE LOS PRODUCTOS TERAPÉUTICOS;V03AF;AGENTES DETOXIFICANTES PARA TRATAMIENTOS ANTINEOPLÁSICOS;V03AF10;LEVOFOLINATO DE SODIO
V;VARIOS;V03A;TODO EL RESTO DE LOS PRODUCTOS TERAPÉUTICOS;V03AG;DROGAS PARA EL TRATAMIENTO DE LA HIPERCALCEMIA;V03AG01;CELULOSA FOSFATO SÓDICO
V;VARIOS;V03A;TODO EL RESTO DE LOS PRODUCTOS TERAPÉUTICOS;V03AH;DROGAS PARA EL TRATAMIENTO DE LA HIPOGLUCEMIA;V03AH01;DIAZÓXIDO
V;VARIOS;V03A;TODO EL RESTO DE LOS PRODUCTOS TERAPÉUTICOS;V03AN;GASES MEDICINALES;V03AN01;OXÍGENO
V;VARIOS;V03A;TODO EL RESTO DE LOS PRODUCTOS TERAPÉUTICOS;V03AN;GASES MEDICINALES;V03AN02;DIÓXIDO DE CARBONO
V;VARIOS;V03A;TODO EL RESTO DE LOS PRODUCTOS TERAPÉUTICOS;V03AN;GASES MEDICINALES;V03AN03;HELIO
V;VARIOS;V03A;TODO EL RESTO DE LOS PRODUCTOS TERAPÉUTICOS;V03AN;GASES MEDICINALES;V03AN04;NITRÓGENO
V;VARIOS;V03A;TODO EL RESTO DE LOS PRODUCTOS TERAPÉUTICOS;V03AN;GASES MEDICINALES;V03AN05;AERO MEDICINALES
V;VARIOS;V03A;TODO EL RESTO DE LOS PRODUCTOS TERAPÉUTICOS;V03AX;OTROS PRODUCTOS TERAPÉUTICOS;V03AX02;NALFURAFINA
V;VARIOS;V03A;TODO EL RESTO DE LOS PRODUCTOS TERAPÉUTICOS;V03AX;OTROS PRODUCTOS TERAPÉUTICOS;V03AX03;COBICISTAT
V;VARIOS;V03A;TODO EL RESTO DE LOS PRODUCTOS TERAPÉUTICOS;V03AZ;DEPRESORES DEL NERVIO;V03AZ01;ETANOL
V;VARIOS;V04C;OTROS AGENTES DIAGNÓSTICOS;V04CA;PRUEBAS PARA DIABETES;V04CA01;TOLBUTAMIDA
V;VARIOS;V04C;OTROS AGENTES DIAGNÓSTICOS;V04CA;PRUEBAS PARA DIABETES;V04CA02;GLUCOSA
V;VARIOS;V04C;OTROS AGENTES DIAGNÓSTICOS;V04CB;PRUEBAS PARA ABSORCIÓN DE GRASAS;V04CB01;VITAMINA A, CONCENTRADOS DE
V;VARIOS;V04C;OTROS AGENTES DIAGNÓSTICOS;V04CC;PRUEBAS DE PERMEABILIDAD DEL CONDUCTO BILIAR;V04CC01;SORBITOL
V;VARIOS;V04C;OTROS AGENTES DIAGNÓSTICOS;V04CC;PRUEBAS DE PERMEABILIDAD DEL CONDUCTO BILIAR;V04CC02;SULFATO DE MAGNESIO
V;VARIOS;V04C;OTROS AGENTES DIAGNÓSTICOS;V04CC;PRUEBAS DE PERMEABILIDAD DEL CONDUCTO BILIAR;V04CC03;SINCALIDA
V;VARIOS;V04C;OTROS AGENTES DIAGNÓSTICOS;V04CC;PRUEBAS DE PERMEABILIDAD DEL CONDUCTO BILIAR;V04CC04;CERULETIDA
V;VARIOS;V04C;OTROS AGENTES DIAGNÓSTICOS;V04CD;PRUEBAS DE FUNCIÓN HIPOFISARIA;V04CD01;METIRAPONA
V;VARIOS;V04C;OTROS AGENTES DIAGNÓSTICOS;V04CD;PRUEBAS DE FUNCIÓN HIPOFISARIA;V04CD03;SERMORELINA
V;VARIOS;V04C;OTROS AGENTES DIAGNÓSTICOS;V04CD;PRUEBAS DE FUNCIÓN HIPOFISARIA;V04CD04;CORTICOLIBERINA
V;VARIOS;V04C;OTROS AGENTES DIAGNÓSTICOS;V04CD;PRUEBAS DE FUNCIÓN HIPOFISARIA;V04CD05;SOMATORELINA
V;VARIOS;V04C;OTROS AGENTES DIAGNÓSTICOS;V04CE;PRUEBAS PARA EVALUAR CAPACIDAD FUNCIONAL HEPÁTICA;V04CE01;GALACTOSA
V;VARIOS;V04C;OTROS AGENTES DIAGNÓSTICOS;V04CE;PRUEBAS PARA EVALUAR CAPACIDAD FUNCIONAL HEPÁTICA;V04CE02;SULFOBROMOFTALEÍNA
V;VARIOS;V04C;OTROS AGENTES DIAGNÓSTICOS;V04CF;AGENTES PARA EL DIAGNÓSTICOS DE TUBERCULOSIS;V04CF01;TUBERCULINA
V;VARIOS;V04C;OTROS AGENTES DIAGNÓSTICOS;V04CG;PRUEBAS DE SECRECIÓN GÁSTRICA;V04CG01;RESINAS DE INTERCAMBIO CATIÓNICO
V;VARIOS;V04C;OTROS AGENTES DIAGNÓSTICOS;V04CG;PRUEBAS DE SECRECIÓN GÁSTRICA;V04CG02;BETAZOL
V;VARIOS;V04C;OTROS AGENTES DIAGNÓSTICOS;V04CG;PRUEBAS DE SECRECIÓN GÁSTRICA;V04CG03;HISTAMINA FOSFATO DE
V;VARIOS;V04C;OTROS AGENTES DIAGNÓSTICOS;V04CG;PRUEBAS DE SECRECIÓN GÁSTRICA;V04CG04;PENTAGASTRINA
V;VARIOS;V04C;OTROS AGENTES DIAGNÓSTICOS;V04CG;PRUEBAS DE SECRECIÓN GÁSTRICA;V04CG05;METILTIONIMIO, CLORURO DE
V;VARIOS;V04C;OTROS AGENTES DIAGNÓSTICOS;V04CG;PRUEBAS DE SECRECIÓN GÁSTRICA;V04CG30;CAFEÍNA Y BENZOATO DE SODIO
V;VARIOS;V04C;OTROS AGENTES DIAGNÓSTICOS;V04CH;PRUEBAS DE LA FUNCIÓN RENAL Y LESIONES DE LA URETRA;V04CH01;INULINA Y OTROS POLIFRUCTOSANOS
V;VARIOS;V04C;OTROS AGENTES DIAGNÓSTICOS;V04CH;PRUEBAS DE LA FUNCIÓN RENAL Y LESIONES DE LA URETRA;V04CH02;INDIGO CARMÍN
V;VARIOS;V04C;OTROS AGENTES DIAGNÓSTICOS;V04CH;PRUEBAS DE LA FUNCIÓN RENAL Y LESIONES DE LA URETRA;V04CH03;FENOSULFOFTALEÍNA
V;VARIOS;V04C;OTROS AGENTES DIAGNÓSTICOS;V04CH;PRUEBAS DE LA FUNCIÓN RENAL Y LESIONES DE LA URETRA;V04CH04;ALSACTIDA
V;VARIOS;V04C;OTROS AGENTES DIAGNÓSTICOS;V04CH;PRUEBAS DE LA FUNCIÓN RENAL Y LESIONES DE LA URETRA;V04CH30;ÁCIDO AMINOHIPÚRICO
V;VARIOS;V04C;OTROS AGENTES DIAGNÓSTICOS;V04CJ;PRUEBAS DE FUNCIÓN TIROIDEA;V04CJ01;TIROTROPINA
V;VARIOS;V04C;OTROS AGENTES DIAGNÓSTICOS;V04CJ;PRUEBAS DE FUNCIÓN TIROIDEA;V04CJ02;PROTIRELINA
V;VARIOS;V04C;OTROS AGENTES DIAGNÓSTICOS;V04CK;PRUEBAS DE FUNCIÓN PANCREÁTICA;V04CK01;SECRETINA
V;VARIOS;V04C;OTROS AGENTES DIAGNÓSTICOS;V04CK;PRUEBAS DE FUNCIÓN PANCREÁTICA;V04CK02;PANCREOZIMINA (COLECISTOQUININA)
V;VARIOS;V04C;OTROS AGENTES DIAGNÓSTICOS;V04CK;PRUEBAS DE FUNCIÓN PANCREÁTICA;V04CK03;BENTIROMIDA
V;VARIOS;V04C;OTROS AGENTES DIAGNÓSTICOS;V04CM;PRUEBAS PARA ALTERACIONES DE LA FERTILIDAD;V04CM01;GONADORELINA
V;VARIOS;V06D;OTROS NUTRIENTES;V06DC;CARBOHIDRATOS;V06DC01;GLUCOSA
V;VARIOS;V06D;OTROS NUTRIENTES;V06DC;CARBOHIDRATOS;V06DC02;FRUCTOSA
V;VARIOS;V08A;MEDIOS DE CONTRASTE PARA RAYOS-X, IODADOS;V08AA;MEDIOS DE CONTRASTE PARA RAYOS-X DE ALTA OSMOLARIDAD, HIDROSOLUBLES Y NEFROTRÓPICOS;V08AA01;ÁCIDO DIATRIZOICO
V;VARIOS;V08A;MEDIOS DE CONTRASTE PARA RAYOS-X, IODADOS;V08AA;MEDIOS DE CONTRASTE PARA RAYOS-X DE ALTA OSMOLARIDAD, HIDROSOLUBLES Y NEFROTRÓPICOS;V08AA02;ÁCIDO METRIZOICO
V;VARIOS;V08A;MEDIOS DE CONTRASTE PARA RAYOS-X, IODADOS;V08AA;MEDIOS DE CONTRASTE PARA RAYOS-X DE ALTA OSMOLARIDAD, HIDROSOLUBLES Y NEFROTRÓPICOS;V08AA03;IODAMIDA
V;VARIOS;V08A;MEDIOS DE CONTRASTE PARA RAYOS-X, IODADOS;V08AA;MEDIOS DE CONTRASTE PARA RAYOS-X DE ALTA OSMOLARIDAD, HIDROSOLUBLES Y NEFROTRÓPICOS;V08AA04;ÁCIDO IOTALÁMICO
V;VARIOS;V08A;MEDIOS DE CONTRASTE PARA RAYOS-X, IODADOS;V08AA;MEDIOS DE CONTRASTE PARA RAYOS-X DE ALTA OSMOLARIDAD, HIDROSOLUBLES Y NEFROTRÓPICOS;V08AA05;ÁCIDO IOXITALÁMICO
V;VARIOS;V08A;MEDIOS DE CONTRASTE PARA RAYOS-X, IODADOS;V08AA;MEDIOS DE CONTRASTE PARA RAYOS-X DE ALTA OSMOLARIDAD, HIDROSOLUBLES Y NEFROTRÓPICOS;V08AA06;ÁCIDO IOGLÍCICO
V;VARIOS;V08A;MEDIOS DE CONTRASTE PARA RAYOS-X, IODADOS;V08AA;MEDIOS DE CONTRASTE PARA RAYOS-X DE ALTA OSMOLARIDAD, HIDROSOLUBLES Y NEFROTRÓPICOS;V08AA07;ÁCIDO ACETRIZOICO
V;VARIOS;V08A;MEDIOS DE CONTRASTE PARA RAYOS-X, IODADOS;V08AA;MEDIOS DE CONTRASTE PARA RAYOS-X DE ALTA OSMOLARIDAD, HIDROSOLUBLES Y NEFROTRÓPICOS;V08AA08;ÁCIDO IOCÁRMICO
V;VARIOS;V08A;MEDIOS DE CONTRASTE PARA RAYOS-X, IODADOS;V08AA;MEDIOS DE CONTRASTE PARA RAYOS-X DE ALTA OSMOLARIDAD, HIDROSOLUBLES Y NEFROTRÓPICOS;V08AA09;METIODAL
V;VARIOS;V08A;MEDIOS DE CONTRASTE PARA RAYOS-X, IODADOS;V08AA;MEDIOS DE CONTRASTE PARA RAYOS-X DE ALTA OSMOLARIDAD, HIDROSOLUBLES Y NEFROTRÓPICOS;V08AA10;DIODONA
V;VARIOS;V08A;MEDIOS DE CONTRASTE PARA RAYOS-X, IODADOS;V08AB;MEDIOS DE CONTRASTE PARA RAYOS-X DE BAJA OSMOLARIDAD, HIDROSOLUBLES Y NEFROTRÓPICOS;V08AB01;METRIZAMIDA
V;VARIOS;V08A;MEDIOS DE CONTRASTE PARA RAYOS-X, IODADOS;V08AB;MEDIOS DE CONTRASTE PARA RAYOS-X DE BAJA OSMOLARIDAD, HIDROSOLUBLES Y NEFROTRÓPICOS;V08AB02;IOHEXOL
V;VARIOS;V08A;MEDIOS DE CONTRASTE PARA RAYOS-X, IODADOS;V08AB;MEDIOS DE CONTRASTE PARA RAYOS-X DE BAJA OSMOLARIDAD, HIDROSOLUBLES Y NEFROTRÓPICOS;V08AB03;ÁCIDO IOXÁGLICO
V;VARIOS;V08A;MEDIOS DE CONTRASTE PARA RAYOS-X, IODADOS;V08AB;MEDIOS DE CONTRASTE PARA RAYOS-X DE BAJA OSMOLARIDAD, HIDROSOLUBLES Y NEFROTRÓPICOS;V08AB04;IOPAMIDOL
V;VARIOS;V08A;MEDIOS DE CONTRASTE PARA RAYOS-X, IODADOS;V08AB;MEDIOS DE CONTRASTE PARA RAYOS-X DE BAJA OSMOLARIDAD, HIDROSOLUBLES Y NEFROTRÓPICOS;V08AB05;IOPROMIDA
V;VARIOS;V08A;MEDIOS DE CONTRASTE PARA RAYOS-X, IODADOS;V08AB;MEDIOS DE CONTRASTE PARA RAYOS-X DE BAJA OSMOLARIDAD, HIDROSOLUBLES Y NEFROTRÓPICOS;V08AB06;IOTROLÁN
V;VARIOS;V08A;MEDIOS DE CONTRASTE PARA RAYOS-X, IODADOS;V08AB;MEDIOS DE CONTRASTE PARA RAYOS-X DE BAJA OSMOLARIDAD, HIDROSOLUBLES Y NEFROTRÓPICOS;V08AB07;IOVERSOL
V;VARIOS;V08A;MEDIOS DE CONTRASTE PARA RAYOS-X, IODADOS;V08AB;MEDIOS DE CONTRASTE PARA RAYOS-X DE BAJA OSMOLARIDAD, HIDROSOLUBLES Y NEFROTRÓPICOS;V08AB08;IOPENTOL
V;VARIOS;V08A;MEDIOS DE CONTRASTE PARA RAYOS-X, IODADOS;V08AB;MEDIOS DE CONTRASTE PARA RAYOS-X DE BAJA OSMOLARIDAD, HIDROSOLUBLES Y NEFROTRÓPICOS;V08AB09;IODIXANOL
V;VARIOS;V08A;MEDIOS DE CONTRASTE PARA RAYOS-X, IODADOS;V08AB;MEDIOS DE CONTRASTE PARA RAYOS-X DE BAJA OSMOLARIDAD, HIDROSOLUBLES Y NEFROTRÓPICOS;V08AB10;IOMEPROL
V;VARIOS;V08A;MEDIOS DE CONTRASTE PARA RAYOS-X, IODADOS;V08AB;MEDIOS DE CONTRASTE PARA RAYOS-X DE BAJA OSMOLARIDAD, HIDROSOLUBLES Y NEFROTRÓPICOS;V08AB11;IOBITRIDOL
V;VARIOS;V08A;MEDIOS DE CONTRASTE PARA RAYOS-X, IODADOS;V08AB;MEDIOS DE CONTRASTE PARA RAYOS-X DE BAJA OSMOLARIDAD, HIDROSOLUBLES Y NEFROTRÓPICOS;V08AB12;IOXILÁN
V;VARIOS;V08A;MEDIOS DE CONTRASTE PARA RAYOS-X, IODADOS;V08AC;MEDIOS DE CONTRASTE PARA RAYOS-X  HIDROSOLUBLES Y HEPATOTRÓPICOS;V08AC01;ÁCIDO IODOXÁMICO
V;VARIOS;V08A;MEDIOS DE CONTRASTE PARA RAYOS-X, IODADOS;V08AC;MEDIOS DE CONTRASTE PARA RAYOS-X  HIDROSOLUBLES Y HEPATOTRÓPICOS;V08AC02;ÁCIDO IOTRÓXICO
V;VARIOS;V08A;MEDIOS DE CONTRASTE PARA RAYOS-X, IODADOS;V08AC;MEDIOS DE CONTRASTE PARA RAYOS-X  HIDROSOLUBLES Y HEPATOTRÓPICOS;V08AC03;ÁCIDO IOGLICÁMICO
V;VARIOS;V08A;MEDIOS DE CONTRASTE PARA RAYOS-X, IODADOS;V08AC;MEDIOS DE CONTRASTE PARA RAYOS-X  HIDROSOLUBLES Y HEPATOTRÓPICOS;V08AC04;ADIPIODONA
V;VARIOS;V08A;MEDIOS DE CONTRASTE PARA RAYOS-X, IODADOS;V08AC;MEDIOS DE CONTRASTE PARA RAYOS-X  HIDROSOLUBLES Y HEPATOTRÓPICOS;V08AC05;ÁCIDO IOBENZÁMICO
V;VARIOS;V08A;MEDIOS DE CONTRASTE PARA RAYOS-X, IODADOS;V08AC;MEDIOS DE CONTRASTE PARA RAYOS-X  HIDROSOLUBLES Y HEPATOTRÓPICOS;V08AC06;ÁCIDO IOPANOICO
V;VARIOS;V08A;MEDIOS DE CONTRASTE PARA RAYOS-X, IODADOS;V08AC;MEDIOS DE CONTRASTE PARA RAYOS-X  HIDROSOLUBLES Y HEPATOTRÓPICOS;V08AC07;ÁCIDO IOCETÁMICO
V;VARIOS;V08A;MEDIOS DE CONTRASTE PARA RAYOS-X, IODADOS;V08AC;MEDIOS DE CONTRASTE PARA RAYOS-X  HIDROSOLUBLES Y HEPATOTRÓPICOS;V08AC08;IOPODATO DE SODIO
V;VARIOS;V08A;MEDIOS DE CONTRASTE PARA RAYOS-X, IODADOS;V08AC;MEDIOS DE CONTRASTE PARA RAYOS-X  HIDROSOLUBLES Y HEPATOTRÓPICOS;V08AC09;ÁCIDO TIROPANOICO
V;VARIOS;V08A;MEDIOS DE CONTRASTE PARA RAYOS-X, IODADOS;V08AC;MEDIOS DE CONTRASTE PARA RAYOS-X  HIDROSOLUBLES Y HEPATOTRÓPICOS;V08AC10;IOPODATO DE CALCIO
V;VARIOS;V08A;MEDIOS DE CONTRASTE PARA RAYOS-X, IODADOS;V08AD;MEDIOS DE CONTRASTE PARA RAYOS-X NO HIDROSOLUBLES;V08AD01;ÉSTERES ETÍLICOS DE ÁCIDOS GRASOS
V;VARIOS;V08A;MEDIOS DE CONTRASTE PARA RAYOS-X, IODADOS;V08AD;MEDIOS DE CONTRASTE PARA RAYOS-X NO HIDROSOLUBLES;V08AD02;IOPIDOL
V;VARIOS;V08A;MEDIOS DE CONTRASTE PARA RAYOS-X, IODADOS;V08AD;MEDIOS DE CONTRASTE PARA RAYOS-X NO HIDROSOLUBLES;V08AD03;PROPILIODONA
V;VARIOS;V08A;MEDIOS DE CONTRASTE PARA RAYOS-X, IODADOS;V08AD;MEDIOS DE CONTRASTE PARA RAYOS-X NO HIDROSOLUBLES;V08AD04;IOFENDILATO
V;VARIOS;V08B;MEDIOS DE CONTRASTE PARA RAYOS-X, NO IODADOS;V08BA;MEDIOS DE CONTRASTE PARA RAYOS-X QUE CONTIENEN SULFATO DE BARIO;V08BA01;SULFATO DE BARIO CON AGENTES EN SUSPENSIÓN
V;VARIOS;V08B;MEDIOS DE CONTRASTE PARA RAYOS-X, NO IODADOS;V08BA;MEDIOS DE CONTRASTE PARA RAYOS-X QUE CONTIENEN SULFATO DE BARIO;V08BA02;SULFATO DE BARIO SIN AGENTES EN SUSPENSIÓN
V;VARIOS;V08C;MEDIOS DE CONTRASTE PARA ÍMÁGENES DE RESONANCIA MAGNÉTICA;V08CA;MEDIOS DE CONTRASTE PARAMAGNÉTICOS;V08CA01;ÁCIDO GADOPENTÉTICO
V;VARIOS;V08C;MEDIOS DE CONTRASTE PARA ÍMÁGENES DE RESONANCIA MAGNÉTICA;V08CA;MEDIOS DE CONTRASTE PARAMAGNÉTICOS;V08CA02;ÁCIDO GADOTÉRICO
V;VARIOS;V08C;MEDIOS DE CONTRASTE PARA ÍMÁGENES DE RESONANCIA MAGNÉTICA;V08CA;MEDIOS DE CONTRASTE PARAMAGNÉTICOS;V08CA03;GADODIAMIDA
V;VARIOS;V08C;MEDIOS DE CONTRASTE PARA ÍMÁGENES DE RESONANCIA MAGNÉTICA;V08CA;MEDIOS DE CONTRASTE PARAMAGNÉTICOS;V08CA04;GADOTERIDOL
V;VARIOS;V08C;MEDIOS DE CONTRASTE PARA ÍMÁGENES DE RESONANCIA MAGNÉTICA;V08CA;MEDIOS DE CONTRASTE PARAMAGNÉTICOS;V08CA05;MANGAFODIPIR
V;VARIOS;V08C;MEDIOS DE CONTRASTE PARA ÍMÁGENES DE RESONANCIA MAGNÉTICA;V08CA;MEDIOS DE CONTRASTE PARAMAGNÉTICOS;V08CA06;GADOVERSETAMIDA
V;VARIOS;V08C;MEDIOS DE CONTRASTE PARA ÍMÁGENES DE RESONANCIA MAGNÉTICA;V08CA;MEDIOS DE CONTRASTE PARAMAGNÉTICOS;V08CA07;FÉRRICO AMONIO CITRATO
V;VARIOS;V08C;MEDIOS DE CONTRASTE PARA ÍMÁGENES DE RESONANCIA MAGNÉTICA;V08CA;MEDIOS DE CONTRASTE PARAMAGNÉTICOS;V08CA08;ÁCIDO GADOBÉNICO
V;VARIOS;V08C;MEDIOS DE CONTRASTE PARA ÍMÁGENES DE RESONANCIA MAGNÉTICA;V08CA;MEDIOS DE CONTRASTE PARAMAGNÉTICOS;V08CA09;GADOBUTROL
V;VARIOS;V08C;MEDIOS DE CONTRASTE PARA ÍMÁGENES DE RESONANCIA MAGNÉTICA;V08CA;MEDIOS DE CONTRASTE PARAMAGNÉTICOS;V08CA10;ÁCIDO GADOXÉTICO
V;VARIOS;V08C;MEDIOS DE CONTRASTE PARA ÍMÁGENES DE RESONANCIA MAGNÉTICA;V08CA;MEDIOS DE CONTRASTE PARAMAGNÉTICOS;V08CA11;GADOFOSVESET
V;VARIOS;V08C;MEDIOS DE CONTRASTE PARA ÍMÁGENES DE RESONANCIA MAGNÉTICA;V08CB;MEDIOS DE CONTRASTE SUPERPARAMAGNÉTICOS;V08CB01;FERUMOXSIL
V;VARIOS;V08C;MEDIOS DE CONTRASTE PARA ÍMÁGENES DE RESONANCIA MAGNÉTICA;V08CB;MEDIOS DE CONTRASTE SUPERPARAMAGNÉTICOS;V08CB02;FERRISTENO
V;VARIOS;V08C;MEDIOS DE CONTRASTE PARA ÍMÁGENES DE RESONANCIA MAGNÉTICA;V08CB;MEDIOS DE CONTRASTE SUPERPARAMAGNÉTICOS;V08CB03;ÓXIDO DE IODO, NANOPARTÍCULAS
V;VARIOS;V08C;MEDIOS DE CONTRASTE PARA ÍMÁGENES DE RESONANCIA MAGNÉTICA;V08CX;OTROS MEDIOS DE CONTRASTE PARA IMÁGENES DE RESONANCIA MAGNÉTICA;V08CX01;PERFLUBRÓN
V;VARIOS;V08D;MEDIOS DE CONTRASTE PARA ULTRASONIDO;V08DA;MEDIOS DE CONTRASTE PARA ULTRASONIDO;V08DA01;ALBÚMINA HUMANA, MICROESFERAS DE
V;VARIOS;V08D;MEDIOS DE CONTRASTE PARA ULTRASONIDO;V08DA;MEDIOS DE CONTRASTE PARA ULTRASONIDO;V08DA02;GALACTOSA, MICROPARTÍCULAS DE
V;VARIOS;V08D;MEDIOS DE CONTRASTE PARA ULTRASONIDO;V08DA;MEDIOS DE CONTRASTE PARA ULTRASONIDO;V08DA03;PERFLENAPENT
V;VARIOS;V08D;MEDIOS DE CONTRASTE PARA ULTRASONIDO;V08DA;MEDIOS DE CONTRASTE PARA ULTRASONIDO;V08DA04;FOSFOLÍPIDOS, MICROESFERAS DE
V;VARIOS;V08D;MEDIOS DE CONTRASTE PARA ULTRASONIDO;V08DA;MEDIOS DE CONTRASTE PARA ULTRASONIDO;V08DA05;AZUFRE DE HEXAFLUORURO
V;VARIOS;V09A;SISTEMA NERVIOSO CENTRAL;V09AA;COMPUESTOS CON TECNECIO (99MTC);V09AA01;TECNECIO (99MTC) EXAMETACIMA
V;VARIOS;V09A;SISTEMA NERVIOSO CENTRAL;V09AA;COMPUESTOS CON TECNECIO (99MTC);V09AA02;TECNECIO (99MTC), BICISATO DE
V;VARIOS;V09A;SISTEMA NERVIOSO CENTRAL;V09AB;COMPUESTOS CON IODO (123I);V09AB01;IODO (123I) IOFETAMINA
V;VARIOS;V09A;SISTEMA NERVIOSO CENTRAL;V09AB;COMPUESTOS CON IODO (123I);V09AB02;IODO (123I) JOLOPRIDA
V;VARIOS;V09A;SISTEMA NERVIOSO CENTRAL;V09AB;COMPUESTOS CON IODO (123I);V09AB03;IODO (123I) IOFLUPANO
V;VARIOS;V09A;SISTEMA NERVIOSO CENTRAL;V09AX;OTROS RADIOFARMACÉUTICOS PARA EL DIAGNÓSTICO DEL SISTEMA NERVIOSO CENTRAL;V09AX01;INDIO (111IN), PENTETATO DE
V;VARIOS;V09A;SISTEMA NERVIOSO CENTRAL;V09AX;OTROS RADIOFARMACÉUTICOS PARA EL DIAGNÓSTICO DEL SISTEMA NERVIOSO CENTRAL;V09AX03;IODURO (124I) 2BETA-CARBOMETOXI-3BETA-(4 IODOFENIL)-TROPANO
V;VARIOS;V09A;SISTEMA NERVIOSO CENTRAL;V09AX;OTROS RADIOFARMACÉUTICOS PARA EL DIAGNÓSTICO DEL SISTEMA NERVIOSO CENTRAL;V09AX04;FLUTEMETAMOL (18F)
V;VARIOS;V09A;SISTEMA NERVIOSO CENTRAL;V09AX;OTROS RADIOFARMACÉUTICOS PARA EL DIAGNÓSTICO DEL SISTEMA NERVIOSO CENTRAL;V09AX05;FLORBETAPIR (18F)
V;VARIOS;V09B;ESQUELETO;V09BA;COMPUESTOS CON TECNECIO (99MTC);V09BA01;TECNECIO (99MTC) ÁCIDO OXIDRÓNICO
V;VARIOS;V09B;ESQUELETO;V09BA;COMPUESTOS CON TECNECIO (99MTC);V09BA02;TECNECIO (99MTC) ÁCIDO MEDRÓNICO
V;VARIOS;V09B;ESQUELETO;V09BA;COMPUESTOS CON TECNECIO (99MTC);V09BA03;TECNECIO (99MTC), PIROFOSFATO DE
V;VARIOS;V09B;ESQUELETO;V09BA;COMPUESTOS CON TECNECIO (99MTC);V09BA04;TECNECIO (99MTC) ÁCIDO BUTEDRÓNICO
V;VARIOS;V09C;SISTEMA RENAL;V09CA;COMPUESTOS CON TECNECIO (99MTC);V09CA01;TECNECIO (99MTC) ÁCIDO PENTÉTICO
V;VARIOS;V09C;SISTEMA RENAL;V09CA;COMPUESTOS CON TECNECIO (99MTC);V09CA02;TECNECIO (99MTC) SUCCÍMERO
V;VARIOS;V09C;SISTEMA RENAL;V09CA;COMPUESTOS CON TECNECIO (99MTC);V09CA03;TECNECIO (99MTC) MERTIÁTIDO
V;VARIOS;V09C;SISTEMA RENAL;V09CA;COMPUESTOS CON TECNECIO (99MTC);V09CA04;TECNECIO (99MTC), GLUCOHEPTONATO DE
V;VARIOS;V09C;SISTEMA RENAL;V09CA;COMPUESTOS CON TECNECIO (99MTC);V09CA05;TECNECIO (99MTC), GLUCONATO DE
V;VARIOS;V09C;SISTEMA RENAL;V09CA;COMPUESTOS CON TECNECIO (99MTC);V09CA06;TECNECIO (99MTC) ETILENDICYSTEINA
V;VARIOS;V09C;SISTEMA RENAL;V09CX;OTROS PRODUCTOS RADIOFARMACÉUTICOS PARA EL DIAGNÓSTICOS DEL SISTEMA RENAL;V09CX01;IODOHIPURATO DE SODIO (123I)
V;VARIOS;V09C;SISTEMA RENAL;V09CX;OTROS PRODUCTOS RADIOFARMACÉUTICOS PARA EL DIAGNÓSTICOS DEL SISTEMA RENAL;V09CX02;IODOHIPURATO DE SODIO (131I)
V;VARIOS;V09C;SISTEMA RENAL;V09CX;OTROS PRODUCTOS RADIOFARMACÉUTICOS PARA EL DIAGNÓSTICOS DEL SISTEMA RENAL;V09CX03;IOTALAMATO DE SODIO (125I)
V;VARIOS;V09C;SISTEMA RENAL;V09CX;OTROS PRODUCTOS RADIOFARMACÉUTICOS PARA EL DIAGNÓSTICOS DEL SISTEMA RENAL;V09CX04;CROMO(51CR), EDETATO DE
V;VARIOS;V09D;HÍGADO Y SISTEMA RETÍCULO ENDOTELIAL;V09DA;COMPUESTOS CON TECNECIO (99MTC);V09DA01;TECNECIO (99MTC) DISOFENINA
V;VARIOS;V09D;HÍGADO Y SISTEMA RETÍCULO ENDOTELIAL;V09DA;COMPUESTOS CON TECNECIO (99MTC);V09DA02;TECNECIO (99MTC) ETIFENINA
V;VARIOS;V09D;HÍGADO Y SISTEMA RETÍCULO ENDOTELIAL;V09DA;COMPUESTOS CON TECNECIO (99MTC);V09DA03;TECNECIO (99MTC) LIDOFENINA
V;VARIOS;V09D;HÍGADO Y SISTEMA RETÍCULO ENDOTELIAL;V09DA;COMPUESTOS CON TECNECIO (99MTC);V09DA04;TECNECIO (99MTC) MEBROFENINA
V;VARIOS;V09D;HÍGADO Y SISTEMA RETÍCULO ENDOTELIAL;V09DA;COMPUESTOS CON TECNECIO (99MTC);V09DA05;TECNECIO (99MTC) GALTIFENINA
V;VARIOS;V09D;HÍGADO Y SISTEMA RETÍCULO ENDOTELIAL;V09DB;PARTÍCULAS Y COLOIDES CON TECNECIO (99MTC);V09DB01;TECNECIO (99MTC) NANOCOLOIDAL
V;VARIOS;V09D;HÍGADO Y SISTEMA RETÍCULO ENDOTELIAL;V09DB;PARTÍCULAS Y COLOIDES CON TECNECIO (99MTC);V09DB02;TECNECIO (99MTC) MICROCOLOIDAL
V;VARIOS;V09D;HÍGADO Y SISTEMA RETÍCULO ENDOTELIAL;V09DB;PARTÍCULAS Y COLOIDES CON TECNECIO (99MTC);V09DB03;TECNECIO (99MTC) MILIMICROESFERAS
V;VARIOS;V09D;HÍGADO Y SISTEMA RETÍCULO ENDOTELIAL;V09DB;PARTÍCULAS Y COLOIDES CON TECNECIO (99MTC);V09DB04;TECNECIO (99MTC) LÁMINA COLOIDE
V;VARIOS;V09D;HÍGADO Y SISTEMA RETÍCULO ENDOTELIAL;V09DB;PARTÍCULAS Y COLOIDES CON TECNECIO (99MTC);V09DB05;TECNECIO (99MTC) AZUFRE COLIDE
V;VARIOS;V09D;HÍGADO Y SISTEMA RETÍCULO ENDOTELIAL;V09DB;PARTÍCULAS Y COLOIDES CON TECNECIO (99MTC);V09DB06;TECNECIO (99MTC) RENIOSULFURO
V;VARIOS;V09D;HÍGADO Y SISTEMA RETÍCULO ENDOTELIAL;V09DB;PARTÍCULAS Y COLOIDES CON TECNECIO (99MTC);V09DB07;TECNECIO (99MTC) FITATO
V;VARIOS;V09D;HÍGADO Y SISTEMA RETÍCULO ENDOTELIAL;V09DX;OTROS RADIOFARMACÉUTICOS DIAGNÓSTICOS PARA EL HÍGADO Y EL SISTEMA RETÍCULO ENDOTELIAL;V09DX01;SELENIO (75SE) ACIDO TAUROSELCÓLICO
V;VARIOS;V09E;SISTEMA RESPIRATORIO;V09EA;INHALACIONES CON TECNECIO (99MTC);V09EA01;TECNECIO (99MTC) ÁCIDO PENTÉTICO
V;VARIOS;V09E;SISTEMA RESPIRATORIO;V09EA;INHALACIONES CON TECNECIO (99MTC);V09EA02;TECNECIO (99MTC) TECNEGAS
V;VARIOS;V09E;SISTEMA RESPIRATORIO;V09EA;INHALACIONES CON TECNECIO (99MTC);V09EA03;TECNECIO (99MTC) NANOCOLOIDAL
V;VARIOS;V09E;SISTEMA RESPIRATORIO;V09EB;PARTÍCULAS DE TECNECIO (99MTC)  PARA INYECCIÓN;V09EB01;TECNECIO (99MTC) MACROSALB
V;VARIOS;V09E;SISTEMA RESPIRATORIO;V09EB;PARTÍCULAS DE TECNECIO (99MTC)  PARA INYECCIÓN;V09EB02;TECNECIO (99MTC) MICROESFERAS
V;VARIOS;V09E;SISTEMA RESPIRATORIO;V09EX;OTROS RADIOFARMACÉUTICOS PARA EL DIAGNÓSTICOS DEL SISTEMA RESPIRATORIO;V09EX01;CRIPTÓN(81MKR) GAS
V;VARIOS;V09E;SISTEMA RESPIRATORIO;V09EX;OTROS RADIOFARMACÉUTICOS PARA EL DIAGNÓSTICOS DEL SISTEMA RESPIRATORIO;V09EX02;XENÓN (127XE) GAS
V;VARIOS;V09E;SISTEMA RESPIRATORIO;V09EX;OTROS RADIOFARMACÉUTICOS PARA EL DIAGNÓSTICOS DEL SISTEMA RESPIRATORIO;V09EX03;XENÓN (133XE) GAS
V;VARIOS;V09F;TIROIDES;V09FX;PRODUCTOS RADIOFARMACÉUTICOS PARA EL DIAGNÓSTICOS DE LA TIROIDES, VARIOS;V09FX01;TECNECIO (99MTC), PERTECNETATO DE
V;VARIOS;V09F;TIROIDES;V09FX;PRODUCTOS RADIOFARMACÉUTICOS PARA EL DIAGNÓSTICOS DE LA TIROIDES, VARIOS;V09FX02;IODURO DE SODIO (123I)
V;VARIOS;V09F;TIROIDES;V09FX;PRODUCTOS RADIOFARMACÉUTICOS PARA EL DIAGNÓSTICOS DE LA TIROIDES, VARIOS;V09FX03;IODURO DE SODIO (131I)
V;VARIOS;V09F;TIROIDES;V09FX;PRODUCTOS RADIOFARMACÉUTICOS PARA EL DIAGNÓSTICOS DE LA TIROIDES, VARIOS;V09FX04;IODURO (124I) DE SODIO
V;VARIOS;V09G;SISTEMA CARDIOVASCULAR;V09GA;COMPUESTOS CON TECNECIO (99MTC);V09GA01;TECNECIO (99MTC) SESTAMIBI
V;VARIOS;V09G;SISTEMA CARDIOVASCULAR;V09GA;COMPUESTOS CON TECNECIO (99MTC);V09GA02;TECNECIO (99MTC) TETROFOSMINA
V;VARIOS;V09G;SISTEMA CARDIOVASCULAR;V09GA;COMPUESTOS CON TECNECIO (99MTC);V09GA03;TECNECIO (99MTC) TEBOROXIMA
V;VARIOS;V09G;SISTEMA CARDIOVASCULAR;V09GA;COMPUESTOS CON TECNECIO (99MTC);V09GA04;TECNECIO (99MTC) ALBÚMINA HUMANA
V;VARIOS;V09G;SISTEMA CARDIOVASCULAR;V09GA;COMPUESTOS CON TECNECIO (99MTC);V09GA05;TECNECIO (99MTC), FURIFOSMINA DE
V;VARIOS;V09G;SISTEMA CARDIOVASCULAR;V09GA;COMPUESTOS CON TECNECIO (99MTC);V09GA06;TECNECIO (99MTC) CÉLULAS MARCADAS CON ESTAÑO
V;VARIOS;V09G;SISTEMA CARDIOVASCULAR;V09GA;COMPUESTOS CON TECNECIO (99MTC);V09GA07;TECNECIO (99MTC) APCITIDA
V;VARIOS;V09G;SISTEMA CARDIOVASCULAR;V09GB;COMPUESTOS CON IODO (125I);V09GB01;FIBRINÓGENO (125I)
V;VARIOS;V09G;SISTEMA CARDIOVASCULAR;V09GB;COMPUESTOS CON IODO (125I);V09GB02;IODO (125I) ALBÚMINA HUMANA
V;VARIOS;V09G;SISTEMA CARDIOVASCULAR;V09GX;OTROS RADIOFARMACÉUTICOS PARA EL DIAGNÓSTICOS DEL SISTEMA CARDIOVASCULAR;V09GX01;TALIO (201TL), CLORURO DE
V;VARIOS;V09G;SISTEMA CARDIOVASCULAR;V09GX;OTROS RADIOFARMACÉUTICOS PARA EL DIAGNÓSTICOS DEL SISTEMA CARDIOVASCULAR;V09GX02;INDIO (111IN) IMCIROMAB
V;VARIOS;V09G;SISTEMA CARDIOVASCULAR;V09GX;OTROS RADIOFARMACÉUTICOS PARA EL DIAGNÓSTICOS DEL SISTEMA CARDIOVASCULAR;V09GX03;CROMO (51CR), CÉLULAS MARCADAS CON
V;VARIOS;V09G;SISTEMA CARDIOVASCULAR;V09GX;OTROS RADIOFARMACÉUTICOS PARA EL DIAGNÓSTICOS DEL SISTEMA CARDIOVASCULAR;V09GX04;RUBIDIUM(82RB) CLORURO DE
V;VARIOS;V09H;DETECCIÓN DE INFLAMACIÓN E INFECCIONES;V09HA;COMPUESTOS CON TECNECIO (99MTC);V09HA01;TECNECIO (99MTC) INMUNOGLOBULINA HUMANA
V;VARIOS;V09H;DETECCIÓN DE INFLAMACIÓN E INFECCIONES;V09HA;COMPUESTOS CON TECNECIO (99MTC);V09HA02;TECNECIO (99MTC) EXAMETAZIMA, CÉLULAS MARCADAS CON
V;VARIOS;V09H;DETECCIÓN DE INFLAMACIÓN E INFECCIONES;V09HA;COMPUESTOS CON TECNECIO (99MTC);V09HA03;TECNECIO (99MTC) ANTICUERPOS ANTIGRANULOCITOS
V;VARIOS;V09H;DETECCIÓN DE INFLAMACIÓN E INFECCIONES;V09HA;COMPUESTOS CON TECNECIO (99MTC);V09HA04;TECNECIO (99MTC) SULESOMAB
V;VARIOS;V09H;DETECCIÓN DE INFLAMACIÓN E INFECCIONES;V09HB;COMPUESTOS CON INDIO (111IN);V09HB01;INDIO (111IN), OXINATO DE, CÉLULAS MARCADAS CON
V;VARIOS;V09H;DETECCIÓN DE INFLAMACIÓN E INFECCIONES;V09HB;COMPUESTOS CON INDIO (111IN);V09HB02;INDIO (111IN), TROPOLONATO DE, CÉLULAS MARCADAS CON
V;VARIOS;V09H;DETECCIÓN DE INFLAMACIÓN E INFECCIONES;V09HX;OTROS PRODUCTOS RADIOFARMACÉUTICOS PARA LA DETECCIÓN DE LA INFLAMACIÓN Y LAS INFECCIONES;V09HX01;GALIO (67GA), CITRATO DE
V;VARIOS;V09I;DETECCIÓN DE TUMORES;V09IA;COMPUESTOS CON TECNECIO (99MTC);V09IA01;TECNECIO (99MTC) ANTICUERPO CONTRA ANTÍGENO CARCINOEMBRIONARIO
V;VARIOS;V09I;DETECCIÓN DE TUMORES;V09IA;COMPUESTOS CON TECNECIO (99MTC);V09IA02;TECNECIO (99MTC) ANTICUERPO ANTIMELANOMA
V;VARIOS;V09I;DETECCIÓN DE TUMORES;V09IA;COMPUESTOS CON TECNECIO (99MTC);V09IA03;TECNECIO (99MTC) SUCCÍMERO PENTAVALENTE
V;VARIOS;V09I;DETECCIÓN DE TUMORES;V09IA;COMPUESTOS CON TECNECIO (99MTC);V09IA04;TECNECIO (99MTC) VOTUMUMAB
V;VARIOS;V09I;DETECCIÓN DE TUMORES;V09IA;COMPUESTOS CON TECNECIO (99MTC);V09IA05;TECNECIO (99MTC) DEPREOTIDA
V;VARIOS;V09I;DETECCIÓN DE TUMORES;V09IA;COMPUESTOS CON TECNECIO (99MTC);V09IA06;TECNECIO (99MTC) ARCITUMOMAB
V;VARIOS;V09I;DETECCIÓN DE TUMORES;V09IA;COMPUESTOS CON TECNECIO (99MTC);V09IA07;TECNECIO (99MTC) HYNIO-OCTREOTIDA
V;VARIOS;V09I;DETECCIÓN DE TUMORES;V09IA;COMPUESTOS CON TECNECIO (99MTC);V09IA08;TECNECIO(99MTC) ETARFOLATIDA
V;VARIOS;V09I;DETECCIÓN DE TUMORES;V09IA;COMPUESTOS CON TECNECIO (99MTC);V09IA09;TECNECIO(99MTC) TILMANOCEPT
V;VARIOS;V09I;DETECCIÓN DE TUMORES;V09IB;COMPUESTOS CON INDIO (111IN);V09IB01;INDIO (111IN) PENTETREÓTIDO
V;VARIOS;V09I;DETECCIÓN DE TUMORES;V09IB;COMPUESTOS CON INDIO (111IN);V09IB02;INDIO (111IN) SATUMOMAB PENTÉTIDO
V;VARIOS;V09I;DETECCIÓN DE TUMORES;V09IB;COMPUESTOS CON INDIO (111IN);V09IB03;INDIO (111IN) ANTICUERPO ANTICARCINOMA DE OVARIO
V;VARIOS;V09I;DETECCIÓN DE TUMORES;V09IB;COMPUESTOS CON INDIO (111IN);V09IB04;INDIO (111IN) CAPROMAB PENDETIDO
V;VARIOS;V09I;DETECCIÓN DE TUMORES;V09IX;OTROS PRODUCTOS RADIOFARMACÉUTICOS PARA LA DETECCIÓN DE TUMORES;V09IX01;IOBENGUANO (123I)
V;VARIOS;V09I;DETECCIÓN DE TUMORES;V09IX;OTROS PRODUCTOS RADIOFARMACÉUTICOS PARA LA DETECCIÓN DE TUMORES;V09IX02;IOBENGUANO (131I)
V;VARIOS;V09I;DETECCIÓN DE TUMORES;V09IX;OTROS PRODUCTOS RADIOFARMACÉUTICOS PARA LA DETECCIÓN DE TUMORES;V09IX03;IODO (125I) CC49-ANTICUERPO MONOCLONAL
V;VARIOS;V09I;DETECCIÓN DE TUMORES;V09IX;OTROS PRODUCTOS RADIOFARMACÉUTICOS PARA LA DETECCIÓN DE TUMORES;V09IX04;FLUODEOXIGLUCOSA (18F)
V;VARIOS;V09I;DETECCIÓN DE TUMORES;V09IX;OTROS PRODUCTOS RADIOFARMACÉUTICOS PARA LA DETECCIÓN DE TUMORES;V09IX05;FLUORODOPA (18F)
V;VARIOS;V09I;DETECCIÓN DE TUMORES;V09IX;OTROS PRODUCTOS RADIOFARMACÉUTICOS PARA LA DETECCIÓN DE TUMORES;V09IX06;FLORURO (18F) DE SODIO
V;VARIOS;V09I;DETECCIÓN DE TUMORES;V09IX;OTROS PRODUCTOS RADIOFARMACÉUTICOS PARA LA DETECCIÓN DE TUMORES;V09IX07;FLUOROMETILCOLINA (18F)
V;VARIOS;V09I;DETECCIÓN DE TUMORES;V09IX;OTROS PRODUCTOS RADIOFARMACÉUTICOS PARA LA DETECCIÓN DE TUMORES;V09IX08;FLUOROETILCOLINA (18F)
V;VARIOS;V09X;OTROS PRODUCTOS RADIOFARMACÉUTICOS PARA DIAGNÓSTICOS;V09XA;COMPUESTOS CON IODO (131I);V09XA01;IODO (131I) NORCOLESTEROL
V;VARIOS;V09X;OTROS PRODUCTOS RADIOFARMACÉUTICOS PARA DIAGNÓSTICOS;V09XA;COMPUESTOS CON IODO (131I);V09XA02;IODOCOLESTEROL (131I)
V;VARIOS;V09X;OTROS PRODUCTOS RADIOFARMACÉUTICOS PARA DIAGNÓSTICOS;V09XA;COMPUESTOS CON IODO (131I);V09XA03;IODO (131I) ALBÚMINA HUMANA
V;VARIOS;V09X;OTROS PRODUCTOS RADIOFARMACÉUTICOS PARA DIAGNÓSTICOS;V09XX;PRODUCTOS RADIOFARMACÉUTICOS PARA DIAGNÓSTICO, VARIOS;V09XX01;COBALTO (57CO) CIANOCOBALAMINA
V;VARIOS;V09X;OTROS PRODUCTOS RADIOFARMACÉUTICOS PARA DIAGNÓSTICOS;V09XX;PRODUCTOS RADIOFARMACÉUTICOS PARA DIAGNÓSTICO, VARIOS;V09XX02;COBALTO (58CO) CIANOCOBALAMINA
V;VARIOS;V09X;OTROS PRODUCTOS RADIOFARMACÉUTICOS PARA DIAGNÓSTICOS;V09XX;PRODUCTOS RADIOFARMACÉUTICOS PARA DIAGNÓSTICO, VARIOS;V09XX03;SELENIO (75SE) NORCOLESTEROL
V;VARIOS;V09X;OTROS PRODUCTOS RADIOFARMACÉUTICOS PARA DIAGNÓSTICOS;V09XX;PRODUCTOS RADIOFARMACÉUTICOS PARA DIAGNÓSTICO, VARIOS;V09XX04;FÉRRICO (59FE) CITRATO
V;VARIOS;V10A;AGENTES ANTIINFLAMATORIOS;V10AA;COMPUESTOS CON ITRIO (90Y);V10AA01;ITRIO (90Y) CITRATO COLOIDAL
V;VARIOS;V10A;AGENTES ANTIINFLAMATORIOS;V10AA;COMPUESTOS CON ITRIO (90Y);V10AA02;ITRIO (90Y) COLOIDE FERROHIDRÓXIDO
V;VARIOS;V10A;AGENTES ANTIINFLAMATORIOS;V10AA;COMPUESTOS CON ITRIO (90Y);V10AA03;ITRIO (90Y) SILICATO COLOIDAL
V;VARIOS;V10A;AGENTES ANTIINFLAMATORIOS;V10AX;OTROS PRODUCTOS RADIOFARMACÉUTICOS ANTIINFLAMATORIOS;V10AX01;FÓSFORO (32P) FOSFATO CRÓMICO COLOIDAL
V;VARIOS;V10A;AGENTES ANTIINFLAMATORIOS;V10AX;OTROS PRODUCTOS RADIOFARMACÉUTICOS ANTIINFLAMATORIOS;V10AX02;SAMARIO (153SM) HIDROXIAPATITA COLOIDAL
V;VARIOS;V10A;AGENTES ANTIINFLAMATORIOS;V10AX;OTROS PRODUCTOS RADIOFARMACÉUTICOS ANTIINFLAMATORIOS;V10AX03;DISPROSIO (165DY) COLOIDAL
V;VARIOS;V10A;AGENTES ANTIINFLAMATORIOS;V10AX;OTROS PRODUCTOS RADIOFARMACÉUTICOS ANTIINFLAMATORIOS;V10AX04;ERBIO (169ER) CITRATO COLOIDAL
V;VARIOS;V10A;AGENTES ANTIINFLAMATORIOS;V10AX;OTROS PRODUCTOS RADIOFARMACÉUTICOS ANTIINFLAMATORIOS;V10AX05;RENIO (186RE) SULFURO COLOIDAL
V;VARIOS;V10A;AGENTES ANTIINFLAMATORIOS;V10AX;OTROS PRODUCTOS RADIOFARMACÉUTICOS ANTIINFLAMATORIOS;V10AX06;ORO (198AU) COLOIDAL
V;VARIOS;V10B;PALIACIÓN DEL DOLOR (AGENTES CON TROPISMO ÓSEO);V10BX;PRODUCTOS RADIOFARMACÉUTICOS PARA LA PALIACIÓN DEL DOLOR, VARIOS;V10BX01;ESTRONCIO (89SR) CLORURO DE
V;VARIOS;V10B;PALIACIÓN DEL DOLOR (AGENTES CON TROPISMO ÓSEO);V10BX;PRODUCTOS RADIOFARMACÉUTICOS PARA LA PALIACIÓN DEL DOLOR, VARIOS;V10BX02;SAMARIO (153SM) LEXIDRONAM
V;VARIOS;V10B;PALIACIÓN DEL DOLOR (AGENTES CON TROPISMO ÓSEO);V10BX;PRODUCTOS RADIOFARMACÉUTICOS PARA LA PALIACIÓN DEL DOLOR, VARIOS;V10BX03;RENIO (186RE) ÁCIDO ETIDRÓNICO
V;VARIOS;V10X;OTROS PRODUCTOS RADIOFARMACÉUTICOS TERAPÉUTICOS;V10XA;COMPUESTOS CON IODO (131I);V10XA01;IODURO DE SODIO (131I)
V;VARIOS;V10X;OTROS PRODUCTOS RADIOFARMACÉUTICOS TERAPÉUTICOS;V10XA;COMPUESTOS CON IODO (131I);V10XA02;IOBENGUANO (131I)
V;VARIOS;V10X;OTROS PRODUCTOS RADIOFARMACÉUTICOS TERAPÉUTICOS;V10XA;COMPUESTOS CON IODO (131I);V10XA53;TOSITUMOMAB/IODO (131I) TOSITUMOMAB
V;VARIOS;V10X;OTROS PRODUCTOS RADIOFARMACÉUTICOS TERAPÉUTICOS;V10XX;PRODUCTOS RADIOFARMACÉUTICOS TERAPÉUTICOS, VARIOS;V10XX01;FOSFATO DE SODIO (32P)
V;VARIOS;V10X;OTROS PRODUCTOS RADIOFARMACÉUTICOS TERAPÉUTICOS;V10XX;PRODUCTOS RADIOFARMACÉUTICOS TERAPÉUTICOS, VARIOS;V10XX02;IBRITUMOMAB TIUXETÁN [90Y]
V;VARIOS;V10X;OTROS PRODUCTOS RADIOFARMACÉUTICOS TERAPÉUTICOS;V10XX;PRODUCTOS RADIOFARMACÉUTICOS TERAPÉUTICOS, VARIOS;V10XX03;DICLORURO DE RADIO (223 RA)
